ISO-10303-21;
HEADER;
/* Generated by software containing ST-Developer
 * from STEP Tools, Inc. (www.steptools.com) 
 */

FILE_DESCRIPTION(
/* description */ (''),
/* implementation_level */ '2;1');

FILE_NAME(
/* name */ 'Bracket N20 V2.step',
/* time_stamp */ '2026-01-18T16:42:00-03:00',
/* author */ (''),
/* organization */ (''),
/* preprocessor_version */ 'ST-DEVELOPER v20.1',
/* originating_system */ 'Autodesk Translation Framework v14.21.0.0',
/* authorisation */ '');

FILE_SCHEMA (('AUTOMOTIVE_DESIGN { 1 0 10303 214 3 1 1 }'));
ENDSEC;

DATA;
#10=MECHANICAL_DESIGN_GEOMETRIC_PRESENTATION_REPRESENTATION('',(#13),#2896);
#11=SHAPE_REPRESENTATION_RELATIONSHIP('SRR','None',#2902,#12);
#12=ADVANCED_BREP_SHAPE_REPRESENTATION('',(#14),#2895);
#13=STYLED_ITEM('',(#2911),#14);
#14=MANIFOLD_SOLID_BREP('Cuerpo1',#1474);
#15=B_SPLINE_SURFACE_WITH_KNOTS('',3,3,((#2375,#2376,#2377,#2378),(#2379,
#2380,#2381,#2382),(#2383,#2384,#2385,#2386),(#2387,#2388,#2389,#2390),
(#2391,#2392,#2393,#2394)),.UNSPECIFIED.,.F.,.F.,.F.,(4,1,4),(4,4),(0.,
0.5,1.),(0.,0.0321949230310746),.UNSPECIFIED.);
#16=B_SPLINE_SURFACE_WITH_KNOTS('',3,3,((#2413,#2414,#2415,#2416),(#2417,
#2418,#2419,#2420),(#2421,#2422,#2423,#2424),(#2425,#2426,#2427,#2428),
(#2429,#2430,#2431,#2432)),.UNSPECIFIED.,.F.,.F.,.F.,(4,1,4),(4,4),(0.,
0.5,1.),(0.,0.0321949230310749),.UNSPECIFIED.);
#17=B_SPLINE_SURFACE_WITH_KNOTS('',3,3,((#2439,#2440,#2441,#2442,#2443),
(#2444,#2445,#2446,#2447,#2448),(#2449,#2450,#2451,#2452,#2453),(#2454,
#2455,#2456,#2457,#2458),(#2459,#2460,#2461,#2462,#2463)),.UNSPECIFIED.,
 .F.,.F.,.F.,(4,1,4),(4,1,4),(0.,0.571428571428571,1.),(0.,0.0889474102773728,
0.155657967985402),.UNSPECIFIED.);
#18=B_SPLINE_SURFACE_WITH_KNOTS('',3,3,((#2469,#2470,#2471,#2472,#2473),
(#2474,#2475,#2476,#2477,#2478),(#2479,#2480,#2481,#2482,#2483),(#2484,
#2485,#2486,#2487,#2488),(#2489,#2490,#2491,#2492,#2493)),.UNSPECIFIED.,
 .F.,.F.,.F.,(4,1,4),(4,1,4),(0.,0.571428571428571,1.),(2.75033898532085E-14,
0.0667145948616919,0.155667388010578),.UNSPECIFIED.);
#19=B_SPLINE_SURFACE_WITH_KNOTS('',3,3,((#2499,#2500,#2501,#2502),(#2503,
#2504,#2505,#2506),(#2507,#2508,#2509,#2510),(#2511,#2512,#2513,#2514),
(#2515,#2516,#2517,#2518)),.UNSPECIFIED.,.F.,.F.,.F.,(4,1,4),(4,4),(0.,
0.5,1.),(0.,0.032194923031075),.UNSPECIFIED.);
#20=B_SPLINE_SURFACE_WITH_KNOTS('',3,3,((#2537,#2538,#2539,#2540),(#2541,
#2542,#2543,#2544),(#2545,#2546,#2547,#2548),(#2549,#2550,#2551,#2552),
(#2553,#2554,#2555,#2556)),.UNSPECIFIED.,.F.,.F.,.F.,(4,1,4),(4,4),(0.,
0.5,1.),(0.,0.0321949230310746),.UNSPECIFIED.);
#21=B_SPLINE_SURFACE_WITH_KNOTS('',3,3,((#2563,#2564,#2565,#2566,#2567),
(#2568,#2569,#2570,#2571,#2572),(#2573,#2574,#2575,#2576,#2577),(#2578,
#2579,#2580,#2581,#2582),(#2583,#2584,#2585,#2586,#2587)),.UNSPECIFIED.,
 .F.,.F.,.F.,(4,1,4),(4,1,4),(0.,0.571428571428571,1.),(1.597261902957E-17,
0.0889474102773732,0.155657967985403),.UNSPECIFIED.);
#22=B_SPLINE_SURFACE_WITH_KNOTS('',3,3,((#2593,#2594,#2595,#2596,#2597),
(#2598,#2599,#2600,#2601,#2602),(#2603,#2604,#2605,#2606,#2607),(#2608,
#2609,#2610,#2611,#2612),(#2613,#2614,#2615,#2616,#2617)),.UNSPECIFIED.,
 .F.,.F.,.F.,(4,1,4),(4,1,4),(0.,0.571428571428571,1.),(2.77116309723674E-14,
0.0667145948616918,0.155667388010577),.UNSPECIFIED.);
#23=B_SPLINE_SURFACE_WITH_KNOTS('',3,3,((#2637,#2638,#2639,#2640,#2641,
#2642,#2643,#2644),(#2645,#2646,#2647,#2648,#2649,#2650,#2651,#2652),(#2653,
#2654,#2655,#2656,#2657,#2658,#2659,#2660),(#2661,#2662,#2663,#2664,#2665,
#2666,#2667,#2668),(#2669,#2670,#2671,#2672,#2673,#2674,#2675,#2676)),
 .UNSPECIFIED.,.F.,.F.,.F.,(4,1,4),(4,2,1,1,4),(0.,0.571428571428571,1.),
(-0.420957102784076,-0.420309028386674,-0.252185417032004,-0.16812361135467,
0.),.UNSPECIFIED.);
#24=B_SPLINE_SURFACE_WITH_KNOTS('',3,3,((#2713,#2714,#2715,#2716,#2717,
#2718,#2719,#2720),(#2721,#2722,#2723,#2724,#2725,#2726,#2727,#2728),(#2729,
#2730,#2731,#2732,#2733,#2734,#2735,#2736),(#2737,#2738,#2739,#2740,#2741,
#2742,#2743,#2744),(#2745,#2746,#2747,#2748,#2749,#2750,#2751,#2752)),
 .UNSPECIFIED.,.F.,.F.,.F.,(4,1,4),(4,1,1,2,4),(0.,0.571428571428571,1.),
(-0.420309028386674,-0.252185417032004,-0.16812361135467,0.,0.000648074397402302),
 .UNSPECIFIED.);
#25=FACE_BOUND('',#204,.T.);
#26=FACE_BOUND('',#205,.T.);
#27=FACE_BOUND('',#206,.T.);
#28=FACE_BOUND('',#207,.T.);
#29=FACE_BOUND('',#210,.T.);
#30=FACE_BOUND('',#214,.T.);
#31=FACE_BOUND('',#216,.T.);
#32=FACE_BOUND('',#217,.T.);
#33=FACE_BOUND('',#266,.T.);
#34=FACE_BOUND('',#267,.T.);
#35=B_SPLINE_CURVE_WITH_KNOTS('',3,(#2213,#2214,#2215,#2216),
 .UNSPECIFIED.,.F.,.F.,(4,4),(0.,0.032194923031075),.UNSPECIFIED.);
#36=B_SPLINE_CURVE_WITH_KNOTS('',3,(#2218,#2219,#2220,#2221,#2222),
 .UNSPECIFIED.,.F.,.F.,(4,1,4),(-0.155667388010577,-0.0667145948616918,
-2.77116309723674E-14),.UNSPECIFIED.);
#37=B_SPLINE_CURVE_WITH_KNOTS('',3,(#2226,#2227,#2228,#2229,#2230),
 .UNSPECIFIED.,.F.,.F.,(4,1,4),(-0.155657967985403,-0.0889474102773732,
-1.597261902957E-17),.UNSPECIFIED.);
#38=B_SPLINE_CURVE_WITH_KNOTS('',3,(#2232,#2233,#2234,#2235),
 .UNSPECIFIED.,.F.,.F.,(4,4),(-0.0321949230310746,0.),.UNSPECIFIED.);
#39=B_SPLINE_CURVE_WITH_KNOTS('',3,(#2269,#2270,#2271,#2272),
 .UNSPECIFIED.,.F.,.F.,(4,4),(0.,0.0321949230310746),.UNSPECIFIED.);
#40=B_SPLINE_CURVE_WITH_KNOTS('',3,(#2274,#2275,#2276,#2277,#2278),
 .UNSPECIFIED.,.F.,.F.,(4,1,4),(-0.155667388010578,-0.0667145948616919,
-2.75033898532085E-14),.UNSPECIFIED.);
#41=B_SPLINE_CURVE_WITH_KNOTS('',3,(#2282,#2283,#2284,#2285,#2286),
 .UNSPECIFIED.,.F.,.F.,(4,1,4),(-0.155657967985402,-0.0889474102773728,
0.),.UNSPECIFIED.);
#42=B_SPLINE_CURVE_WITH_KNOTS('',3,(#2287,#2288,#2289,#2290),
 .UNSPECIFIED.,.F.,.F.,(4,4),(-0.0321949230310749,0.),.UNSPECIFIED.);
#43=B_SPLINE_CURVE_WITH_KNOTS('',3,(#2398,#2399,#2400,#2401),
 .UNSPECIFIED.,.F.,.F.,(4,4),(-0.0321949230310746,0.),.UNSPECIFIED.);
#44=B_SPLINE_CURVE_WITH_KNOTS('',3,(#2435,#2436,#2437,#2438),
 .UNSPECIFIED.,.F.,.F.,(4,4),(0.,0.0321949230310749),.UNSPECIFIED.);
#45=B_SPLINE_CURVE_WITH_KNOTS('',3,(#2464,#2465,#2466,#2467,#2468),
 .UNSPECIFIED.,.F.,.F.,(4,1,4),(0.,0.0889474102773728,0.155657967985402),
 .UNSPECIFIED.);
#46=B_SPLINE_CURVE_WITH_KNOTS('',3,(#2494,#2495,#2496,#2497,#2498),
 .UNSPECIFIED.,.F.,.F.,(4,1,4),(2.75033898532085E-14,0.0667145948616919,
0.155667388010578),.UNSPECIFIED.);
#47=B_SPLINE_CURVE_WITH_KNOTS('',3,(#2520,#2521,#2522,#2523),
 .UNSPECIFIED.,.F.,.F.,(4,4),(-0.032194923031075,0.),.UNSPECIFIED.);
#48=B_SPLINE_CURVE_WITH_KNOTS('',3,(#2559,#2560,#2561,#2562),
 .UNSPECIFIED.,.F.,.F.,(4,4),(0.,0.0321949230310746),.UNSPECIFIED.);
#49=B_SPLINE_CURVE_WITH_KNOTS('',3,(#2588,#2589,#2590,#2591,#2592),
 .UNSPECIFIED.,.F.,.F.,(4,1,4),(1.597261902957E-17,0.0889474102773732,0.155657967985403),
 .UNSPECIFIED.);
#50=B_SPLINE_CURVE_WITH_KNOTS('',3,(#2618,#2619,#2620,#2621,#2622),
 .UNSPECIFIED.,.F.,.F.,(4,1,4),(2.77116309723674E-14,0.0667145948616918,
0.155667388010577),.UNSPECIFIED.);
#51=B_SPLINE_CURVE_WITH_KNOTS('',3,(#2678,#2679,#2680,#2681,#2682,#2683,
#2684,#2685),.UNSPECIFIED.,.F.,.F.,(4,1,1,2,4),(0.,0.16812361135467,0.252185417032004,
0.420309028386674,0.420957102784076),.UNSPECIFIED.);
#52=B_SPLINE_CURVE_WITH_KNOTS('',3,(#2686,#2687,#2688,#2689,#2690,#2691,
#2692,#2693),.UNSPECIFIED.,.F.,.F.,(4,2,1,1,4),(-0.420957102784076,-0.420309028386674,
-0.252185417032004,-0.16812361135467,0.),.UNSPECIFIED.);
#53=B_SPLINE_CURVE_WITH_KNOTS('',3,(#2754,#2755,#2756,#2757,#2758,#2759,
#2760,#2761),.UNSPECIFIED.,.F.,.F.,(4,1,1,2,4),(-0.420309028386674,-0.252185417032004,
-0.16812361135467,0.,0.000648074397402302),.UNSPECIFIED.);
#54=B_SPLINE_CURVE_WITH_KNOTS('',3,(#2762,#2763,#2764,#2765,#2766,#2767,
#2768,#2769),.UNSPECIFIED.,.F.,.F.,(4,2,1,1,4),(-0.000648074397402302,0.,
0.16812361135467,0.252185417032004,0.420309028386674),.UNSPECIFIED.);
#55=PLANE('',#1518);
#56=PLANE('',#1523);
#57=PLANE('',#1528);
#58=PLANE('',#1529);
#59=PLANE('',#1536);
#60=PLANE('',#1544);
#61=PLANE('',#1548);
#62=PLANE('',#1588);
#63=PLANE('',#1594);
#64=PLANE('',#1614);
#65=PLANE('',#1615);
#66=PLANE('',#1632);
#67=PLANE('',#1637);
#68=PLANE('',#1641);
#69=PLANE('',#1646);
#70=PLANE('',#1647);
#71=PLANE('',#1648);
#72=PLANE('',#1649);
#73=PLANE('',#1650);
#74=PLANE('',#1651);
#75=TOROIDAL_SURFACE('',#1482,1.6,0.5);
#76=TOROIDAL_SURFACE('',#1488,1.6,0.5);
#77=TOROIDAL_SURFACE('',#1497,1.5,0.5);
#78=TOROIDAL_SURFACE('',#1503,1.5,0.5);
#79=TOROIDAL_SURFACE('',#1509,1.5,0.5);
#80=TOROIDAL_SURFACE('',#1515,1.5,0.5);
#81=TOROIDAL_SURFACE('',#1569,2.1,1.1);
#82=TOROIDAL_SURFACE('',#1576,2.1,1.1);
#83=TOROIDAL_SURFACE('',#1581,2.1,1.1);
#84=TOROIDAL_SURFACE('',#1587,2.1,1.1);
#85=TOROIDAL_SURFACE('',#1591,4.,1.);
#86=TOROIDAL_SURFACE('',#1595,2.1,1.1);
#87=TOROIDAL_SURFACE('',#1602,2.1,1.1);
#88=TOROIDAL_SURFACE('',#1607,2.1,1.1);
#89=TOROIDAL_SURFACE('',#1619,2.1,1.1);
#90=TOROIDAL_SURFACE('',#1624,2.1,1.1);
#91=TOROIDAL_SURFACE('',#1627,2.1,1.1);
#92=TOROIDAL_SURFACE('',#1634,4.,1.);
#93=(
BOUNDED_SURFACE()
B_SPLINE_SURFACE(2,2,((#2118,#2119,#2120),(#2121,#2122,#2123),(#2124,#2125,
#2126)),.UNSPECIFIED.,.F.,.F.,.F.)
B_SPLINE_SURFACE_WITH_KNOTS((3,3),(3,3),(-1.5707963267949,0.),(2.12211332924679,
3.14159265358979),.UNSPECIFIED.)
GEOMETRIC_REPRESENTATION_ITEM()
RATIONAL_B_SPLINE_SURFACE(((1.,0.872871569073219,1.),(0.707106781186545,
0.617213405596613,0.707106781186545),(1.,0.872871569073219,1.)))
REPRESENTATION_ITEM('')
SURFACE()
);
#94=(
BOUNDED_SURFACE()
B_SPLINE_SURFACE(2,2,((#2150,#2151,#2152),(#2153,#2154,#2155),(#2156,#2157,
#2158)),.UNSPECIFIED.,.F.,.F.,.F.)
B_SPLINE_SURFACE_WITH_KNOTS((3,3),(3,3),(-1.5707963267949,0.),(-3.14159265358979,
-2.12211332924679),.UNSPECIFIED.)
GEOMETRIC_REPRESENTATION_ITEM()
RATIONAL_B_SPLINE_SURFACE(((1.,0.872871569073219,1.),(0.707106781186545,
0.617213405596613,0.707106781186545),(1.,0.872871569073219,1.)))
REPRESENTATION_ITEM('')
SURFACE()
);
#95=FACE_OUTER_BOUND('',#182,.T.);
#96=FACE_OUTER_BOUND('',#183,.T.);
#97=FACE_OUTER_BOUND('',#184,.T.);
#98=FACE_OUTER_BOUND('',#185,.T.);
#99=FACE_OUTER_BOUND('',#186,.T.);
#100=FACE_OUTER_BOUND('',#187,.T.);
#101=FACE_OUTER_BOUND('',#188,.T.);
#102=FACE_OUTER_BOUND('',#189,.T.);
#103=FACE_OUTER_BOUND('',#190,.T.);
#104=FACE_OUTER_BOUND('',#191,.T.);
#105=FACE_OUTER_BOUND('',#192,.T.);
#106=FACE_OUTER_BOUND('',#193,.T.);
#107=FACE_OUTER_BOUND('',#194,.T.);
#108=FACE_OUTER_BOUND('',#195,.T.);
#109=FACE_OUTER_BOUND('',#196,.T.);
#110=FACE_OUTER_BOUND('',#197,.T.);
#111=FACE_OUTER_BOUND('',#198,.T.);
#112=FACE_OUTER_BOUND('',#199,.T.);
#113=FACE_OUTER_BOUND('',#200,.T.);
#114=FACE_OUTER_BOUND('',#201,.T.);
#115=FACE_OUTER_BOUND('',#202,.T.);
#116=FACE_OUTER_BOUND('',#203,.T.);
#117=FACE_OUTER_BOUND('',#208,.T.);
#118=FACE_OUTER_BOUND('',#209,.T.);
#119=FACE_OUTER_BOUND('',#211,.T.);
#120=FACE_OUTER_BOUND('',#212,.T.);
#121=FACE_OUTER_BOUND('',#213,.T.);
#122=FACE_OUTER_BOUND('',#215,.T.);
#123=FACE_OUTER_BOUND('',#218,.T.);
#124=FACE_OUTER_BOUND('',#219,.T.);
#125=FACE_OUTER_BOUND('',#220,.T.);
#126=FACE_OUTER_BOUND('',#221,.T.);
#127=FACE_OUTER_BOUND('',#222,.T.);
#128=FACE_OUTER_BOUND('',#223,.T.);
#129=FACE_OUTER_BOUND('',#224,.T.);
#130=FACE_OUTER_BOUND('',#225,.T.);
#131=FACE_OUTER_BOUND('',#226,.T.);
#132=FACE_OUTER_BOUND('',#227,.T.);
#133=FACE_OUTER_BOUND('',#228,.T.);
#134=FACE_OUTER_BOUND('',#229,.T.);
#135=FACE_OUTER_BOUND('',#230,.T.);
#136=FACE_OUTER_BOUND('',#231,.T.);
#137=FACE_OUTER_BOUND('',#232,.T.);
#138=FACE_OUTER_BOUND('',#233,.T.);
#139=FACE_OUTER_BOUND('',#234,.T.);
#140=FACE_OUTER_BOUND('',#235,.T.);
#141=FACE_OUTER_BOUND('',#236,.T.);
#142=FACE_OUTER_BOUND('',#237,.T.);
#143=FACE_OUTER_BOUND('',#238,.T.);
#144=FACE_OUTER_BOUND('',#239,.T.);
#145=FACE_OUTER_BOUND('',#240,.T.);
#146=FACE_OUTER_BOUND('',#241,.T.);
#147=FACE_OUTER_BOUND('',#242,.T.);
#148=FACE_OUTER_BOUND('',#243,.T.);
#149=FACE_OUTER_BOUND('',#244,.T.);
#150=FACE_OUTER_BOUND('',#245,.T.);
#151=FACE_OUTER_BOUND('',#246,.T.);
#152=FACE_OUTER_BOUND('',#247,.T.);
#153=FACE_OUTER_BOUND('',#248,.T.);
#154=FACE_OUTER_BOUND('',#249,.T.);
#155=FACE_OUTER_BOUND('',#250,.T.);
#156=FACE_OUTER_BOUND('',#251,.T.);
#157=FACE_OUTER_BOUND('',#252,.T.);
#158=FACE_OUTER_BOUND('',#253,.T.);
#159=FACE_OUTER_BOUND('',#254,.T.);
#160=FACE_OUTER_BOUND('',#255,.T.);
#161=FACE_OUTER_BOUND('',#256,.T.);
#162=FACE_OUTER_BOUND('',#257,.T.);
#163=FACE_OUTER_BOUND('',#258,.T.);
#164=FACE_OUTER_BOUND('',#259,.T.);
#165=FACE_OUTER_BOUND('',#260,.T.);
#166=FACE_OUTER_BOUND('',#261,.T.);
#167=FACE_OUTER_BOUND('',#262,.T.);
#168=FACE_OUTER_BOUND('',#263,.T.);
#169=FACE_OUTER_BOUND('',#264,.T.);
#170=FACE_OUTER_BOUND('',#265,.T.);
#171=FACE_OUTER_BOUND('',#268,.T.);
#172=FACE_OUTER_BOUND('',#269,.T.);
#173=FACE_OUTER_BOUND('',#270,.T.);
#174=FACE_OUTER_BOUND('',#271,.T.);
#175=FACE_OUTER_BOUND('',#272,.T.);
#176=FACE_OUTER_BOUND('',#273,.T.);
#177=FACE_OUTER_BOUND('',#274,.T.);
#178=FACE_OUTER_BOUND('',#275,.T.);
#179=FACE_OUTER_BOUND('',#276,.T.);
#180=FACE_OUTER_BOUND('',#277,.T.);
#181=FACE_OUTER_BOUND('',#278,.T.);
#182=EDGE_LOOP('',(#916,#917,#918,#919));
#183=EDGE_LOOP('',(#920,#921,#922,#923));
#184=EDGE_LOOP('',(#924,#925,#926,#927));
#185=EDGE_LOOP('',(#928,#929,#930,#931));
#186=EDGE_LOOP('',(#932,#933,#934,#935));
#187=EDGE_LOOP('',(#936,#937,#938,#939));
#188=EDGE_LOOP('',(#940,#941,#942,#943));
#189=EDGE_LOOP('',(#944,#945,#946,#947));
#190=EDGE_LOOP('',(#948,#949,#950,#951));
#191=EDGE_LOOP('',(#952,#953,#954,#955));
#192=EDGE_LOOP('',(#956,#957,#958,#959));
#193=EDGE_LOOP('',(#960,#961,#962,#963));
#194=EDGE_LOOP('',(#964,#965,#966,#967));
#195=EDGE_LOOP('',(#968,#969,#970,#971));
#196=EDGE_LOOP('',(#972,#973,#974,#975,#976,#977,#978,#979,#980,#981));
#197=EDGE_LOOP('',(#982,#983,#984,#985));
#198=EDGE_LOOP('',(#986,#987,#988,#989));
#199=EDGE_LOOP('',(#990,#991,#992,#993));
#200=EDGE_LOOP('',(#994,#995,#996,#997));
#201=EDGE_LOOP('',(#998,#999,#1000,#1001));
#202=EDGE_LOOP('',(#1002,#1003,#1004,#1005,#1006,#1007,#1008,#1009,#1010,
#1011));
#203=EDGE_LOOP('',(#1012,#1013,#1014,#1015,#1016,#1017,#1018,#1019,#1020,
#1021,#1022,#1023,#1024,#1025));
#204=EDGE_LOOP('',(#1026));
#205=EDGE_LOOP('',(#1027));
#206=EDGE_LOOP('',(#1028));
#207=EDGE_LOOP('',(#1029));
#208=EDGE_LOOP('',(#1030,#1031,#1032,#1033));
#209=EDGE_LOOP('',(#1034,#1035,#1036,#1037,#1038,#1039,#1040,#1041));
#210=EDGE_LOOP('',(#1042,#1043,#1044,#1045,#1046,#1047,#1048));
#211=EDGE_LOOP('',(#1049,#1050,#1051,#1052));
#212=EDGE_LOOP('',(#1053,#1054,#1055,#1056));
#213=EDGE_LOOP('',(#1057,#1058,#1059,#1060,#1061,#1062,#1063,#1064));
#214=EDGE_LOOP('',(#1065,#1066,#1067,#1068,#1069,#1070,#1071));
#215=EDGE_LOOP('',(#1072,#1073,#1074,#1075,#1076,#1077));
#216=EDGE_LOOP('',(#1078));
#217=EDGE_LOOP('',(#1079));
#218=EDGE_LOOP('',(#1080,#1081,#1082,#1083));
#219=EDGE_LOOP('',(#1084,#1085,#1086,#1087));
#220=EDGE_LOOP('',(#1088,#1089,#1090,#1091));
#221=EDGE_LOOP('',(#1092,#1093,#1094,#1095));
#222=EDGE_LOOP('',(#1096,#1097,#1098,#1099));
#223=EDGE_LOOP('',(#1100,#1101,#1102,#1103));
#224=EDGE_LOOP('',(#1104,#1105,#1106,#1107));
#225=EDGE_LOOP('',(#1108,#1109,#1110,#1111));
#226=EDGE_LOOP('',(#1112,#1113,#1114,#1115));
#227=EDGE_LOOP('',(#1116,#1117,#1118,#1119));
#228=EDGE_LOOP('',(#1120,#1121,#1122,#1123));
#229=EDGE_LOOP('',(#1124,#1125,#1126,#1127));
#230=EDGE_LOOP('',(#1128,#1129,#1130,#1131));
#231=EDGE_LOOP('',(#1132,#1133,#1134,#1135,#1136));
#232=EDGE_LOOP('',(#1137,#1138,#1139,#1140));
#233=EDGE_LOOP('',(#1141,#1142,#1143));
#234=EDGE_LOOP('',(#1144,#1145,#1146,#1147));
#235=EDGE_LOOP('',(#1148,#1149,#1150,#1151,#1152,#1153));
#236=EDGE_LOOP('',(#1154,#1155,#1156,#1157,#1158));
#237=EDGE_LOOP('',(#1159,#1160,#1161,#1162));
#238=EDGE_LOOP('',(#1163,#1164,#1165));
#239=EDGE_LOOP('',(#1166,#1167,#1168,#1169));
#240=EDGE_LOOP('',(#1170,#1171,#1172,#1173,#1174,#1175,#1176));
#241=EDGE_LOOP('',(#1177,#1178,#1179,#1180));
#242=EDGE_LOOP('',(#1181,#1182,#1183,#1184,#1185,#1186,#1187,#1188,#1189,
#1190));
#243=EDGE_LOOP('',(#1191,#1192,#1193,#1194,#1195));
#244=EDGE_LOOP('',(#1196,#1197,#1198,#1199));
#245=EDGE_LOOP('',(#1200,#1201,#1202,#1203));
#246=EDGE_LOOP('',(#1204,#1205,#1206,#1207));
#247=EDGE_LOOP('',(#1208,#1209,#1210,#1211));
#248=EDGE_LOOP('',(#1212,#1213,#1214,#1215));
#249=EDGE_LOOP('',(#1216,#1217,#1218,#1219));
#250=EDGE_LOOP('',(#1220,#1221,#1222,#1223));
#251=EDGE_LOOP('',(#1224,#1225,#1226,#1227,#1228,#1229,#1230,#1231,#1232,
#1233));
#252=EDGE_LOOP('',(#1234,#1235,#1236,#1237));
#253=EDGE_LOOP('',(#1238,#1239,#1240,#1241));
#254=EDGE_LOOP('',(#1242,#1243,#1244,#1245));
#255=EDGE_LOOP('',(#1246,#1247,#1248,#1249,#1250));
#256=EDGE_LOOP('',(#1251,#1252,#1253,#1254));
#257=EDGE_LOOP('',(#1255,#1256,#1257,#1258));
#258=EDGE_LOOP('',(#1259,#1260,#1261,#1262));
#259=EDGE_LOOP('',(#1263,#1264,#1265,#1266,#1267,#1268));
#260=EDGE_LOOP('',(#1269,#1270,#1271,#1272));
#261=EDGE_LOOP('',(#1273,#1274,#1275,#1276,#1277,#1278,#1279));
#262=EDGE_LOOP('',(#1280,#1281,#1282,#1283));
#263=EDGE_LOOP('',(#1284,#1285,#1286,#1287));
#264=EDGE_LOOP('',(#1288,#1289,#1290,#1291));
#265=EDGE_LOOP('',(#1292,#1293,#1294,#1295,#1296,#1297,#1298,#1299,#1300,
#1301,#1302,#1303));
#266=EDGE_LOOP('',(#1304));
#267=EDGE_LOOP('',(#1305));
#268=EDGE_LOOP('',(#1306,#1307,#1308,#1309));
#269=EDGE_LOOP('',(#1310,#1311,#1312,#1313));
#270=EDGE_LOOP('',(#1314,#1315,#1316,#1317));
#271=EDGE_LOOP('',(#1318,#1319,#1320,#1321));
#272=EDGE_LOOP('',(#1322,#1323,#1324,#1325));
#273=EDGE_LOOP('',(#1326,#1327,#1328,#1329));
#274=EDGE_LOOP('',(#1330,#1331,#1332,#1333));
#275=EDGE_LOOP('',(#1334,#1335,#1336,#1337));
#276=EDGE_LOOP('',(#1338,#1339,#1340,#1341));
#277=EDGE_LOOP('',(#1342,#1343,#1344,#1345));
#278=EDGE_LOOP('',(#1346,#1347,#1348,#1349));
#279=LINE('',#2114,#372);
#280=LINE('',#2117,#373);
#281=LINE('',#2142,#374);
#282=LINE('',#2143,#375);
#283=LINE('',#2168,#376);
#284=LINE('',#2169,#377);
#285=LINE('',#2180,#378);
#286=LINE('',#2181,#379);
#287=LINE('',#2192,#380);
#288=LINE('',#2193,#381);
#289=LINE('',#2204,#382);
#290=LINE('',#2205,#383);
#291=LINE('',#2211,#384);
#292=LINE('',#2224,#385);
#293=LINE('',#2237,#386);
#294=LINE('',#2239,#387);
#295=LINE('',#2240,#388);
#296=LINE('',#2243,#389);
#297=LINE('',#2247,#390);
#298=LINE('',#2251,#391);
#299=LINE('',#2252,#392);
#300=LINE('',#2255,#393);
#301=LINE('',#2259,#394);
#302=LINE('',#2263,#395);
#303=LINE('',#2265,#396);
#304=LINE('',#2267,#397);
#305=LINE('',#2280,#398);
#306=LINE('',#2303,#399);
#307=LINE('',#2306,#400);
#308=LINE('',#2308,#401);
#309=LINE('',#2310,#402);
#310=LINE('',#2312,#403);
#311=LINE('',#2314,#404);
#312=LINE('',#2315,#405);
#313=LINE('',#2318,#406);
#314=LINE('',#2322,#407);
#315=LINE('',#2326,#408);
#316=LINE('',#2328,#409);
#317=LINE('',#2333,#410);
#318=LINE('',#2336,#411);
#319=LINE('',#2339,#412);
#320=LINE('',#2342,#413);
#321=LINE('',#2344,#414);
#322=LINE('',#2346,#415);
#323=LINE('',#2348,#416);
#324=LINE('',#2350,#417);
#325=LINE('',#2351,#418);
#326=LINE('',#2354,#419);
#327=LINE('',#2356,#420);
#328=LINE('',#2360,#421);
#329=LINE('',#2364,#422);
#330=LINE('',#2367,#423);
#331=LINE('',#2368,#424);
#332=LINE('',#2406,#425);
#333=LINE('',#2411,#426);
#334=LINE('',#2529,#427);
#335=LINE('',#2536,#428);
#336=LINE('',#2635,#429);
#337=LINE('',#2636,#430);
#338=LINE('',#2698,#431);
#339=LINE('',#2711,#432);
#340=LINE('',#2712,#433);
#341=LINE('',#2775,#434);
#342=LINE('',#2777,#435);
#343=LINE('',#2784,#436);
#344=LINE('',#2785,#437);
#345=LINE('',#2786,#438);
#346=LINE('',#2799,#439);
#347=LINE('',#2800,#440);
#348=LINE('',#2808,#441);
#349=LINE('',#2809,#442);
#350=LINE('',#2817,#443);
#351=LINE('',#2820,#444);
#352=LINE('',#2823,#445);
#353=LINE('',#2825,#446);
#354=LINE('',#2828,#447);
#355=LINE('',#2830,#448);
#356=LINE('',#2833,#449);
#357=LINE('',#2834,#450);
#358=LINE('',#2838,#451);
#359=LINE('',#2854,#452);
#360=LINE('',#2857,#453);
#361=LINE('',#2858,#454);
#362=LINE('',#2865,#455);
#363=LINE('',#2868,#456);
#364=LINE('',#2870,#457);
#365=LINE('',#2876,#458);
#366=LINE('',#2878,#459);
#367=LINE('',#2880,#460);
#368=LINE('',#2882,#461);
#369=LINE('',#2885,#462);
#370=LINE('',#2889,#463);
#371=LINE('',#2891,#464);
#372=VECTOR('',#1661,10.);
#373=VECTOR('',#1664,10.);
#374=VECTOR('',#1683,10.);
#375=VECTOR('',#1684,10.);
#376=VECTOR('',#1703,10.);
#377=VECTOR('',#1704,10.);
#378=VECTOR('',#1717,10.);
#379=VECTOR('',#1718,10.);
#380=VECTOR('',#1731,10.);
#381=VECTOR('',#1732,10.);
#382=VECTOR('',#1745,10.);
#383=VECTOR('',#1746,10.);
#384=VECTOR('',#1755,10.);
#385=VECTOR('',#1756,10.);
#386=VECTOR('',#1757,10.);
#387=VECTOR('',#1758,10.);
#388=VECTOR('',#1759,10.);
#389=VECTOR('',#1762,10.);
#390=VECTOR('',#1767,10.);
#391=VECTOR('',#1772,10.);
#392=VECTOR('',#1773,10.);
#393=VECTOR('',#1776,10.);
#394=VECTOR('',#1781,10.);
#395=VECTOR('',#1786,10.);
#396=VECTOR('',#1787,10.);
#397=VECTOR('',#1788,10.);
#398=VECTOR('',#1789,10.);
#399=VECTOR('',#1804,10.);
#400=VECTOR('',#1807,10.);
#401=VECTOR('',#1808,10.);
#402=VECTOR('',#1809,10.);
#403=VECTOR('',#1810,10.);
#404=VECTOR('',#1811,10.);
#405=VECTOR('',#1812,10.);
#406=VECTOR('',#1813,10.);
#407=VECTOR('',#1816,10.);
#408=VECTOR('',#1819,10.);
#409=VECTOR('',#1820,10.);
#410=VECTOR('',#1827,10.);
#411=VECTOR('',#1830,10.);
#412=VECTOR('',#1833,10.);
#413=VECTOR('',#1836,10.);
#414=VECTOR('',#1837,10.);
#415=VECTOR('',#1838,10.);
#416=VECTOR('',#1839,10.);
#417=VECTOR('',#1840,10.);
#418=VECTOR('',#1841,10.);
#419=VECTOR('',#1842,10.);
#420=VECTOR('',#1843,10.);
#421=VECTOR('',#1846,10.);
#422=VECTOR('',#1849,10.);
#423=VECTOR('',#1854,10.);
#424=VECTOR('',#1855,10.);
#425=VECTOR('',#1872,10.);
#426=VECTOR('',#1877,10.);
#427=VECTOR('',#1888,10.);
#428=VECTOR('',#1897,10.);
#429=VECTOR('',#1914,10.);
#430=VECTOR('',#1915,10.);
#431=VECTOR('',#1922,10.);
#432=VECTOR('',#1939,10.);
#433=VECTOR('',#1940,10.);
#434=VECTOR('',#1947,10.);
#435=VECTOR('',#1948,10.);
#436=VECTOR('',#1959,10.);
#437=VECTOR('',#1960,10.);
#438=VECTOR('',#1961,10.);
#439=VECTOR('',#1976,10.);
#440=VECTOR('',#1977,10.);
#441=VECTOR('',#1988,10.);
#442=VECTOR('',#1989,10.);
#443=VECTOR('',#2000,10.);
#444=VECTOR('',#2003,10.);
#445=VECTOR('',#2006,10.);
#446=VECTOR('',#2009,10.);
#447=VECTOR('',#2012,10.);
#448=VECTOR('',#2013,10.);
#449=VECTOR('',#2016,10.);
#450=VECTOR('',#2017,10.);
#451=VECTOR('',#2022,10.);
#452=VECTOR('',#2047,10.);
#453=VECTOR('',#2052,10.);
#454=VECTOR('',#2053,10.);
#455=VECTOR('',#2066,10.);
#456=VECTOR('',#2071,10.);
#457=VECTOR('',#2074,10.);
#458=VECTOR('',#2081,1.55);
#459=VECTOR('',#2084,1.55);
#460=VECTOR('',#2087,10.);
#461=VECTOR('',#2090,10.);
#462=VECTOR('',#2095,10.);
#463=VECTOR('',#2102,1.55);
#464=VECTOR('',#2105,1.55);
#465=CIRCLE('',#1477,0.499999999999998);
#466=CIRCLE('',#1478,0.499999999999998);
#467=CIRCLE('',#1479,0.500000000000002);
#468=CIRCLE('',#1480,0.5);
#469=CIRCLE('',#1481,1.);
#470=CIRCLE('',#1483,0.499999999999997);
#471=CIRCLE('',#1484,1.6);
#472=CIRCLE('',#1485,1.1);
#473=CIRCLE('',#1487,0.499999999999999);
#474=CIRCLE('',#1489,0.499999999999999);
#475=CIRCLE('',#1490,1.6);
#476=CIRCLE('',#1491,1.1);
#477=CIRCLE('',#1492,0.5);
#478=CIRCLE('',#1493,0.5);
#479=CIRCLE('',#1494,1.);
#480=CIRCLE('',#1496,0.499999999999998);
#481=CIRCLE('',#1498,0.499999999999998);
#482=CIRCLE('',#1499,1.5);
#483=CIRCLE('',#1500,2.);
#484=CIRCLE('',#1502,0.499999999999998);
#485=CIRCLE('',#1504,0.5);
#486=CIRCLE('',#1505,1.5);
#487=CIRCLE('',#1506,2.);
#488=CIRCLE('',#1508,0.5);
#489=CIRCLE('',#1510,0.5);
#490=CIRCLE('',#1511,1.5);
#491=CIRCLE('',#1512,2.);
#492=CIRCLE('',#1514,0.5);
#493=CIRCLE('',#1516,2.);
#494=CIRCLE('',#1517,1.5);
#495=CIRCLE('',#1520,1.);
#496=CIRCLE('',#1522,1.1);
#497=CIRCLE('',#1525,1.1);
#498=CIRCLE('',#1527,1.);
#499=CIRCLE('',#1530,1.55);
#500=CIRCLE('',#1531,1.55);
#501=CIRCLE('',#1532,1.55);
#502=CIRCLE('',#1533,1.55);
#503=CIRCLE('',#1535,2.);
#504=CIRCLE('',#1537,3.);
#505=CIRCLE('',#1538,3.);
#506=CIRCLE('',#1539,1.1);
#507=CIRCLE('',#1541,2.);
#508=CIRCLE('',#1543,2.);
#509=CIRCLE('',#1545,3.);
#510=CIRCLE('',#1546,3.);
#511=CIRCLE('',#1547,1.1);
#512=CIRCLE('',#1549,1.55);
#513=CIRCLE('',#1550,1.55);
#514=CIRCLE('',#1552,2.);
#515=CIRCLE('',#1553,1.);
#516=CIRCLE('',#1554,1.);
#517=CIRCLE('',#1556,1.);
#518=CIRCLE('',#1558,1.);
#519=CIRCLE('',#1559,1.);
#520=CIRCLE('',#1560,1.);
#521=CIRCLE('',#1561,1.);
#522=CIRCLE('',#1563,1.);
#523=CIRCLE('',#1564,1.);
#524=CIRCLE('',#1566,1.);
#525=CIRCLE('',#1567,1.);
#526=CIRCLE('',#1568,1.);
#527=CIRCLE('',#1570,2.1);
#528=CIRCLE('',#1571,1.1);
#529=CIRCLE('',#1572,1.);
#530=CIRCLE('',#1573,1.1);
#531=CIRCLE('',#1575,1.1);
#532=CIRCLE('',#1577,1.);
#533=CIRCLE('',#1579,1.);
#534=CIRCLE('',#1580,1.);
#535=CIRCLE('',#1582,1.1);
#536=CIRCLE('',#1583,1.1);
#537=CIRCLE('',#1584,2.1);
#538=CIRCLE('',#1586,1.1);
#539=CIRCLE('',#1589,4.);
#540=CIRCLE('',#1590,2.1);
#541=CIRCLE('',#1592,3.);
#542=CIRCLE('',#1593,1.);
#543=CIRCLE('',#1596,1.1);
#544=CIRCLE('',#1597,1.);
#545=CIRCLE('',#1598,1.1);
#546=CIRCLE('',#1599,2.1);
#547=CIRCLE('',#1601,1.1);
#548=CIRCLE('',#1603,1.1);
#549=CIRCLE('',#1604,1.);
#550=CIRCLE('',#1605,2.1);
#551=CIRCLE('',#1608,1.1);
#552=CIRCLE('',#1609,1.);
#553=CIRCLE('',#1611,1.1);
#554=CIRCLE('',#1613,1.);
#555=CIRCLE('',#1616,2.1);
#556=CIRCLE('',#1618,1.1);
#557=CIRCLE('',#1620,1.1);
#558=CIRCLE('',#1621,1.);
#559=CIRCLE('',#1623,1.1);
#560=CIRCLE('',#1625,1.);
#561=CIRCLE('',#1626,1.1);
#562=CIRCLE('',#1628,1.);
#563=CIRCLE('',#1629,1.1);
#564=CIRCLE('',#1631,1.1);
#565=CIRCLE('',#1635,4.);
#566=CIRCLE('',#1636,3.);
#567=CIRCLE('',#1642,1.55);
#568=CIRCLE('',#1643,1.55);
#569=VERTEX_POINT('',#2110);
#570=VERTEX_POINT('',#2111);
#571=VERTEX_POINT('',#2113);
#572=VERTEX_POINT('',#2115);
#573=VERTEX_POINT('',#2127);
#574=VERTEX_POINT('',#2128);
#575=VERTEX_POINT('',#2133);
#576=VERTEX_POINT('',#2134);
#577=VERTEX_POINT('',#2139);
#578=VERTEX_POINT('',#2140);
#579=VERTEX_POINT('',#2145);
#580=VERTEX_POINT('',#2146);
#581=VERTEX_POINT('',#2159);
#582=VERTEX_POINT('',#2160);
#583=VERTEX_POINT('',#2165);
#584=VERTEX_POINT('',#2166);
#585=VERTEX_POINT('',#2171);
#586=VERTEX_POINT('',#2172);
#587=VERTEX_POINT('',#2177);
#588=VERTEX_POINT('',#2178);
#589=VERTEX_POINT('',#2183);
#590=VERTEX_POINT('',#2184);
#591=VERTEX_POINT('',#2189);
#592=VERTEX_POINT('',#2190);
#593=VERTEX_POINT('',#2195);
#594=VERTEX_POINT('',#2196);
#595=VERTEX_POINT('',#2201);
#596=VERTEX_POINT('',#2202);
#597=VERTEX_POINT('',#2210);
#598=VERTEX_POINT('',#2212);
#599=VERTEX_POINT('',#2217);
#600=VERTEX_POINT('',#2223);
#601=VERTEX_POINT('',#2225);
#602=VERTEX_POINT('',#2231);
#603=VERTEX_POINT('',#2236);
#604=VERTEX_POINT('',#2238);
#605=VERTEX_POINT('',#2242);
#606=VERTEX_POINT('',#2246);
#607=VERTEX_POINT('',#2250);
#608=VERTEX_POINT('',#2254);
#609=VERTEX_POINT('',#2258);
#610=VERTEX_POINT('',#2262);
#611=VERTEX_POINT('',#2264);
#612=VERTEX_POINT('',#2266);
#613=VERTEX_POINT('',#2268);
#614=VERTEX_POINT('',#2273);
#615=VERTEX_POINT('',#2279);
#616=VERTEX_POINT('',#2281);
#617=VERTEX_POINT('',#2292);
#618=VERTEX_POINT('',#2294);
#619=VERTEX_POINT('',#2296);
#620=VERTEX_POINT('',#2298);
#621=VERTEX_POINT('',#2301);
#622=VERTEX_POINT('',#2305);
#623=VERTEX_POINT('',#2307);
#624=VERTEX_POINT('',#2309);
#625=VERTEX_POINT('',#2311);
#626=VERTEX_POINT('',#2313);
#627=VERTEX_POINT('',#2316);
#628=VERTEX_POINT('',#2317);
#629=VERTEX_POINT('',#2319);
#630=VERTEX_POINT('',#2321);
#631=VERTEX_POINT('',#2323);
#632=VERTEX_POINT('',#2325);
#633=VERTEX_POINT('',#2327);
#634=VERTEX_POINT('',#2331);
#635=VERTEX_POINT('',#2335);
#636=VERTEX_POINT('',#2337);
#637=VERTEX_POINT('',#2341);
#638=VERTEX_POINT('',#2343);
#639=VERTEX_POINT('',#2345);
#640=VERTEX_POINT('',#2347);
#641=VERTEX_POINT('',#2349);
#642=VERTEX_POINT('',#2352);
#643=VERTEX_POINT('',#2353);
#644=VERTEX_POINT('',#2355);
#645=VERTEX_POINT('',#2357);
#646=VERTEX_POINT('',#2359);
#647=VERTEX_POINT('',#2361);
#648=VERTEX_POINT('',#2363);
#649=VERTEX_POINT('',#2369);
#650=VERTEX_POINT('',#2371);
#651=VERTEX_POINT('',#2395);
#652=VERTEX_POINT('',#2397);
#653=VERTEX_POINT('',#2404);
#654=VERTEX_POINT('',#2408);
#655=VERTEX_POINT('',#2410);
#656=VERTEX_POINT('',#2433);
#657=VERTEX_POINT('',#2519);
#658=VERTEX_POINT('',#2526);
#659=VERTEX_POINT('',#2528);
#660=VERTEX_POINT('',#2532);
#661=VERTEX_POINT('',#2534);
#662=VERTEX_POINT('',#2557);
#663=VERTEX_POINT('',#2624);
#664=VERTEX_POINT('',#2626);
#665=VERTEX_POINT('',#2628);
#666=VERTEX_POINT('',#2632);
#667=VERTEX_POINT('',#2633);
#668=VERTEX_POINT('',#2677);
#669=VERTEX_POINT('',#2697);
#670=VERTEX_POINT('',#2699);
#671=VERTEX_POINT('',#2704);
#672=VERTEX_POINT('',#2708);
#673=VERTEX_POINT('',#2709);
#674=VERTEX_POINT('',#2753);
#675=VERTEX_POINT('',#2772);
#676=VERTEX_POINT('',#2774);
#677=VERTEX_POINT('',#2776);
#678=VERTEX_POINT('',#2780);
#679=VERTEX_POINT('',#2788);
#680=VERTEX_POINT('',#2790);
#681=VERTEX_POINT('',#2792);
#682=VERTEX_POINT('',#2796);
#683=VERTEX_POINT('',#2797);
#684=VERTEX_POINT('',#2802);
#685=VERTEX_POINT('',#2803);
#686=VERTEX_POINT('',#2811);
#687=VERTEX_POINT('',#2815);
#688=VERTEX_POINT('',#2819);
#689=VERTEX_POINT('',#2821);
#690=VERTEX_POINT('',#2827);
#691=VERTEX_POINT('',#2829);
#692=VERTEX_POINT('',#2831);
#693=VERTEX_POINT('',#2836);
#694=VERTEX_POINT('',#2845);
#695=VERTEX_POINT('',#2849);
#696=VERTEX_POINT('',#2853);
#697=VERTEX_POINT('',#2871);
#698=VERTEX_POINT('',#2873);
#699=EDGE_CURVE('',#569,#570,#465,.T.);
#700=EDGE_CURVE('',#570,#571,#279,.T.);
#701=EDGE_CURVE('',#571,#572,#466,.T.);
#702=EDGE_CURVE('',#572,#569,#280,.T.);
#703=EDGE_CURVE('',#573,#574,#467,.T.);
#704=EDGE_CURVE('',#574,#572,#468,.T.);
#705=EDGE_CURVE('',#571,#573,#469,.T.);
#706=EDGE_CURVE('',#575,#576,#470,.T.);
#707=EDGE_CURVE('',#576,#574,#471,.T.);
#708=EDGE_CURVE('',#573,#575,#472,.T.);
#709=EDGE_CURVE('',#577,#578,#473,.T.);
#710=EDGE_CURVE('',#578,#576,#281,.T.);
#711=EDGE_CURVE('',#575,#577,#282,.T.);
#712=EDGE_CURVE('',#579,#580,#474,.T.);
#713=EDGE_CURVE('',#580,#578,#475,.T.);
#714=EDGE_CURVE('',#577,#579,#476,.T.);
#715=EDGE_CURVE('',#581,#582,#477,.T.);
#716=EDGE_CURVE('',#582,#580,#478,.T.);
#717=EDGE_CURVE('',#579,#581,#479,.T.);
#718=EDGE_CURVE('',#583,#584,#480,.T.);
#719=EDGE_CURVE('',#584,#582,#283,.T.);
#720=EDGE_CURVE('',#581,#583,#284,.T.);
#721=EDGE_CURVE('',#585,#586,#481,.T.);
#722=EDGE_CURVE('',#586,#584,#482,.T.);
#723=EDGE_CURVE('',#583,#585,#483,.T.);
#724=EDGE_CURVE('',#587,#588,#484,.T.);
#725=EDGE_CURVE('',#588,#586,#285,.T.);
#726=EDGE_CURVE('',#585,#587,#286,.T.);
#727=EDGE_CURVE('',#589,#590,#485,.T.);
#728=EDGE_CURVE('',#590,#588,#486,.T.);
#729=EDGE_CURVE('',#587,#589,#487,.T.);
#730=EDGE_CURVE('',#591,#592,#488,.T.);
#731=EDGE_CURVE('',#592,#590,#287,.T.);
#732=EDGE_CURVE('',#589,#591,#288,.T.);
#733=EDGE_CURVE('',#593,#594,#489,.T.);
#734=EDGE_CURVE('',#594,#592,#490,.T.);
#735=EDGE_CURVE('',#591,#593,#491,.T.);
#736=EDGE_CURVE('',#595,#596,#492,.T.);
#737=EDGE_CURVE('',#596,#594,#289,.T.);
#738=EDGE_CURVE('',#593,#595,#290,.T.);
#739=EDGE_CURVE('',#595,#570,#493,.T.);
#740=EDGE_CURVE('',#569,#596,#494,.T.);
#741=EDGE_CURVE('',#597,#581,#291,.T.);
#742=EDGE_CURVE('',#598,#597,#35,.T.);
#743=EDGE_CURVE('',#599,#598,#36,.T.);
#744=EDGE_CURVE('',#600,#599,#292,.T.);
#745=EDGE_CURVE('',#601,#600,#37,.T.);
#746=EDGE_CURVE('',#602,#601,#38,.T.);
#747=EDGE_CURVE('',#603,#602,#293,.T.);
#748=EDGE_CURVE('',#603,#604,#294,.T.);
#749=EDGE_CURVE('',#583,#604,#295,.T.);
#750=EDGE_CURVE('',#579,#605,#296,.T.);
#751=EDGE_CURVE('',#597,#605,#495,.T.);
#752=EDGE_CURVE('',#577,#606,#297,.T.);
#753=EDGE_CURVE('',#605,#606,#496,.T.);
#754=EDGE_CURVE('',#607,#575,#298,.T.);
#755=EDGE_CURVE('',#606,#607,#299,.T.);
#756=EDGE_CURVE('',#608,#573,#300,.T.);
#757=EDGE_CURVE('',#607,#608,#497,.T.);
#758=EDGE_CURVE('',#571,#609,#301,.T.);
#759=EDGE_CURVE('',#609,#608,#498,.T.);
#760=EDGE_CURVE('',#610,#570,#302,.T.);
#761=EDGE_CURVE('',#610,#611,#303,.T.);
#762=EDGE_CURVE('',#612,#611,#304,.T.);
#763=EDGE_CURVE('',#613,#612,#39,.T.);
#764=EDGE_CURVE('',#614,#613,#40,.T.);
#765=EDGE_CURVE('',#615,#614,#305,.T.);
#766=EDGE_CURVE('',#616,#615,#41,.T.);
#767=EDGE_CURVE('',#609,#616,#42,.T.);
#768=EDGE_CURVE('',#617,#617,#499,.T.);
#769=EDGE_CURVE('',#618,#618,#500,.T.);
#770=EDGE_CURVE('',#619,#619,#501,.T.);
#771=EDGE_CURVE('',#620,#620,#502,.T.);
#772=EDGE_CURVE('',#604,#621,#503,.T.);
#773=EDGE_CURVE('',#621,#585,#306,.T.);
#774=EDGE_CURVE('',#621,#622,#307,.T.);
#775=EDGE_CURVE('',#622,#623,#308,.T.);
#776=EDGE_CURVE('',#623,#624,#309,.T.);
#777=EDGE_CURVE('',#624,#625,#310,.T.);
#778=EDGE_CURVE('',#625,#626,#311,.T.);
#779=EDGE_CURVE('',#587,#626,#312,.T.);
#780=EDGE_CURVE('',#627,#628,#313,.T.);
#781=EDGE_CURVE('',#628,#629,#504,.T.);
#782=EDGE_CURVE('',#629,#630,#314,.T.);
#783=EDGE_CURVE('',#630,#631,#505,.T.);
#784=EDGE_CURVE('',#631,#632,#315,.T.);
#785=EDGE_CURVE('',#632,#633,#316,.T.);
#786=EDGE_CURVE('',#627,#633,#506,.T.);
#787=EDGE_CURVE('',#626,#634,#507,.T.);
#788=EDGE_CURVE('',#634,#589,#317,.T.);
#789=EDGE_CURVE('',#591,#635,#318,.T.);
#790=EDGE_CURVE('',#635,#636,#508,.T.);
#791=EDGE_CURVE('',#636,#593,#319,.T.);
#792=EDGE_CURVE('',#637,#636,#320,.T.);
#793=EDGE_CURVE('',#638,#637,#321,.T.);
#794=EDGE_CURVE('',#638,#639,#322,.T.);
#795=EDGE_CURVE('',#639,#640,#323,.T.);
#796=EDGE_CURVE('',#641,#640,#324,.T.);
#797=EDGE_CURVE('',#595,#641,#325,.T.);
#798=EDGE_CURVE('',#642,#643,#326,.T.);
#799=EDGE_CURVE('',#644,#643,#327,.T.);
#800=EDGE_CURVE('',#644,#645,#509,.T.);
#801=EDGE_CURVE('',#645,#646,#328,.T.);
#802=EDGE_CURVE('',#646,#647,#510,.T.);
#803=EDGE_CURVE('',#647,#648,#329,.T.);
#804=EDGE_CURVE('',#642,#648,#511,.T.);
#805=EDGE_CURVE('',#637,#625,#330,.T.);
#806=EDGE_CURVE('',#635,#634,#331,.T.);
#807=EDGE_CURVE('',#649,#649,#512,.T.);
#808=EDGE_CURVE('',#650,#650,#513,.T.);
#809=EDGE_CURVE('',#641,#610,#514,.T.);
#810=EDGE_CURVE('',#612,#651,#515,.T.);
#811=EDGE_CURVE('',#651,#652,#43,.T.);
#812=EDGE_CURVE('',#652,#613,#516,.T.);
#813=EDGE_CURVE('',#611,#653,#517,.T.);
#814=EDGE_CURVE('',#653,#651,#332,.T.);
#815=EDGE_CURVE('',#614,#654,#518,.T.);
#816=EDGE_CURVE('',#654,#655,#333,.T.);
#817=EDGE_CURVE('',#655,#615,#519,.T.);
#818=EDGE_CURVE('',#616,#656,#520,.T.);
#819=EDGE_CURVE('',#656,#608,#44,.T.);
#820=EDGE_CURVE('',#655,#656,#45,.T.);
#821=EDGE_CURVE('',#652,#654,#46,.T.);
#822=EDGE_CURVE('',#605,#657,#47,.T.);
#823=EDGE_CURVE('',#657,#598,#521,.T.);
#824=EDGE_CURVE('',#599,#658,#522,.T.);
#825=EDGE_CURVE('',#658,#659,#334,.T.);
#826=EDGE_CURVE('',#659,#600,#523,.T.);
#827=EDGE_CURVE('',#660,#603,#524,.T.);
#828=EDGE_CURVE('',#602,#661,#525,.T.);
#829=EDGE_CURVE('',#661,#660,#335,.T.);
#830=EDGE_CURVE('',#601,#662,#526,.T.);
#831=EDGE_CURVE('',#662,#661,#48,.T.);
#832=EDGE_CURVE('',#659,#662,#49,.T.);
#833=EDGE_CURVE('',#657,#658,#50,.T.);
#834=EDGE_CURVE('',#655,#663,#527,.T.);
#835=EDGE_CURVE('',#663,#664,#528,.T.);
#836=EDGE_CURVE('',#664,#665,#529,.T.);
#837=EDGE_CURVE('',#665,#656,#530,.T.);
#838=EDGE_CURVE('',#666,#667,#531,.T.);
#839=EDGE_CURVE('',#667,#664,#336,.T.);
#840=EDGE_CURVE('',#663,#666,#337,.T.);
#841=EDGE_CURVE('',#666,#668,#51,.T.);
#842=EDGE_CURVE('',#668,#667,#52,.T.);
#843=EDGE_CURVE('',#665,#607,#532,.T.);
#844=EDGE_CURVE('',#664,#669,#338,.T.);
#845=EDGE_CURVE('',#670,#669,#533,.T.);
#846=EDGE_CURVE('',#606,#670,#534,.T.);
#847=EDGE_CURVE('',#657,#670,#535,.T.);
#848=EDGE_CURVE('',#669,#671,#536,.T.);
#849=EDGE_CURVE('',#671,#658,#537,.T.);
#850=EDGE_CURVE('',#672,#673,#538,.T.);
#851=EDGE_CURVE('',#673,#671,#339,.T.);
#852=EDGE_CURVE('',#669,#672,#340,.T.);
#853=EDGE_CURVE('',#672,#674,#53,.T.);
#854=EDGE_CURVE('',#674,#673,#54,.T.);
#855=EDGE_CURVE('',#675,#673,#539,.T.);
#856=EDGE_CURVE('',#676,#675,#341,.T.);
#857=EDGE_CURVE('',#677,#676,#342,.T.);
#858=EDGE_CURVE('',#659,#677,#540,.T.);
#859=EDGE_CURVE('',#674,#678,#541,.T.);
#860=EDGE_CURVE('',#675,#678,#542,.T.);
#861=EDGE_CURVE('',#646,#668,#343,.T.);
#862=EDGE_CURVE('',#645,#630,#344,.T.);
#863=EDGE_CURVE('',#674,#629,#345,.T.);
#864=EDGE_CURVE('',#652,#679,#543,.T.);
#865=EDGE_CURVE('',#679,#680,#544,.T.);
#866=EDGE_CURVE('',#680,#681,#545,.T.);
#867=EDGE_CURVE('',#681,#654,#546,.T.);
#868=EDGE_CURVE('',#682,#683,#547,.T.);
#869=EDGE_CURVE('',#683,#681,#346,.T.);
#870=EDGE_CURVE('',#680,#682,#347,.T.);
#871=EDGE_CURVE('',#684,#685,#548,.T.);
#872=EDGE_CURVE('',#685,#683,#549,.T.);
#873=EDGE_CURVE('',#682,#684,#550,.T.);
#874=EDGE_CURVE('',#648,#685,#348,.T.);
#875=EDGE_CURVE('',#684,#642,#349,.T.);
#876=EDGE_CURVE('',#651,#686,#551,.T.);
#877=EDGE_CURVE('',#686,#679,#552,.T.);
#878=EDGE_CURVE('',#687,#653,#553,.F.);
#879=EDGE_CURVE('',#687,#686,#350,.T.);
#880=EDGE_CURVE('',#685,#688,#351,.T.);
#881=EDGE_CURVE('',#689,#688,#554,.T.);
#882=EDGE_CURVE('',#689,#683,#352,.T.);
#883=EDGE_CURVE('',#647,#688,#353,.T.);
#884=EDGE_CURVE('',#690,#680,#354,.T.);
#885=EDGE_CURVE('',#691,#690,#355,.T.);
#886=EDGE_CURVE('',#692,#691,#555,.T.);
#887=EDGE_CURVE('',#633,#692,#356,.T.);
#888=EDGE_CURVE('',#643,#632,#357,.T.);
#889=EDGE_CURVE('',#692,#693,#556,.T.);
#890=EDGE_CURVE('',#693,#627,#358,.T.);
#891=EDGE_CURVE('',#691,#676,#557,.T.);
#892=EDGE_CURVE('',#676,#693,#558,.T.);
#893=EDGE_CURVE('',#690,#677,#559,.T.);
#894=EDGE_CURVE('',#690,#694,#560,.T.);
#895=EDGE_CURVE('',#694,#662,#561,.T.);
#896=EDGE_CURVE('',#694,#695,#562,.T.);
#897=EDGE_CURVE('',#695,#661,#563,.T.);
#898=EDGE_CURVE('',#695,#696,#359,.T.);
#899=EDGE_CURVE('',#696,#660,#564,.T.);
#900=EDGE_CURVE('',#696,#687,#360,.T.);
#901=EDGE_CURVE('',#686,#695,#361,.T.);
#902=EDGE_CURVE('',#666,#689,#565,.T.);
#903=EDGE_CURVE('',#688,#668,#566,.T.);
#904=EDGE_CURVE('',#678,#693,#362,.T.);
#905=EDGE_CURVE('',#678,#628,#363,.T.);
#906=EDGE_CURVE('',#640,#622,#364,.T.);
#907=EDGE_CURVE('',#697,#697,#567,.T.);
#908=EDGE_CURVE('',#698,#698,#568,.T.);
#909=EDGE_CURVE('',#617,#650,#365,.T.);
#910=EDGE_CURVE('',#618,#698,#366,.T.);
#911=EDGE_CURVE('',#639,#623,#367,.T.);
#912=EDGE_CURVE('',#624,#638,#368,.T.);
#913=EDGE_CURVE('',#644,#631,#369,.T.);
#914=EDGE_CURVE('',#619,#697,#370,.T.);
#915=EDGE_CURVE('',#620,#649,#371,.T.);
#916=ORIENTED_EDGE('',*,*,#699,.T.);
#917=ORIENTED_EDGE('',*,*,#700,.T.);
#918=ORIENTED_EDGE('',*,*,#701,.T.);
#919=ORIENTED_EDGE('',*,*,#702,.T.);
#920=ORIENTED_EDGE('',*,*,#703,.T.);
#921=ORIENTED_EDGE('',*,*,#704,.T.);
#922=ORIENTED_EDGE('',*,*,#701,.F.);
#923=ORIENTED_EDGE('',*,*,#705,.T.);
#924=ORIENTED_EDGE('',*,*,#706,.T.);
#925=ORIENTED_EDGE('',*,*,#707,.T.);
#926=ORIENTED_EDGE('',*,*,#703,.F.);
#927=ORIENTED_EDGE('',*,*,#708,.T.);
#928=ORIENTED_EDGE('',*,*,#709,.T.);
#929=ORIENTED_EDGE('',*,*,#710,.T.);
#930=ORIENTED_EDGE('',*,*,#706,.F.);
#931=ORIENTED_EDGE('',*,*,#711,.T.);
#932=ORIENTED_EDGE('',*,*,#712,.T.);
#933=ORIENTED_EDGE('',*,*,#713,.T.);
#934=ORIENTED_EDGE('',*,*,#709,.F.);
#935=ORIENTED_EDGE('',*,*,#714,.T.);
#936=ORIENTED_EDGE('',*,*,#715,.T.);
#937=ORIENTED_EDGE('',*,*,#716,.T.);
#938=ORIENTED_EDGE('',*,*,#712,.F.);
#939=ORIENTED_EDGE('',*,*,#717,.T.);
#940=ORIENTED_EDGE('',*,*,#718,.T.);
#941=ORIENTED_EDGE('',*,*,#719,.T.);
#942=ORIENTED_EDGE('',*,*,#715,.F.);
#943=ORIENTED_EDGE('',*,*,#720,.T.);
#944=ORIENTED_EDGE('',*,*,#721,.T.);
#945=ORIENTED_EDGE('',*,*,#722,.T.);
#946=ORIENTED_EDGE('',*,*,#718,.F.);
#947=ORIENTED_EDGE('',*,*,#723,.T.);
#948=ORIENTED_EDGE('',*,*,#724,.T.);
#949=ORIENTED_EDGE('',*,*,#725,.T.);
#950=ORIENTED_EDGE('',*,*,#721,.F.);
#951=ORIENTED_EDGE('',*,*,#726,.T.);
#952=ORIENTED_EDGE('',*,*,#727,.T.);
#953=ORIENTED_EDGE('',*,*,#728,.T.);
#954=ORIENTED_EDGE('',*,*,#724,.F.);
#955=ORIENTED_EDGE('',*,*,#729,.T.);
#956=ORIENTED_EDGE('',*,*,#730,.T.);
#957=ORIENTED_EDGE('',*,*,#731,.T.);
#958=ORIENTED_EDGE('',*,*,#727,.F.);
#959=ORIENTED_EDGE('',*,*,#732,.T.);
#960=ORIENTED_EDGE('',*,*,#733,.T.);
#961=ORIENTED_EDGE('',*,*,#734,.T.);
#962=ORIENTED_EDGE('',*,*,#730,.F.);
#963=ORIENTED_EDGE('',*,*,#735,.T.);
#964=ORIENTED_EDGE('',*,*,#736,.T.);
#965=ORIENTED_EDGE('',*,*,#737,.T.);
#966=ORIENTED_EDGE('',*,*,#733,.F.);
#967=ORIENTED_EDGE('',*,*,#738,.T.);
#968=ORIENTED_EDGE('',*,*,#736,.F.);
#969=ORIENTED_EDGE('',*,*,#739,.T.);
#970=ORIENTED_EDGE('',*,*,#699,.F.);
#971=ORIENTED_EDGE('',*,*,#740,.T.);
#972=ORIENTED_EDGE('',*,*,#720,.F.);
#973=ORIENTED_EDGE('',*,*,#741,.F.);
#974=ORIENTED_EDGE('',*,*,#742,.F.);
#975=ORIENTED_EDGE('',*,*,#743,.F.);
#976=ORIENTED_EDGE('',*,*,#744,.F.);
#977=ORIENTED_EDGE('',*,*,#745,.F.);
#978=ORIENTED_EDGE('',*,*,#746,.F.);
#979=ORIENTED_EDGE('',*,*,#747,.F.);
#980=ORIENTED_EDGE('',*,*,#748,.T.);
#981=ORIENTED_EDGE('',*,*,#749,.F.);
#982=ORIENTED_EDGE('',*,*,#717,.F.);
#983=ORIENTED_EDGE('',*,*,#750,.T.);
#984=ORIENTED_EDGE('',*,*,#751,.F.);
#985=ORIENTED_EDGE('',*,*,#741,.T.);
#986=ORIENTED_EDGE('',*,*,#714,.F.);
#987=ORIENTED_EDGE('',*,*,#752,.T.);
#988=ORIENTED_EDGE('',*,*,#753,.F.);
#989=ORIENTED_EDGE('',*,*,#750,.F.);
#990=ORIENTED_EDGE('',*,*,#711,.F.);
#991=ORIENTED_EDGE('',*,*,#754,.F.);
#992=ORIENTED_EDGE('',*,*,#755,.F.);
#993=ORIENTED_EDGE('',*,*,#752,.F.);
#994=ORIENTED_EDGE('',*,*,#708,.F.);
#995=ORIENTED_EDGE('',*,*,#756,.F.);
#996=ORIENTED_EDGE('',*,*,#757,.F.);
#997=ORIENTED_EDGE('',*,*,#754,.T.);
#998=ORIENTED_EDGE('',*,*,#705,.F.);
#999=ORIENTED_EDGE('',*,*,#758,.T.);
#1000=ORIENTED_EDGE('',*,*,#759,.T.);
#1001=ORIENTED_EDGE('',*,*,#756,.T.);
#1002=ORIENTED_EDGE('',*,*,#700,.F.);
#1003=ORIENTED_EDGE('',*,*,#760,.F.);
#1004=ORIENTED_EDGE('',*,*,#761,.T.);
#1005=ORIENTED_EDGE('',*,*,#762,.F.);
#1006=ORIENTED_EDGE('',*,*,#763,.F.);
#1007=ORIENTED_EDGE('',*,*,#764,.F.);
#1008=ORIENTED_EDGE('',*,*,#765,.F.);
#1009=ORIENTED_EDGE('',*,*,#766,.F.);
#1010=ORIENTED_EDGE('',*,*,#767,.F.);
#1011=ORIENTED_EDGE('',*,*,#758,.F.);
#1012=ORIENTED_EDGE('',*,*,#702,.F.);
#1013=ORIENTED_EDGE('',*,*,#704,.F.);
#1014=ORIENTED_EDGE('',*,*,#707,.F.);
#1015=ORIENTED_EDGE('',*,*,#710,.F.);
#1016=ORIENTED_EDGE('',*,*,#713,.F.);
#1017=ORIENTED_EDGE('',*,*,#716,.F.);
#1018=ORIENTED_EDGE('',*,*,#719,.F.);
#1019=ORIENTED_EDGE('',*,*,#722,.F.);
#1020=ORIENTED_EDGE('',*,*,#725,.F.);
#1021=ORIENTED_EDGE('',*,*,#728,.F.);
#1022=ORIENTED_EDGE('',*,*,#731,.F.);
#1023=ORIENTED_EDGE('',*,*,#734,.F.);
#1024=ORIENTED_EDGE('',*,*,#737,.F.);
#1025=ORIENTED_EDGE('',*,*,#740,.F.);
#1026=ORIENTED_EDGE('',*,*,#768,.T.);
#1027=ORIENTED_EDGE('',*,*,#769,.T.);
#1028=ORIENTED_EDGE('',*,*,#770,.T.);
#1029=ORIENTED_EDGE('',*,*,#771,.T.);
#1030=ORIENTED_EDGE('',*,*,#723,.F.);
#1031=ORIENTED_EDGE('',*,*,#749,.T.);
#1032=ORIENTED_EDGE('',*,*,#772,.T.);
#1033=ORIENTED_EDGE('',*,*,#773,.T.);
#1034=ORIENTED_EDGE('',*,*,#726,.F.);
#1035=ORIENTED_EDGE('',*,*,#773,.F.);
#1036=ORIENTED_EDGE('',*,*,#774,.T.);
#1037=ORIENTED_EDGE('',*,*,#775,.T.);
#1038=ORIENTED_EDGE('',*,*,#776,.T.);
#1039=ORIENTED_EDGE('',*,*,#777,.T.);
#1040=ORIENTED_EDGE('',*,*,#778,.T.);
#1041=ORIENTED_EDGE('',*,*,#779,.F.);
#1042=ORIENTED_EDGE('',*,*,#780,.T.);
#1043=ORIENTED_EDGE('',*,*,#781,.T.);
#1044=ORIENTED_EDGE('',*,*,#782,.T.);
#1045=ORIENTED_EDGE('',*,*,#783,.T.);
#1046=ORIENTED_EDGE('',*,*,#784,.T.);
#1047=ORIENTED_EDGE('',*,*,#785,.T.);
#1048=ORIENTED_EDGE('',*,*,#786,.F.);
#1049=ORIENTED_EDGE('',*,*,#729,.F.);
#1050=ORIENTED_EDGE('',*,*,#779,.T.);
#1051=ORIENTED_EDGE('',*,*,#787,.T.);
#1052=ORIENTED_EDGE('',*,*,#788,.T.);
#1053=ORIENTED_EDGE('',*,*,#735,.F.);
#1054=ORIENTED_EDGE('',*,*,#789,.T.);
#1055=ORIENTED_EDGE('',*,*,#790,.T.);
#1056=ORIENTED_EDGE('',*,*,#791,.T.);
#1057=ORIENTED_EDGE('',*,*,#738,.F.);
#1058=ORIENTED_EDGE('',*,*,#791,.F.);
#1059=ORIENTED_EDGE('',*,*,#792,.F.);
#1060=ORIENTED_EDGE('',*,*,#793,.F.);
#1061=ORIENTED_EDGE('',*,*,#794,.T.);
#1062=ORIENTED_EDGE('',*,*,#795,.T.);
#1063=ORIENTED_EDGE('',*,*,#796,.F.);
#1064=ORIENTED_EDGE('',*,*,#797,.F.);
#1065=ORIENTED_EDGE('',*,*,#798,.T.);
#1066=ORIENTED_EDGE('',*,*,#799,.F.);
#1067=ORIENTED_EDGE('',*,*,#800,.T.);
#1068=ORIENTED_EDGE('',*,*,#801,.T.);
#1069=ORIENTED_EDGE('',*,*,#802,.T.);
#1070=ORIENTED_EDGE('',*,*,#803,.T.);
#1071=ORIENTED_EDGE('',*,*,#804,.F.);
#1072=ORIENTED_EDGE('',*,*,#787,.F.);
#1073=ORIENTED_EDGE('',*,*,#778,.F.);
#1074=ORIENTED_EDGE('',*,*,#805,.F.);
#1075=ORIENTED_EDGE('',*,*,#792,.T.);
#1076=ORIENTED_EDGE('',*,*,#790,.F.);
#1077=ORIENTED_EDGE('',*,*,#806,.T.);
#1078=ORIENTED_EDGE('',*,*,#807,.T.);
#1079=ORIENTED_EDGE('',*,*,#808,.T.);
#1080=ORIENTED_EDGE('',*,*,#739,.F.);
#1081=ORIENTED_EDGE('',*,*,#797,.T.);
#1082=ORIENTED_EDGE('',*,*,#809,.T.);
#1083=ORIENTED_EDGE('',*,*,#760,.T.);
#1084=ORIENTED_EDGE('',*,*,#810,.T.);
#1085=ORIENTED_EDGE('',*,*,#811,.T.);
#1086=ORIENTED_EDGE('',*,*,#812,.T.);
#1087=ORIENTED_EDGE('',*,*,#763,.T.);
#1088=ORIENTED_EDGE('',*,*,#813,.T.);
#1089=ORIENTED_EDGE('',*,*,#814,.T.);
#1090=ORIENTED_EDGE('',*,*,#810,.F.);
#1091=ORIENTED_EDGE('',*,*,#762,.T.);
#1092=ORIENTED_EDGE('',*,*,#815,.T.);
#1093=ORIENTED_EDGE('',*,*,#816,.T.);
#1094=ORIENTED_EDGE('',*,*,#817,.T.);
#1095=ORIENTED_EDGE('',*,*,#765,.T.);
#1096=ORIENTED_EDGE('',*,*,#759,.F.);
#1097=ORIENTED_EDGE('',*,*,#767,.T.);
#1098=ORIENTED_EDGE('',*,*,#818,.T.);
#1099=ORIENTED_EDGE('',*,*,#819,.T.);
#1100=ORIENTED_EDGE('',*,*,#818,.F.);
#1101=ORIENTED_EDGE('',*,*,#766,.T.);
#1102=ORIENTED_EDGE('',*,*,#817,.F.);
#1103=ORIENTED_EDGE('',*,*,#820,.T.);
#1104=ORIENTED_EDGE('',*,*,#815,.F.);
#1105=ORIENTED_EDGE('',*,*,#764,.T.);
#1106=ORIENTED_EDGE('',*,*,#812,.F.);
#1107=ORIENTED_EDGE('',*,*,#821,.T.);
#1108=ORIENTED_EDGE('',*,*,#751,.T.);
#1109=ORIENTED_EDGE('',*,*,#822,.T.);
#1110=ORIENTED_EDGE('',*,*,#823,.T.);
#1111=ORIENTED_EDGE('',*,*,#742,.T.);
#1112=ORIENTED_EDGE('',*,*,#824,.T.);
#1113=ORIENTED_EDGE('',*,*,#825,.T.);
#1114=ORIENTED_EDGE('',*,*,#826,.T.);
#1115=ORIENTED_EDGE('',*,*,#744,.T.);
#1116=ORIENTED_EDGE('',*,*,#827,.T.);
#1117=ORIENTED_EDGE('',*,*,#747,.T.);
#1118=ORIENTED_EDGE('',*,*,#828,.T.);
#1119=ORIENTED_EDGE('',*,*,#829,.T.);
#1120=ORIENTED_EDGE('',*,*,#828,.F.);
#1121=ORIENTED_EDGE('',*,*,#746,.T.);
#1122=ORIENTED_EDGE('',*,*,#830,.T.);
#1123=ORIENTED_EDGE('',*,*,#831,.T.);
#1124=ORIENTED_EDGE('',*,*,#830,.F.);
#1125=ORIENTED_EDGE('',*,*,#745,.T.);
#1126=ORIENTED_EDGE('',*,*,#826,.F.);
#1127=ORIENTED_EDGE('',*,*,#832,.T.);
#1128=ORIENTED_EDGE('',*,*,#824,.F.);
#1129=ORIENTED_EDGE('',*,*,#743,.T.);
#1130=ORIENTED_EDGE('',*,*,#823,.F.);
#1131=ORIENTED_EDGE('',*,*,#833,.T.);
#1132=ORIENTED_EDGE('',*,*,#820,.F.);
#1133=ORIENTED_EDGE('',*,*,#834,.T.);
#1134=ORIENTED_EDGE('',*,*,#835,.T.);
#1135=ORIENTED_EDGE('',*,*,#836,.T.);
#1136=ORIENTED_EDGE('',*,*,#837,.T.);
#1137=ORIENTED_EDGE('',*,*,#838,.T.);
#1138=ORIENTED_EDGE('',*,*,#839,.T.);
#1139=ORIENTED_EDGE('',*,*,#835,.F.);
#1140=ORIENTED_EDGE('',*,*,#840,.T.);
#1141=ORIENTED_EDGE('',*,*,#838,.F.);
#1142=ORIENTED_EDGE('',*,*,#841,.T.);
#1143=ORIENTED_EDGE('',*,*,#842,.T.);
#1144=ORIENTED_EDGE('',*,*,#819,.F.);
#1145=ORIENTED_EDGE('',*,*,#837,.F.);
#1146=ORIENTED_EDGE('',*,*,#843,.T.);
#1147=ORIENTED_EDGE('',*,*,#757,.T.);
#1148=ORIENTED_EDGE('',*,*,#843,.F.);
#1149=ORIENTED_EDGE('',*,*,#836,.F.);
#1150=ORIENTED_EDGE('',*,*,#844,.T.);
#1151=ORIENTED_EDGE('',*,*,#845,.F.);
#1152=ORIENTED_EDGE('',*,*,#846,.F.);
#1153=ORIENTED_EDGE('',*,*,#755,.T.);
#1154=ORIENTED_EDGE('',*,*,#833,.F.);
#1155=ORIENTED_EDGE('',*,*,#847,.T.);
#1156=ORIENTED_EDGE('',*,*,#845,.T.);
#1157=ORIENTED_EDGE('',*,*,#848,.T.);
#1158=ORIENTED_EDGE('',*,*,#849,.T.);
#1159=ORIENTED_EDGE('',*,*,#850,.T.);
#1160=ORIENTED_EDGE('',*,*,#851,.T.);
#1161=ORIENTED_EDGE('',*,*,#848,.F.);
#1162=ORIENTED_EDGE('',*,*,#852,.T.);
#1163=ORIENTED_EDGE('',*,*,#853,.T.);
#1164=ORIENTED_EDGE('',*,*,#854,.T.);
#1165=ORIENTED_EDGE('',*,*,#850,.F.);
#1166=ORIENTED_EDGE('',*,*,#822,.F.);
#1167=ORIENTED_EDGE('',*,*,#753,.T.);
#1168=ORIENTED_EDGE('',*,*,#846,.T.);
#1169=ORIENTED_EDGE('',*,*,#847,.F.);
#1170=ORIENTED_EDGE('',*,*,#825,.F.);
#1171=ORIENTED_EDGE('',*,*,#849,.F.);
#1172=ORIENTED_EDGE('',*,*,#851,.F.);
#1173=ORIENTED_EDGE('',*,*,#855,.F.);
#1174=ORIENTED_EDGE('',*,*,#856,.F.);
#1175=ORIENTED_EDGE('',*,*,#857,.F.);
#1176=ORIENTED_EDGE('',*,*,#858,.F.);
#1177=ORIENTED_EDGE('',*,*,#854,.F.);
#1178=ORIENTED_EDGE('',*,*,#859,.T.);
#1179=ORIENTED_EDGE('',*,*,#860,.F.);
#1180=ORIENTED_EDGE('',*,*,#855,.T.);
#1181=ORIENTED_EDGE('',*,*,#842,.F.);
#1182=ORIENTED_EDGE('',*,*,#861,.F.);
#1183=ORIENTED_EDGE('',*,*,#801,.F.);
#1184=ORIENTED_EDGE('',*,*,#862,.T.);
#1185=ORIENTED_EDGE('',*,*,#782,.F.);
#1186=ORIENTED_EDGE('',*,*,#863,.F.);
#1187=ORIENTED_EDGE('',*,*,#853,.F.);
#1188=ORIENTED_EDGE('',*,*,#852,.F.);
#1189=ORIENTED_EDGE('',*,*,#844,.F.);
#1190=ORIENTED_EDGE('',*,*,#839,.F.);
#1191=ORIENTED_EDGE('',*,*,#821,.F.);
#1192=ORIENTED_EDGE('',*,*,#864,.T.);
#1193=ORIENTED_EDGE('',*,*,#865,.T.);
#1194=ORIENTED_EDGE('',*,*,#866,.T.);
#1195=ORIENTED_EDGE('',*,*,#867,.T.);
#1196=ORIENTED_EDGE('',*,*,#868,.T.);
#1197=ORIENTED_EDGE('',*,*,#869,.T.);
#1198=ORIENTED_EDGE('',*,*,#866,.F.);
#1199=ORIENTED_EDGE('',*,*,#870,.T.);
#1200=ORIENTED_EDGE('',*,*,#871,.T.);
#1201=ORIENTED_EDGE('',*,*,#872,.T.);
#1202=ORIENTED_EDGE('',*,*,#868,.F.);
#1203=ORIENTED_EDGE('',*,*,#873,.T.);
#1204=ORIENTED_EDGE('',*,*,#804,.T.);
#1205=ORIENTED_EDGE('',*,*,#874,.T.);
#1206=ORIENTED_EDGE('',*,*,#871,.F.);
#1207=ORIENTED_EDGE('',*,*,#875,.T.);
#1208=ORIENTED_EDGE('',*,*,#811,.F.);
#1209=ORIENTED_EDGE('',*,*,#876,.T.);
#1210=ORIENTED_EDGE('',*,*,#877,.T.);
#1211=ORIENTED_EDGE('',*,*,#864,.F.);
#1212=ORIENTED_EDGE('',*,*,#814,.F.);
#1213=ORIENTED_EDGE('',*,*,#878,.F.);
#1214=ORIENTED_EDGE('',*,*,#879,.T.);
#1215=ORIENTED_EDGE('',*,*,#876,.F.);
#1216=ORIENTED_EDGE('',*,*,#872,.F.);
#1217=ORIENTED_EDGE('',*,*,#880,.T.);
#1218=ORIENTED_EDGE('',*,*,#881,.F.);
#1219=ORIENTED_EDGE('',*,*,#882,.T.);
#1220=ORIENTED_EDGE('',*,*,#874,.F.);
#1221=ORIENTED_EDGE('',*,*,#803,.F.);
#1222=ORIENTED_EDGE('',*,*,#883,.T.);
#1223=ORIENTED_EDGE('',*,*,#880,.F.);
#1224=ORIENTED_EDGE('',*,*,#875,.F.);
#1225=ORIENTED_EDGE('',*,*,#873,.F.);
#1226=ORIENTED_EDGE('',*,*,#870,.F.);
#1227=ORIENTED_EDGE('',*,*,#884,.F.);
#1228=ORIENTED_EDGE('',*,*,#885,.F.);
#1229=ORIENTED_EDGE('',*,*,#886,.F.);
#1230=ORIENTED_EDGE('',*,*,#887,.F.);
#1231=ORIENTED_EDGE('',*,*,#785,.F.);
#1232=ORIENTED_EDGE('',*,*,#888,.F.);
#1233=ORIENTED_EDGE('',*,*,#798,.F.);
#1234=ORIENTED_EDGE('',*,*,#889,.T.);
#1235=ORIENTED_EDGE('',*,*,#890,.T.);
#1236=ORIENTED_EDGE('',*,*,#786,.T.);
#1237=ORIENTED_EDGE('',*,*,#887,.T.);
#1238=ORIENTED_EDGE('',*,*,#891,.T.);
#1239=ORIENTED_EDGE('',*,*,#892,.T.);
#1240=ORIENTED_EDGE('',*,*,#889,.F.);
#1241=ORIENTED_EDGE('',*,*,#886,.T.);
#1242=ORIENTED_EDGE('',*,*,#893,.T.);
#1243=ORIENTED_EDGE('',*,*,#857,.T.);
#1244=ORIENTED_EDGE('',*,*,#891,.F.);
#1245=ORIENTED_EDGE('',*,*,#885,.T.);
#1246=ORIENTED_EDGE('',*,*,#832,.F.);
#1247=ORIENTED_EDGE('',*,*,#858,.T.);
#1248=ORIENTED_EDGE('',*,*,#893,.F.);
#1249=ORIENTED_EDGE('',*,*,#894,.T.);
#1250=ORIENTED_EDGE('',*,*,#895,.T.);
#1251=ORIENTED_EDGE('',*,*,#831,.F.);
#1252=ORIENTED_EDGE('',*,*,#895,.F.);
#1253=ORIENTED_EDGE('',*,*,#896,.T.);
#1254=ORIENTED_EDGE('',*,*,#897,.T.);
#1255=ORIENTED_EDGE('',*,*,#829,.F.);
#1256=ORIENTED_EDGE('',*,*,#897,.F.);
#1257=ORIENTED_EDGE('',*,*,#898,.T.);
#1258=ORIENTED_EDGE('',*,*,#899,.T.);
#1259=ORIENTED_EDGE('',*,*,#879,.F.);
#1260=ORIENTED_EDGE('',*,*,#900,.F.);
#1261=ORIENTED_EDGE('',*,*,#898,.F.);
#1262=ORIENTED_EDGE('',*,*,#901,.F.);
#1263=ORIENTED_EDGE('',*,*,#877,.F.);
#1264=ORIENTED_EDGE('',*,*,#901,.T.);
#1265=ORIENTED_EDGE('',*,*,#896,.F.);
#1266=ORIENTED_EDGE('',*,*,#894,.F.);
#1267=ORIENTED_EDGE('',*,*,#884,.T.);
#1268=ORIENTED_EDGE('',*,*,#865,.F.);
#1269=ORIENTED_EDGE('',*,*,#841,.F.);
#1270=ORIENTED_EDGE('',*,*,#902,.T.);
#1271=ORIENTED_EDGE('',*,*,#881,.T.);
#1272=ORIENTED_EDGE('',*,*,#903,.T.);
#1273=ORIENTED_EDGE('',*,*,#816,.F.);
#1274=ORIENTED_EDGE('',*,*,#867,.F.);
#1275=ORIENTED_EDGE('',*,*,#869,.F.);
#1276=ORIENTED_EDGE('',*,*,#882,.F.);
#1277=ORIENTED_EDGE('',*,*,#902,.F.);
#1278=ORIENTED_EDGE('',*,*,#840,.F.);
#1279=ORIENTED_EDGE('',*,*,#834,.F.);
#1280=ORIENTED_EDGE('',*,*,#892,.F.);
#1281=ORIENTED_EDGE('',*,*,#856,.T.);
#1282=ORIENTED_EDGE('',*,*,#860,.T.);
#1283=ORIENTED_EDGE('',*,*,#904,.T.);
#1284=ORIENTED_EDGE('',*,*,#903,.F.);
#1285=ORIENTED_EDGE('',*,*,#883,.F.);
#1286=ORIENTED_EDGE('',*,*,#802,.F.);
#1287=ORIENTED_EDGE('',*,*,#861,.T.);
#1288=ORIENTED_EDGE('',*,*,#859,.F.);
#1289=ORIENTED_EDGE('',*,*,#863,.T.);
#1290=ORIENTED_EDGE('',*,*,#781,.F.);
#1291=ORIENTED_EDGE('',*,*,#905,.F.);
#1292=ORIENTED_EDGE('',*,*,#772,.F.);
#1293=ORIENTED_EDGE('',*,*,#748,.F.);
#1294=ORIENTED_EDGE('',*,*,#827,.F.);
#1295=ORIENTED_EDGE('',*,*,#899,.F.);
#1296=ORIENTED_EDGE('',*,*,#900,.T.);
#1297=ORIENTED_EDGE('',*,*,#878,.T.);
#1298=ORIENTED_EDGE('',*,*,#813,.F.);
#1299=ORIENTED_EDGE('',*,*,#761,.F.);
#1300=ORIENTED_EDGE('',*,*,#809,.F.);
#1301=ORIENTED_EDGE('',*,*,#796,.T.);
#1302=ORIENTED_EDGE('',*,*,#906,.T.);
#1303=ORIENTED_EDGE('',*,*,#774,.F.);
#1304=ORIENTED_EDGE('',*,*,#907,.T.);
#1305=ORIENTED_EDGE('',*,*,#908,.T.);
#1306=ORIENTED_EDGE('',*,*,#768,.F.);
#1307=ORIENTED_EDGE('',*,*,#909,.T.);
#1308=ORIENTED_EDGE('',*,*,#808,.F.);
#1309=ORIENTED_EDGE('',*,*,#909,.F.);
#1310=ORIENTED_EDGE('',*,*,#769,.F.);
#1311=ORIENTED_EDGE('',*,*,#910,.T.);
#1312=ORIENTED_EDGE('',*,*,#908,.F.);
#1313=ORIENTED_EDGE('',*,*,#910,.F.);
#1314=ORIENTED_EDGE('',*,*,#911,.T.);
#1315=ORIENTED_EDGE('',*,*,#775,.F.);
#1316=ORIENTED_EDGE('',*,*,#906,.F.);
#1317=ORIENTED_EDGE('',*,*,#795,.F.);
#1318=ORIENTED_EDGE('',*,*,#912,.T.);
#1319=ORIENTED_EDGE('',*,*,#793,.T.);
#1320=ORIENTED_EDGE('',*,*,#805,.T.);
#1321=ORIENTED_EDGE('',*,*,#777,.F.);
#1322=ORIENTED_EDGE('',*,*,#890,.F.);
#1323=ORIENTED_EDGE('',*,*,#904,.F.);
#1324=ORIENTED_EDGE('',*,*,#905,.T.);
#1325=ORIENTED_EDGE('',*,*,#780,.F.);
#1326=ORIENTED_EDGE('',*,*,#888,.T.);
#1327=ORIENTED_EDGE('',*,*,#784,.F.);
#1328=ORIENTED_EDGE('',*,*,#913,.F.);
#1329=ORIENTED_EDGE('',*,*,#799,.T.);
#1330=ORIENTED_EDGE('',*,*,#912,.F.);
#1331=ORIENTED_EDGE('',*,*,#776,.F.);
#1332=ORIENTED_EDGE('',*,*,#911,.F.);
#1333=ORIENTED_EDGE('',*,*,#794,.F.);
#1334=ORIENTED_EDGE('',*,*,#732,.F.);
#1335=ORIENTED_EDGE('',*,*,#788,.F.);
#1336=ORIENTED_EDGE('',*,*,#806,.F.);
#1337=ORIENTED_EDGE('',*,*,#789,.F.);
#1338=ORIENTED_EDGE('',*,*,#770,.F.);
#1339=ORIENTED_EDGE('',*,*,#914,.T.);
#1340=ORIENTED_EDGE('',*,*,#907,.F.);
#1341=ORIENTED_EDGE('',*,*,#914,.F.);
#1342=ORIENTED_EDGE('',*,*,#771,.F.);
#1343=ORIENTED_EDGE('',*,*,#915,.T.);
#1344=ORIENTED_EDGE('',*,*,#807,.F.);
#1345=ORIENTED_EDGE('',*,*,#915,.F.);
#1346=ORIENTED_EDGE('',*,*,#913,.T.);
#1347=ORIENTED_EDGE('',*,*,#783,.F.);
#1348=ORIENTED_EDGE('',*,*,#862,.F.);
#1349=ORIENTED_EDGE('',*,*,#800,.F.);
#1350=CYLINDRICAL_SURFACE('',#1476,0.5);
#1351=CYLINDRICAL_SURFACE('',#1486,0.5);
#1352=CYLINDRICAL_SURFACE('',#1495,0.5);
#1353=CYLINDRICAL_SURFACE('',#1501,0.5);
#1354=CYLINDRICAL_SURFACE('',#1507,0.5);
#1355=CYLINDRICAL_SURFACE('',#1513,0.5);
#1356=CYLINDRICAL_SURFACE('',#1519,1.);
#1357=CYLINDRICAL_SURFACE('',#1521,1.1);
#1358=CYLINDRICAL_SURFACE('',#1524,1.1);
#1359=CYLINDRICAL_SURFACE('',#1526,1.);
#1360=CYLINDRICAL_SURFACE('',#1534,2.);
#1361=CYLINDRICAL_SURFACE('',#1540,2.);
#1362=CYLINDRICAL_SURFACE('',#1542,2.);
#1363=CYLINDRICAL_SURFACE('',#1551,2.);
#1364=CYLINDRICAL_SURFACE('',#1555,1.);
#1365=CYLINDRICAL_SURFACE('',#1557,1.);
#1366=CYLINDRICAL_SURFACE('',#1562,1.);
#1367=CYLINDRICAL_SURFACE('',#1565,1.);
#1368=CYLINDRICAL_SURFACE('',#1574,1.1);
#1369=CYLINDRICAL_SURFACE('',#1578,1.);
#1370=CYLINDRICAL_SURFACE('',#1585,1.1);
#1371=CYLINDRICAL_SURFACE('',#1600,1.1);
#1372=CYLINDRICAL_SURFACE('',#1606,1.1);
#1373=CYLINDRICAL_SURFACE('',#1610,1.1);
#1374=CYLINDRICAL_SURFACE('',#1612,1.);
#1375=CYLINDRICAL_SURFACE('',#1617,1.1);
#1376=CYLINDRICAL_SURFACE('',#1622,1.1);
#1377=CYLINDRICAL_SURFACE('',#1630,1.1);
#1378=CYLINDRICAL_SURFACE('',#1633,1.);
#1379=CYLINDRICAL_SURFACE('',#1638,1.);
#1380=CYLINDRICAL_SURFACE('',#1639,3.);
#1381=CYLINDRICAL_SURFACE('',#1640,3.);
#1382=CYLINDRICAL_SURFACE('',#1644,1.55);
#1383=CYLINDRICAL_SURFACE('',#1645,1.55);
#1384=CYLINDRICAL_SURFACE('',#1652,1.55);
#1385=CYLINDRICAL_SURFACE('',#1653,1.55);
#1386=CYLINDRICAL_SURFACE('',#1654,3.);
#1387=ADVANCED_FACE('',(#95),#1350,.T.);
#1388=ADVANCED_FACE('',(#96),#93,.F.);
#1389=ADVANCED_FACE('',(#97),#75,.T.);
#1390=ADVANCED_FACE('',(#98),#1351,.T.);
#1391=ADVANCED_FACE('',(#99),#76,.T.);
#1392=ADVANCED_FACE('',(#100),#94,.F.);
#1393=ADVANCED_FACE('',(#101),#1352,.T.);
#1394=ADVANCED_FACE('',(#102),#77,.T.);
#1395=ADVANCED_FACE('',(#103),#1353,.T.);
#1396=ADVANCED_FACE('',(#104),#78,.T.);
#1397=ADVANCED_FACE('',(#105),#1354,.T.);
#1398=ADVANCED_FACE('',(#106),#79,.T.);
#1399=ADVANCED_FACE('',(#107),#1355,.T.);
#1400=ADVANCED_FACE('',(#108),#80,.T.);
#1401=ADVANCED_FACE('',(#109),#55,.F.);
#1402=ADVANCED_FACE('',(#110),#1356,.T.);
#1403=ADVANCED_FACE('',(#111),#1357,.F.);
#1404=ADVANCED_FACE('',(#112),#56,.F.);
#1405=ADVANCED_FACE('',(#113),#1358,.F.);
#1406=ADVANCED_FACE('',(#114),#1359,.T.);
#1407=ADVANCED_FACE('',(#115),#57,.F.);
#1408=ADVANCED_FACE('',(#116,#25,#26,#27,#28),#58,.T.);
#1409=ADVANCED_FACE('',(#117),#1360,.T.);
#1410=ADVANCED_FACE('',(#118,#29),#59,.T.);
#1411=ADVANCED_FACE('',(#119),#1361,.T.);
#1412=ADVANCED_FACE('',(#120),#1362,.T.);
#1413=ADVANCED_FACE('',(#121,#30),#60,.F.);
#1414=ADVANCED_FACE('',(#122,#31,#32),#61,.T.);
#1415=ADVANCED_FACE('',(#123),#1363,.T.);
#1416=ADVANCED_FACE('',(#124),#15,.F.);
#1417=ADVANCED_FACE('',(#125),#1364,.T.);
#1418=ADVANCED_FACE('',(#126),#1365,.T.);
#1419=ADVANCED_FACE('',(#127),#16,.F.);
#1420=ADVANCED_FACE('',(#128),#17,.F.);
#1421=ADVANCED_FACE('',(#129),#18,.F.);
#1422=ADVANCED_FACE('',(#130),#19,.F.);
#1423=ADVANCED_FACE('',(#131),#1366,.T.);
#1424=ADVANCED_FACE('',(#132),#1367,.T.);
#1425=ADVANCED_FACE('',(#133),#20,.F.);
#1426=ADVANCED_FACE('',(#134),#21,.F.);
#1427=ADVANCED_FACE('',(#135),#22,.F.);
#1428=ADVANCED_FACE('',(#136),#81,.F.);
#1429=ADVANCED_FACE('',(#137),#1368,.F.);
#1430=ADVANCED_FACE('',(#138),#23,.T.);
#1431=ADVANCED_FACE('',(#139),#82,.F.);
#1432=ADVANCED_FACE('',(#140),#1369,.T.);
#1433=ADVANCED_FACE('',(#141),#83,.F.);
#1434=ADVANCED_FACE('',(#142),#1370,.F.);
#1435=ADVANCED_FACE('',(#143),#24,.T.);
#1436=ADVANCED_FACE('',(#144),#84,.F.);
#1437=ADVANCED_FACE('',(#145),#62,.F.);
#1438=ADVANCED_FACE('',(#146),#85,.T.);
#1439=ADVANCED_FACE('',(#147),#63,.T.);
#1440=ADVANCED_FACE('',(#148),#86,.F.);
#1441=ADVANCED_FACE('',(#149),#1371,.F.);
#1442=ADVANCED_FACE('',(#150),#87,.F.);
#1443=ADVANCED_FACE('',(#151),#1372,.F.);
#1444=ADVANCED_FACE('',(#152),#88,.F.);
#1445=ADVANCED_FACE('',(#153),#1373,.F.);
#1446=ADVANCED_FACE('',(#154),#1374,.T.);
#1447=ADVANCED_FACE('',(#155),#64,.T.);
#1448=ADVANCED_FACE('',(#156),#65,.T.);
#1449=ADVANCED_FACE('',(#157),#1375,.F.);
#1450=ADVANCED_FACE('',(#158),#89,.F.);
#1451=ADVANCED_FACE('',(#159),#1376,.F.);
#1452=ADVANCED_FACE('',(#160),#90,.F.);
#1453=ADVANCED_FACE('',(#161),#91,.F.);
#1454=ADVANCED_FACE('',(#162),#1377,.F.);
#1455=ADVANCED_FACE('',(#163),#66,.F.);
#1456=ADVANCED_FACE('',(#164),#1378,.T.);
#1457=ADVANCED_FACE('',(#165),#92,.T.);
#1458=ADVANCED_FACE('',(#166),#67,.F.);
#1459=ADVANCED_FACE('',(#167),#1379,.T.);
#1460=ADVANCED_FACE('',(#168),#1380,.F.);
#1461=ADVANCED_FACE('',(#169),#1381,.F.);
#1462=ADVANCED_FACE('',(#170,#33,#34),#68,.T.);
#1463=ADVANCED_FACE('',(#171),#1382,.F.);
#1464=ADVANCED_FACE('',(#172),#1383,.F.);
#1465=ADVANCED_FACE('',(#173),#69,.T.);
#1466=ADVANCED_FACE('',(#174),#70,.T.);
#1467=ADVANCED_FACE('',(#175),#71,.T.);
#1468=ADVANCED_FACE('',(#176),#72,.T.);
#1469=ADVANCED_FACE('',(#177),#73,.T.);
#1470=ADVANCED_FACE('',(#178),#74,.F.);
#1471=ADVANCED_FACE('',(#179),#1384,.F.);
#1472=ADVANCED_FACE('',(#180),#1385,.F.);
#1473=ADVANCED_FACE('',(#181),#1386,.F.);
#1474=CLOSED_SHELL('',(#1387,#1388,#1389,#1390,#1391,#1392,#1393,#1394,
#1395,#1396,#1397,#1398,#1399,#1400,#1401,#1402,#1403,#1404,#1405,#1406,
#1407,#1408,#1409,#1410,#1411,#1412,#1413,#1414,#1415,#1416,#1417,#1418,
#1419,#1420,#1421,#1422,#1423,#1424,#1425,#1426,#1427,#1428,#1429,#1430,
#1431,#1432,#1433,#1434,#1435,#1436,#1437,#1438,#1439,#1440,#1441,#1442,
#1443,#1444,#1445,#1446,#1447,#1448,#1449,#1450,#1451,#1452,#1453,#1454,
#1455,#1456,#1457,#1458,#1459,#1460,#1461,#1462,#1463,#1464,#1465,#1466,
#1467,#1468,#1469,#1470,#1471,#1472,#1473));
#1475=AXIS2_PLACEMENT_3D('',#2108,#1655,#1656);
#1476=AXIS2_PLACEMENT_3D('',#2109,#1657,#1658);
#1477=AXIS2_PLACEMENT_3D('',#2112,#1659,#1660);
#1478=AXIS2_PLACEMENT_3D('',#2116,#1662,#1663);
#1479=AXIS2_PLACEMENT_3D('',#2129,#1665,#1666);
#1480=AXIS2_PLACEMENT_3D('',#2130,#1667,#1668);
#1481=AXIS2_PLACEMENT_3D('',#2131,#1669,#1670);
#1482=AXIS2_PLACEMENT_3D('',#2132,#1671,#1672);
#1483=AXIS2_PLACEMENT_3D('',#2135,#1673,#1674);
#1484=AXIS2_PLACEMENT_3D('',#2136,#1675,#1676);
#1485=AXIS2_PLACEMENT_3D('',#2137,#1677,#1678);
#1486=AXIS2_PLACEMENT_3D('',#2138,#1679,#1680);
#1487=AXIS2_PLACEMENT_3D('',#2141,#1681,#1682);
#1488=AXIS2_PLACEMENT_3D('',#2144,#1685,#1686);
#1489=AXIS2_PLACEMENT_3D('',#2147,#1687,#1688);
#1490=AXIS2_PLACEMENT_3D('',#2148,#1689,#1690);
#1491=AXIS2_PLACEMENT_3D('',#2149,#1691,#1692);
#1492=AXIS2_PLACEMENT_3D('',#2161,#1693,#1694);
#1493=AXIS2_PLACEMENT_3D('',#2162,#1695,#1696);
#1494=AXIS2_PLACEMENT_3D('',#2163,#1697,#1698);
#1495=AXIS2_PLACEMENT_3D('',#2164,#1699,#1700);
#1496=AXIS2_PLACEMENT_3D('',#2167,#1701,#1702);
#1497=AXIS2_PLACEMENT_3D('',#2170,#1705,#1706);
#1498=AXIS2_PLACEMENT_3D('',#2173,#1707,#1708);
#1499=AXIS2_PLACEMENT_3D('',#2174,#1709,#1710);
#1500=AXIS2_PLACEMENT_3D('',#2175,#1711,#1712);
#1501=AXIS2_PLACEMENT_3D('',#2176,#1713,#1714);
#1502=AXIS2_PLACEMENT_3D('',#2179,#1715,#1716);
#1503=AXIS2_PLACEMENT_3D('',#2182,#1719,#1720);
#1504=AXIS2_PLACEMENT_3D('',#2185,#1721,#1722);
#1505=AXIS2_PLACEMENT_3D('',#2186,#1723,#1724);
#1506=AXIS2_PLACEMENT_3D('',#2187,#1725,#1726);
#1507=AXIS2_PLACEMENT_3D('',#2188,#1727,#1728);
#1508=AXIS2_PLACEMENT_3D('',#2191,#1729,#1730);
#1509=AXIS2_PLACEMENT_3D('',#2194,#1733,#1734);
#1510=AXIS2_PLACEMENT_3D('',#2197,#1735,#1736);
#1511=AXIS2_PLACEMENT_3D('',#2198,#1737,#1738);
#1512=AXIS2_PLACEMENT_3D('',#2199,#1739,#1740);
#1513=AXIS2_PLACEMENT_3D('',#2200,#1741,#1742);
#1514=AXIS2_PLACEMENT_3D('',#2203,#1743,#1744);
#1515=AXIS2_PLACEMENT_3D('',#2206,#1747,#1748);
#1516=AXIS2_PLACEMENT_3D('',#2207,#1749,#1750);
#1517=AXIS2_PLACEMENT_3D('',#2208,#1751,#1752);
#1518=AXIS2_PLACEMENT_3D('',#2209,#1753,#1754);
#1519=AXIS2_PLACEMENT_3D('',#2241,#1760,#1761);
#1520=AXIS2_PLACEMENT_3D('',#2244,#1763,#1764);
#1521=AXIS2_PLACEMENT_3D('',#2245,#1765,#1766);
#1522=AXIS2_PLACEMENT_3D('',#2248,#1768,#1769);
#1523=AXIS2_PLACEMENT_3D('',#2249,#1770,#1771);
#1524=AXIS2_PLACEMENT_3D('',#2253,#1774,#1775);
#1525=AXIS2_PLACEMENT_3D('',#2256,#1777,#1778);
#1526=AXIS2_PLACEMENT_3D('',#2257,#1779,#1780);
#1527=AXIS2_PLACEMENT_3D('',#2260,#1782,#1783);
#1528=AXIS2_PLACEMENT_3D('',#2261,#1784,#1785);
#1529=AXIS2_PLACEMENT_3D('',#2291,#1790,#1791);
#1530=AXIS2_PLACEMENT_3D('',#2293,#1792,#1793);
#1531=AXIS2_PLACEMENT_3D('',#2295,#1794,#1795);
#1532=AXIS2_PLACEMENT_3D('',#2297,#1796,#1797);
#1533=AXIS2_PLACEMENT_3D('',#2299,#1798,#1799);
#1534=AXIS2_PLACEMENT_3D('',#2300,#1800,#1801);
#1535=AXIS2_PLACEMENT_3D('',#2302,#1802,#1803);
#1536=AXIS2_PLACEMENT_3D('',#2304,#1805,#1806);
#1537=AXIS2_PLACEMENT_3D('',#2320,#1814,#1815);
#1538=AXIS2_PLACEMENT_3D('',#2324,#1817,#1818);
#1539=AXIS2_PLACEMENT_3D('',#2329,#1821,#1822);
#1540=AXIS2_PLACEMENT_3D('',#2330,#1823,#1824);
#1541=AXIS2_PLACEMENT_3D('',#2332,#1825,#1826);
#1542=AXIS2_PLACEMENT_3D('',#2334,#1828,#1829);
#1543=AXIS2_PLACEMENT_3D('',#2338,#1831,#1832);
#1544=AXIS2_PLACEMENT_3D('',#2340,#1834,#1835);
#1545=AXIS2_PLACEMENT_3D('',#2358,#1844,#1845);
#1546=AXIS2_PLACEMENT_3D('',#2362,#1847,#1848);
#1547=AXIS2_PLACEMENT_3D('',#2365,#1850,#1851);
#1548=AXIS2_PLACEMENT_3D('',#2366,#1852,#1853);
#1549=AXIS2_PLACEMENT_3D('',#2370,#1856,#1857);
#1550=AXIS2_PLACEMENT_3D('',#2372,#1858,#1859);
#1551=AXIS2_PLACEMENT_3D('',#2373,#1860,#1861);
#1552=AXIS2_PLACEMENT_3D('',#2374,#1862,#1863);
#1553=AXIS2_PLACEMENT_3D('',#2396,#1864,#1865);
#1554=AXIS2_PLACEMENT_3D('',#2402,#1866,#1867);
#1555=AXIS2_PLACEMENT_3D('',#2403,#1868,#1869);
#1556=AXIS2_PLACEMENT_3D('',#2405,#1870,#1871);
#1557=AXIS2_PLACEMENT_3D('',#2407,#1873,#1874);
#1558=AXIS2_PLACEMENT_3D('',#2409,#1875,#1876);
#1559=AXIS2_PLACEMENT_3D('',#2412,#1878,#1879);
#1560=AXIS2_PLACEMENT_3D('',#2434,#1880,#1881);
#1561=AXIS2_PLACEMENT_3D('',#2524,#1882,#1883);
#1562=AXIS2_PLACEMENT_3D('',#2525,#1884,#1885);
#1563=AXIS2_PLACEMENT_3D('',#2527,#1886,#1887);
#1564=AXIS2_PLACEMENT_3D('',#2530,#1889,#1890);
#1565=AXIS2_PLACEMENT_3D('',#2531,#1891,#1892);
#1566=AXIS2_PLACEMENT_3D('',#2533,#1893,#1894);
#1567=AXIS2_PLACEMENT_3D('',#2535,#1895,#1896);
#1568=AXIS2_PLACEMENT_3D('',#2558,#1898,#1899);
#1569=AXIS2_PLACEMENT_3D('',#2623,#1900,#1901);
#1570=AXIS2_PLACEMENT_3D('',#2625,#1902,#1903);
#1571=AXIS2_PLACEMENT_3D('',#2627,#1904,#1905);
#1572=AXIS2_PLACEMENT_3D('',#2629,#1906,#1907);
#1573=AXIS2_PLACEMENT_3D('',#2630,#1908,#1909);
#1574=AXIS2_PLACEMENT_3D('',#2631,#1910,#1911);
#1575=AXIS2_PLACEMENT_3D('',#2634,#1912,#1913);
#1576=AXIS2_PLACEMENT_3D('',#2694,#1916,#1917);
#1577=AXIS2_PLACEMENT_3D('',#2695,#1918,#1919);
#1578=AXIS2_PLACEMENT_3D('',#2696,#1920,#1921);
#1579=AXIS2_PLACEMENT_3D('',#2700,#1923,#1924);
#1580=AXIS2_PLACEMENT_3D('',#2701,#1925,#1926);
#1581=AXIS2_PLACEMENT_3D('',#2702,#1927,#1928);
#1582=AXIS2_PLACEMENT_3D('',#2703,#1929,#1930);
#1583=AXIS2_PLACEMENT_3D('',#2705,#1931,#1932);
#1584=AXIS2_PLACEMENT_3D('',#2706,#1933,#1934);
#1585=AXIS2_PLACEMENT_3D('',#2707,#1935,#1936);
#1586=AXIS2_PLACEMENT_3D('',#2710,#1937,#1938);
#1587=AXIS2_PLACEMENT_3D('',#2770,#1941,#1942);
#1588=AXIS2_PLACEMENT_3D('',#2771,#1943,#1944);
#1589=AXIS2_PLACEMENT_3D('',#2773,#1945,#1946);
#1590=AXIS2_PLACEMENT_3D('',#2778,#1949,#1950);
#1591=AXIS2_PLACEMENT_3D('',#2779,#1951,#1952);
#1592=AXIS2_PLACEMENT_3D('',#2781,#1953,#1954);
#1593=AXIS2_PLACEMENT_3D('',#2782,#1955,#1956);
#1594=AXIS2_PLACEMENT_3D('',#2783,#1957,#1958);
#1595=AXIS2_PLACEMENT_3D('',#2787,#1962,#1963);
#1596=AXIS2_PLACEMENT_3D('',#2789,#1964,#1965);
#1597=AXIS2_PLACEMENT_3D('',#2791,#1966,#1967);
#1598=AXIS2_PLACEMENT_3D('',#2793,#1968,#1969);
#1599=AXIS2_PLACEMENT_3D('',#2794,#1970,#1971);
#1600=AXIS2_PLACEMENT_3D('',#2795,#1972,#1973);
#1601=AXIS2_PLACEMENT_3D('',#2798,#1974,#1975);
#1602=AXIS2_PLACEMENT_3D('',#2801,#1978,#1979);
#1603=AXIS2_PLACEMENT_3D('',#2804,#1980,#1981);
#1604=AXIS2_PLACEMENT_3D('',#2805,#1982,#1983);
#1605=AXIS2_PLACEMENT_3D('',#2806,#1984,#1985);
#1606=AXIS2_PLACEMENT_3D('',#2807,#1986,#1987);
#1607=AXIS2_PLACEMENT_3D('',#2810,#1990,#1991);
#1608=AXIS2_PLACEMENT_3D('',#2812,#1992,#1993);
#1609=AXIS2_PLACEMENT_3D('',#2813,#1994,#1995);
#1610=AXIS2_PLACEMENT_3D('',#2814,#1996,#1997);
#1611=AXIS2_PLACEMENT_3D('',#2816,#1998,#1999);
#1612=AXIS2_PLACEMENT_3D('',#2818,#2001,#2002);
#1613=AXIS2_PLACEMENT_3D('',#2822,#2004,#2005);
#1614=AXIS2_PLACEMENT_3D('',#2824,#2007,#2008);
#1615=AXIS2_PLACEMENT_3D('',#2826,#2010,#2011);
#1616=AXIS2_PLACEMENT_3D('',#2832,#2014,#2015);
#1617=AXIS2_PLACEMENT_3D('',#2835,#2018,#2019);
#1618=AXIS2_PLACEMENT_3D('',#2837,#2020,#2021);
#1619=AXIS2_PLACEMENT_3D('',#2839,#2023,#2024);
#1620=AXIS2_PLACEMENT_3D('',#2840,#2025,#2026);
#1621=AXIS2_PLACEMENT_3D('',#2841,#2027,#2028);
#1622=AXIS2_PLACEMENT_3D('',#2842,#2029,#2030);
#1623=AXIS2_PLACEMENT_3D('',#2843,#2031,#2032);
#1624=AXIS2_PLACEMENT_3D('',#2844,#2033,#2034);
#1625=AXIS2_PLACEMENT_3D('',#2846,#2035,#2036);
#1626=AXIS2_PLACEMENT_3D('',#2847,#2037,#2038);
#1627=AXIS2_PLACEMENT_3D('',#2848,#2039,#2040);
#1628=AXIS2_PLACEMENT_3D('',#2850,#2041,#2042);
#1629=AXIS2_PLACEMENT_3D('',#2851,#2043,#2044);
#1630=AXIS2_PLACEMENT_3D('',#2852,#2045,#2046);
#1631=AXIS2_PLACEMENT_3D('',#2855,#2048,#2049);
#1632=AXIS2_PLACEMENT_3D('',#2856,#2050,#2051);
#1633=AXIS2_PLACEMENT_3D('',#2859,#2054,#2055);
#1634=AXIS2_PLACEMENT_3D('',#2860,#2056,#2057);
#1635=AXIS2_PLACEMENT_3D('',#2861,#2058,#2059);
#1636=AXIS2_PLACEMENT_3D('',#2862,#2060,#2061);
#1637=AXIS2_PLACEMENT_3D('',#2863,#2062,#2063);
#1638=AXIS2_PLACEMENT_3D('',#2864,#2064,#2065);
#1639=AXIS2_PLACEMENT_3D('',#2866,#2067,#2068);
#1640=AXIS2_PLACEMENT_3D('',#2867,#2069,#2070);
#1641=AXIS2_PLACEMENT_3D('',#2869,#2072,#2073);
#1642=AXIS2_PLACEMENT_3D('',#2872,#2075,#2076);
#1643=AXIS2_PLACEMENT_3D('',#2874,#2077,#2078);
#1644=AXIS2_PLACEMENT_3D('',#2875,#2079,#2080);
#1645=AXIS2_PLACEMENT_3D('',#2877,#2082,#2083);
#1646=AXIS2_PLACEMENT_3D('',#2879,#2085,#2086);
#1647=AXIS2_PLACEMENT_3D('',#2881,#2088,#2089);
#1648=AXIS2_PLACEMENT_3D('',#2883,#2091,#2092);
#1649=AXIS2_PLACEMENT_3D('',#2884,#2093,#2094);
#1650=AXIS2_PLACEMENT_3D('',#2886,#2096,#2097);
#1651=AXIS2_PLACEMENT_3D('',#2887,#2098,#2099);
#1652=AXIS2_PLACEMENT_3D('',#2888,#2100,#2101);
#1653=AXIS2_PLACEMENT_3D('',#2890,#2103,#2104);
#1654=AXIS2_PLACEMENT_3D('',#2892,#2106,#2107);
#1655=DIRECTION('axis',(0.,0.,1.));
#1656=DIRECTION('refdir',(1.,0.,0.));
#1657=DIRECTION('center_axis',(0.,1.,0.));
#1658=DIRECTION('ref_axis',(0.707106781186548,0.,0.707106781186548));
#1659=DIRECTION('center_axis',(0.,1.,0.));
#1660=DIRECTION('ref_axis',(0.,0.,1.));
#1661=DIRECTION('',(0.,1.,0.));
#1662=DIRECTION('center_axis',(0.,-1.,0.));
#1663=DIRECTION('ref_axis',(1.,0.,0.));
#1664=DIRECTION('',(0.,-1.,0.));
#1665=DIRECTION('center_axis',(0.851835402546579,-0.523809552192692,0.));
#1666=DIRECTION('ref_axis',(0.523809552192692,0.851835402546579,0.));
#1667=DIRECTION('center_axis',(0.,0.,-1.));
#1668=DIRECTION('ref_axis',(0.872871569073219,0.487950021932222,0.));
#1669=DIRECTION('center_axis',(0.,0.,1.));
#1670=DIRECTION('ref_axis',(0.872871569073219,0.487950021932222,0.));
#1671=DIRECTION('center_axis',(0.,0.,1.));
#1672=DIRECTION('ref_axis',(1.,0.,0.));
#1673=DIRECTION('center_axis',(0.,-1.,0.));
#1674=DIRECTION('ref_axis',(1.,0.,0.));
#1675=DIRECTION('center_axis',(0.,0.,1.));
#1676=DIRECTION('ref_axis',(-0.87287156907322,-0.48795002193222,0.));
#1677=DIRECTION('center_axis',(0.,0.,-1.));
#1678=DIRECTION('ref_axis',(-0.87287156907322,-0.48795002193222,0.));
#1679=DIRECTION('center_axis',(0.,1.,0.));
#1680=DIRECTION('ref_axis',(0.707106781186549,0.,0.707106781186546));
#1681=DIRECTION('center_axis',(0.,-1.,0.));
#1682=DIRECTION('ref_axis',(1.,0.,0.));
#1683=DIRECTION('',(0.,-1.,0.));
#1684=DIRECTION('',(0.,1.,0.));
#1685=DIRECTION('center_axis',(0.,0.,-1.));
#1686=DIRECTION('ref_axis',(-1.,0.,0.));
#1687=DIRECTION('center_axis',(-0.85183540254658,-0.52380955219269,0.));
#1688=DIRECTION('ref_axis',(0.52380955219269,-0.851835402546579,0.));
#1689=DIRECTION('center_axis',(0.,0.,1.));
#1690=DIRECTION('ref_axis',(-0.872871569073219,0.487950021932222,0.));
#1691=DIRECTION('center_axis',(0.,0.,-1.));
#1692=DIRECTION('ref_axis',(-0.872871569073219,0.487950021932222,0.));
#1693=DIRECTION('center_axis',(-4.44089209850062E-15,-1.,0.));
#1694=DIRECTION('ref_axis',(1.,-4.44089209850062E-15,0.));
#1695=DIRECTION('center_axis',(0.,0.,-1.));
#1696=DIRECTION('ref_axis',(0.872871569073219,-0.487950021932222,0.));
#1697=DIRECTION('center_axis',(0.,0.,1.));
#1698=DIRECTION('ref_axis',(0.872871569073219,-0.487950021932222,0.));
#1699=DIRECTION('center_axis',(0.,1.,0.));
#1700=DIRECTION('ref_axis',(0.707106781186548,0.,0.707106781186548));
#1701=DIRECTION('center_axis',(0.,-1.,0.));
#1702=DIRECTION('ref_axis',(1.,0.,0.));
#1703=DIRECTION('',(0.,-1.,0.));
#1704=DIRECTION('',(0.,1.,0.));
#1705=DIRECTION('center_axis',(0.,0.,-1.));
#1706=DIRECTION('ref_axis',(-1.,0.,0.));
#1707=DIRECTION('center_axis',(1.,0.,0.));
#1708=DIRECTION('ref_axis',(0.,1.,0.));
#1709=DIRECTION('center_axis',(0.,0.,-1.));
#1710=DIRECTION('ref_axis',(0.707106781186548,0.707106781186548,0.));
#1711=DIRECTION('center_axis',(0.,0.,1.));
#1712=DIRECTION('ref_axis',(0.707106781186548,0.707106781186548,0.));
#1713=DIRECTION('center_axis',(1.,0.,0.));
#1714=DIRECTION('ref_axis',(0.,0.707106781186544,0.707106781186551));
#1715=DIRECTION('center_axis',(1.,0.,0.));
#1716=DIRECTION('ref_axis',(0.,1.,0.));
#1717=DIRECTION('',(1.,0.,0.));
#1718=DIRECTION('',(-1.,0.,0.));
#1719=DIRECTION('center_axis',(0.,0.,-1.));
#1720=DIRECTION('ref_axis',(-1.,0.,0.));
#1721=DIRECTION('center_axis',(0.,1.,0.));
#1722=DIRECTION('ref_axis',(-1.,0.,0.));
#1723=DIRECTION('center_axis',(0.,0.,-1.));
#1724=DIRECTION('ref_axis',(-0.707106781186547,0.707106781186548,0.));
#1725=DIRECTION('center_axis',(0.,0.,1.));
#1726=DIRECTION('ref_axis',(-0.707106781186547,0.707106781186548,0.));
#1727=DIRECTION('center_axis',(0.,-1.,0.));
#1728=DIRECTION('ref_axis',(-0.707106781186548,0.,0.707106781186548));
#1729=DIRECTION('center_axis',(0.,1.,0.));
#1730=DIRECTION('ref_axis',(-1.,0.,0.));
#1731=DIRECTION('',(0.,1.,0.));
#1732=DIRECTION('',(0.,-1.,0.));
#1733=DIRECTION('center_axis',(0.,0.,-1.));
#1734=DIRECTION('ref_axis',(-1.,0.,0.));
#1735=DIRECTION('center_axis',(-1.,0.,0.));
#1736=DIRECTION('ref_axis',(0.,-1.,0.));
#1737=DIRECTION('center_axis',(0.,0.,-1.));
#1738=DIRECTION('ref_axis',(-0.707106781186547,-0.707106781186548,0.));
#1739=DIRECTION('center_axis',(0.,0.,1.));
#1740=DIRECTION('ref_axis',(-0.707106781186547,-0.707106781186548,0.));
#1741=DIRECTION('center_axis',(-1.,0.,0.));
#1742=DIRECTION('ref_axis',(0.,-0.707106781186546,0.707106781186549));
#1743=DIRECTION('center_axis',(-1.,0.,0.));
#1744=DIRECTION('ref_axis',(0.,-1.,0.));
#1745=DIRECTION('',(-1.,0.,0.));
#1746=DIRECTION('',(1.,0.,0.));
#1747=DIRECTION('center_axis',(0.,0.,-1.));
#1748=DIRECTION('ref_axis',(-1.,0.,0.));
#1749=DIRECTION('center_axis',(0.,0.,1.));
#1750=DIRECTION('ref_axis',(0.707106781186547,-0.707106781186548,0.));
#1751=DIRECTION('center_axis',(0.,0.,-1.));
#1752=DIRECTION('ref_axis',(0.707106781186547,-0.707106781186548,0.));
#1753=DIRECTION('center_axis',(-1.,0.,0.));
#1754=DIRECTION('ref_axis',(0.,0.,1.));
#1755=DIRECTION('',(0.,0.,1.));
#1756=DIRECTION('',(0.,0.,1.));
#1757=DIRECTION('',(0.,0.,1.));
#1758=DIRECTION('',(0.,1.,0.));
#1759=DIRECTION('',(0.,0.,-1.));
#1760=DIRECTION('center_axis',(0.,0.,1.));
#1761=DIRECTION('ref_axis',(0.872871569073219,-0.487950021932222,0.));
#1762=DIRECTION('',(0.,0.,-1.));
#1763=DIRECTION('center_axis',(0.,0.,-1.));
#1764=DIRECTION('ref_axis',(1.,0.,0.));
#1765=DIRECTION('center_axis',(0.,0.,-1.));
#1766=DIRECTION('ref_axis',(-0.707106781186548,0.707106781186548,0.));
#1767=DIRECTION('',(0.,0.,-1.));
#1768=DIRECTION('center_axis',(0.,0.,1.));
#1769=DIRECTION('ref_axis',(0.,1.,0.));
#1770=DIRECTION('center_axis',(-1.,0.,0.));
#1771=DIRECTION('ref_axis',(0.,1.,0.));
#1772=DIRECTION('',(0.,0.,1.));
#1773=DIRECTION('',(0.,-1.,0.));
#1774=DIRECTION('center_axis',(0.,0.,-1.));
#1775=DIRECTION('ref_axis',(-0.707106781186549,-0.707106781186546,0.));
#1776=DIRECTION('',(0.,0.,1.));
#1777=DIRECTION('center_axis',(0.,0.,1.));
#1778=DIRECTION('ref_axis',(-1.,0.,0.));
#1779=DIRECTION('center_axis',(0.,0.,1.));
#1780=DIRECTION('ref_axis',(0.872871569073219,0.487950021932222,0.));
#1781=DIRECTION('',(0.,0.,-1.));
#1782=DIRECTION('center_axis',(0.,0.,1.));
#1783=DIRECTION('ref_axis',(1.,0.,0.));
#1784=DIRECTION('center_axis',(-1.,0.,0.));
#1785=DIRECTION('ref_axis',(0.,0.,1.));
#1786=DIRECTION('',(0.,0.,1.));
#1787=DIRECTION('',(0.,1.,0.));
#1788=DIRECTION('',(0.,0.,-1.));
#1789=DIRECTION('',(0.,0.,-1.));
#1790=DIRECTION('center_axis',(0.,0.,1.));
#1791=DIRECTION('ref_axis',(1.,0.,0.));
#1792=DIRECTION('center_axis',(0.,0.,-1.));
#1793=DIRECTION('ref_axis',(-1.,0.,0.));
#1794=DIRECTION('center_axis',(0.,0.,-1.));
#1795=DIRECTION('ref_axis',(-1.,0.,0.));
#1796=DIRECTION('center_axis',(0.,0.,-1.));
#1797=DIRECTION('ref_axis',(-1.,0.,0.));
#1798=DIRECTION('center_axis',(0.,0.,-1.));
#1799=DIRECTION('ref_axis',(-1.,0.,0.));
#1800=DIRECTION('center_axis',(0.,0.,-1.));
#1801=DIRECTION('ref_axis',(0.707106781186547,0.707106781186548,0.));
#1802=DIRECTION('center_axis',(0.,0.,1.));
#1803=DIRECTION('ref_axis',(0.707106781186547,0.707106781186548,0.));
#1804=DIRECTION('',(0.,0.,1.));
#1805=DIRECTION('center_axis',(0.,1.,0.));
#1806=DIRECTION('ref_axis',(1.,0.,0.));
#1807=DIRECTION('',(-1.,0.,0.));
#1808=DIRECTION('',(0.,0.,1.));
#1809=DIRECTION('',(-1.,0.,0.));
#1810=DIRECTION('',(0.,0.,-1.));
#1811=DIRECTION('',(-1.,0.,0.));
#1812=DIRECTION('',(0.,0.,-1.));
#1813=DIRECTION('',(0.,0.,1.));
#1814=DIRECTION('center_axis',(0.,-1.,0.));
#1815=DIRECTION('ref_axis',(-7.40148683083439E-16,0.,1.));
#1816=DIRECTION('',(-1.,0.,0.));
#1817=DIRECTION('center_axis',(0.,-1.,0.));
#1818=DIRECTION('ref_axis',(-1.,0.,-1.11022302462516E-15));
#1819=DIRECTION('',(0.,0.,-1.));
#1820=DIRECTION('',(1.,0.,0.));
#1821=DIRECTION('center_axis',(0.,1.,0.));
#1822=DIRECTION('ref_axis',(0.707106781186548,0.,-0.707106781186548));
#1823=DIRECTION('center_axis',(0.,0.,1.));
#1824=DIRECTION('ref_axis',(-0.707106781186547,0.707106781186548,0.));
#1825=DIRECTION('center_axis',(0.,0.,1.));
#1826=DIRECTION('ref_axis',(-0.707106781186547,0.707106781186548,0.));
#1827=DIRECTION('',(0.,0.,1.));
#1828=DIRECTION('center_axis',(0.,0.,-1.));
#1829=DIRECTION('ref_axis',(-0.707106781186547,-0.707106781186548,0.));
#1830=DIRECTION('',(0.,0.,-1.));
#1831=DIRECTION('center_axis',(0.,0.,1.));
#1832=DIRECTION('ref_axis',(-0.707106781186547,-0.707106781186548,0.));
#1833=DIRECTION('',(0.,0.,1.));
#1834=DIRECTION('center_axis',(0.,1.,0.));
#1835=DIRECTION('ref_axis',(1.,0.,0.));
#1836=DIRECTION('',(-1.,0.,0.));
#1837=DIRECTION('',(0.,0.,-1.));
#1838=DIRECTION('',(1.,0.,0.));
#1839=DIRECTION('',(0.,0.,-1.));
#1840=DIRECTION('',(-1.,0.,0.));
#1841=DIRECTION('',(0.,0.,-1.));
#1842=DIRECTION('',(-1.,0.,0.));
#1843=DIRECTION('',(0.,0.,-1.));
#1844=DIRECTION('center_axis',(0.,1.,0.));
#1845=DIRECTION('ref_axis',(-1.,0.,-1.11022302462516E-15));
#1846=DIRECTION('',(1.,0.,0.));
#1847=DIRECTION('center_axis',(0.,1.,0.));
#1848=DIRECTION('ref_axis',(-7.40148683083439E-16,0.,1.));
#1849=DIRECTION('',(0.,0.,-1.));
#1850=DIRECTION('center_axis',(0.,-1.,0.));
#1851=DIRECTION('ref_axis',(0.707106781186548,0.,-0.707106781186548));
#1852=DIRECTION('center_axis',(0.,0.,-1.));
#1853=DIRECTION('ref_axis',(-1.,0.,0.));
#1854=DIRECTION('',(0.,1.,0.));
#1855=DIRECTION('',(0.,1.,0.));
#1856=DIRECTION('center_axis',(0.,0.,1.));
#1857=DIRECTION('ref_axis',(-1.,0.,0.));
#1858=DIRECTION('center_axis',(0.,0.,1.));
#1859=DIRECTION('ref_axis',(-1.,0.,0.));
#1860=DIRECTION('center_axis',(0.,0.,1.));
#1861=DIRECTION('ref_axis',(0.707106781186547,-0.707106781186548,0.));
#1862=DIRECTION('center_axis',(0.,0.,1.));
#1863=DIRECTION('ref_axis',(0.707106781186547,-0.707106781186548,0.));
#1864=DIRECTION('center_axis',(-2.77555756156289E-16,1.70674235780872E-16,
1.));
#1865=DIRECTION('ref_axis',(1.,0.,2.77555756156289E-16));
#1866=DIRECTION('center_axis',(2.73352450230339E-16,0.173374364590823,-0.984855994398536));
#1867=DIRECTION('ref_axis',(0.476190476190407,0.866025395181341,0.152455387856758));
#1868=DIRECTION('center_axis',(0.,0.,-1.));
#1869=DIRECTION('ref_axis',(0.872871569073219,0.487950021932222,0.));
#1870=DIRECTION('center_axis',(0.,0.,1.));
#1871=DIRECTION('ref_axis',(0.872871569073219,0.487950021932222,0.));
#1872=DIRECTION('',(0.,0.,1.));
#1873=DIRECTION('center_axis',(0.,0.,1.));
#1874=DIRECTION('ref_axis',(0.707106781186548,0.707106781186548,0.));
#1875=DIRECTION('center_axis',(0.,0.,1.));
#1876=DIRECTION('ref_axis',(1.,0.,0.));
#1877=DIRECTION('',(0.,0.,1.));
#1878=DIRECTION('center_axis',(0.,0.,-1.));
#1879=DIRECTION('ref_axis',(0.,1.,0.));
#1880=DIRECTION('center_axis',(0.,0.173374364590824,0.984855994398536));
#1881=DIRECTION('ref_axis',(1.,0.,0.));
#1882=DIRECTION('center_axis',(0.,-0.173374364590823,0.984855994398536));
#1883=DIRECTION('ref_axis',(0.476190476190407,-0.866025395181341,-0.152455387856758));
#1884=DIRECTION('center_axis',(0.,0.,-1.));
#1885=DIRECTION('ref_axis',(0.707106781186548,-0.707106781186548,0.));
#1886=DIRECTION('center_axis',(0.,0.,-1.));
#1887=DIRECTION('ref_axis',(1.,0.,0.));
#1888=DIRECTION('',(0.,0.,-1.));
#1889=DIRECTION('center_axis',(0.,0.,1.));
#1890=DIRECTION('ref_axis',(0.,-1.,0.));
#1891=DIRECTION('center_axis',(0.,0.,-1.));
#1892=DIRECTION('ref_axis',(0.872871569073219,-0.487950021932222,0.));
#1893=DIRECTION('center_axis',(0.,0.,1.));
#1894=DIRECTION('ref_axis',(0.872871569073219,-0.487950021932222,0.));
#1895=DIRECTION('center_axis',(0.,0.,-1.));
#1896=DIRECTION('ref_axis',(1.,0.,0.));
#1897=DIRECTION('',(0.,0.,-1.));
#1898=DIRECTION('center_axis',(2.73352450230339E-16,-0.173374364590824,
-0.984855994398535));
#1899=DIRECTION('ref_axis',(1.,0.,2.77555756156289E-16));
#1900=DIRECTION('center_axis',(0.,1.,0.));
#1901=DIRECTION('ref_axis',(0.,0.,1.));
#1902=DIRECTION('center_axis',(0.,1.,0.));
#1903=DIRECTION('ref_axis',(0.707106781186547,0.,-0.707106781186547));
#1904=DIRECTION('center_axis',(-1.,0.,0.));
#1905=DIRECTION('ref_axis',(0.,-1.,0.));
#1906=DIRECTION('center_axis',(0.,-1.,0.));
#1907=DIRECTION('ref_axis',(0.707106781186548,0.,-0.707106781186548));
#1908=DIRECTION('center_axis',(0.304910766627091,0.,0.952380923997788));
#1909=DIRECTION('ref_axis',(-0.952380923997788,0.,0.30491076662709));
#1910=DIRECTION('center_axis',(-1.,0.,0.));
#1911=DIRECTION('ref_axis',(0.,-0.707106781186546,0.707106781186549));
#1912=DIRECTION('center_axis',(-1.,0.,0.));
#1913=DIRECTION('ref_axis',(0.,-1.,0.));
#1914=DIRECTION('',(1.,0.,0.));
#1915=DIRECTION('',(-1.,0.,0.));
#1916=DIRECTION('center_axis',(0.,1.,0.));
#1917=DIRECTION('ref_axis',(0.,0.,1.));
#1918=DIRECTION('center_axis',(0.,-1.,0.));
#1919=DIRECTION('ref_axis',(1.,0.,0.));
#1920=DIRECTION('center_axis',(0.,1.,0.));
#1921=DIRECTION('ref_axis',(0.707106781186547,0.,-0.707106781186548));
#1922=DIRECTION('',(0.,1.,0.));
#1923=DIRECTION('center_axis',(0.,1.,0.));
#1924=DIRECTION('ref_axis',(0.707106781186548,0.,-0.707106781186548));
#1925=DIRECTION('center_axis',(0.,1.,0.));
#1926=DIRECTION('ref_axis',(1.,0.,0.));
#1927=DIRECTION('center_axis',(0.,-1.,0.));
#1928=DIRECTION('ref_axis',(0.,0.,-1.));
#1929=DIRECTION('center_axis',(0.304910766627091,0.,0.952380923997788));
#1930=DIRECTION('ref_axis',(0.,1.,0.));
#1931=DIRECTION('center_axis',(-1.,0.,0.));
#1932=DIRECTION('ref_axis',(0.,0.,1.));
#1933=DIRECTION('center_axis',(0.,-1.,0.));
#1934=DIRECTION('ref_axis',(0.707106781186547,0.,-0.707106781186547));
#1935=DIRECTION('center_axis',(-1.,0.,0.));
#1936=DIRECTION('ref_axis',(0.,0.707106781186548,0.707106781186548));
#1937=DIRECTION('center_axis',(-1.,0.,0.));
#1938=DIRECTION('ref_axis',(0.,0.,1.));
#1939=DIRECTION('',(1.,0.,0.));
#1940=DIRECTION('',(-1.,0.,0.));
#1941=DIRECTION('center_axis',(0.,1.,0.));
#1942=DIRECTION('ref_axis',(0.,0.,1.));
#1943=DIRECTION('center_axis',(0.,1.,0.));
#1944=DIRECTION('ref_axis',(1.,0.,0.));
#1945=DIRECTION('center_axis',(0.,-1.,0.));
#1946=DIRECTION('ref_axis',(0.707106781186548,0.,0.707106781186548));
#1947=DIRECTION('',(0.,0.,1.));
#1948=DIRECTION('',(-1.,0.,0.));
#1949=DIRECTION('center_axis',(0.,-1.,0.));
#1950=DIRECTION('ref_axis',(0.707106781186548,0.,0.707106781186547));
#1951=DIRECTION('center_axis',(0.,-1.,0.));
#1952=DIRECTION('ref_axis',(0.,0.,-1.));
#1953=DIRECTION('center_axis',(0.,1.,0.));
#1954=DIRECTION('ref_axis',(0.707106781186548,0.,0.707106781186548));
#1955=DIRECTION('center_axis',(0.,0.,-1.));
#1956=DIRECTION('ref_axis',(0.,-1.,0.));
#1957=DIRECTION('center_axis',(0.,0.,-1.));
#1958=DIRECTION('ref_axis',(-1.,0.,0.));
#1959=DIRECTION('',(0.,1.,0.));
#1960=DIRECTION('',(0.,1.,0.));
#1961=DIRECTION('',(0.,1.,0.));
#1962=DIRECTION('center_axis',(0.,1.,0.));
#1963=DIRECTION('ref_axis',(0.,0.,1.));
#1964=DIRECTION('center_axis',(0.304910766627088,0.,-0.952380923997789));
#1965=DIRECTION('ref_axis',(0.,-1.,0.));
#1966=DIRECTION('center_axis',(0.,-1.,0.));
#1967=DIRECTION('ref_axis',(0.707106781186548,0.,0.707106781186547));
#1968=DIRECTION('center_axis',(-1.,0.,0.));
#1969=DIRECTION('ref_axis',(0.,0.,-1.));
#1970=DIRECTION('center_axis',(0.,1.,0.));
#1971=DIRECTION('ref_axis',(0.707106781186548,0.,0.707106781186547));
#1972=DIRECTION('center_axis',(-1.,0.,0.));
#1973=DIRECTION('ref_axis',(0.,-0.707106781186547,-0.707106781186548));
#1974=DIRECTION('center_axis',(-1.,0.,0.));
#1975=DIRECTION('ref_axis',(0.,0.,-1.));
#1976=DIRECTION('',(1.,0.,0.));
#1977=DIRECTION('',(-1.,0.,0.));
#1978=DIRECTION('center_axis',(0.,0.,1.));
#1979=DIRECTION('ref_axis',(1.,0.,0.));
#1980=DIRECTION('center_axis',(0.,-1.,0.));
#1981=DIRECTION('ref_axis',(0.,0.,-1.));
#1982=DIRECTION('center_axis',(0.,0.,-1.));
#1983=DIRECTION('ref_axis',(-0.707106781186547,0.707106781186548,0.));
#1984=DIRECTION('center_axis',(0.,0.,1.));
#1985=DIRECTION('ref_axis',(-0.707106781186547,0.707106781186548,0.));
#1986=DIRECTION('center_axis',(0.,-1.,0.));
#1987=DIRECTION('ref_axis',(0.707106781186548,0.,-0.707106781186548));
#1988=DIRECTION('',(0.,1.,0.));
#1989=DIRECTION('',(0.,-1.,0.));
#1990=DIRECTION('center_axis',(0.,1.,0.));
#1991=DIRECTION('ref_axis',(0.,0.,1.));
#1992=DIRECTION('center_axis',(0.,0.,-1.));
#1993=DIRECTION('ref_axis',(0.,-1.,0.));
#1994=DIRECTION('center_axis',(0.,-1.,0.));
#1995=DIRECTION('ref_axis',(1.,0.,-1.11022302462516E-15));
#1996=DIRECTION('center_axis',(0.,0.,-1.));
#1997=DIRECTION('ref_axis',(-0.707106781186549,-0.707106781186546,0.));
#1998=DIRECTION('center_axis',(0.,0.,-1.));
#1999=DIRECTION('ref_axis',(-0.707106781186549,-0.707106781186546,0.));
#2000=DIRECTION('',(0.,0.,1.));
#2001=DIRECTION('center_axis',(0.,0.,-1.));
#2002=DIRECTION('ref_axis',(-0.707106781186548,0.707106781186548,0.));
#2003=DIRECTION('',(0.,0.,1.));
#2004=DIRECTION('center_axis',(2.22044604925031E-15,0.,1.));
#2005=DIRECTION('ref_axis',(0.,1.,0.));
#2006=DIRECTION('',(0.,0.,-1.));
#2007=DIRECTION('center_axis',(-1.,0.,0.));
#2008=DIRECTION('ref_axis',(0.,0.,1.));
#2009=DIRECTION('',(0.,1.,0.));
#2010=DIRECTION('center_axis',(0.,0.,1.));
#2011=DIRECTION('ref_axis',(1.,0.,0.));
#2012=DIRECTION('',(0.,-1.,0.));
#2013=DIRECTION('',(1.,0.,0.));
#2014=DIRECTION('center_axis',(0.,0.,1.));
#2015=DIRECTION('ref_axis',(-0.707106781186547,-0.707106781186548,0.));
#2016=DIRECTION('',(0.,-1.,0.));
#2017=DIRECTION('',(0.,1.,0.));
#2018=DIRECTION('center_axis',(0.,-1.,0.));
#2019=DIRECTION('ref_axis',(0.707106781186548,0.,-0.707106781186548));
#2020=DIRECTION('center_axis',(0.,-1.,0.));
#2021=DIRECTION('ref_axis',(0.,0.,-1.));
#2022=DIRECTION('',(0.,1.,0.));
#2023=DIRECTION('center_axis',(0.,0.,1.));
#2024=DIRECTION('ref_axis',(1.,0.,0.));
#2025=DIRECTION('center_axis',(1.,0.,0.));
#2026=DIRECTION('ref_axis',(0.,0.,-1.));
#2027=DIRECTION('center_axis',(0.,0.,-1.));
#2028=DIRECTION('ref_axis',(-0.707106781186547,-0.707106781186548,0.));
#2029=DIRECTION('center_axis',(-1.,0.,0.));
#2030=DIRECTION('ref_axis',(0.,0.707106781186548,-0.707106781186548));
#2031=DIRECTION('center_axis',(1.,0.,0.));
#2032=DIRECTION('ref_axis',(0.,0.,-1.));
#2033=DIRECTION('center_axis',(0.,-1.,0.));
#2034=DIRECTION('ref_axis',(0.,0.,-1.));
#2035=DIRECTION('center_axis',(0.,1.,0.));
#2036=DIRECTION('ref_axis',(0.707106781186548,0.,0.707106781186547));
#2037=DIRECTION('center_axis',(0.304910766627088,0.,-0.952380923997789));
#2038=DIRECTION('ref_axis',(-0.952380923997788,0.,-0.304910766627088));
#2039=DIRECTION('center_axis',(0.,1.,0.));
#2040=DIRECTION('ref_axis',(0.,0.,1.));
#2041=DIRECTION('center_axis',(0.,1.,0.));
#2042=DIRECTION('ref_axis',(1.,0.,-1.11022302462516E-15));
#2043=DIRECTION('center_axis',(0.,0.,-1.));
#2044=DIRECTION('ref_axis',(-1.,0.,0.));
#2045=DIRECTION('center_axis',(0.,0.,-1.));
#2046=DIRECTION('ref_axis',(-0.707106781186548,0.707106781186548,0.));
#2047=DIRECTION('',(0.,0.,-1.));
#2048=DIRECTION('center_axis',(0.,0.,-1.));
#2049=DIRECTION('ref_axis',(-0.707106781186548,0.707106781186548,0.));
#2050=DIRECTION('center_axis',(-1.,0.,0.));
#2051=DIRECTION('ref_axis',(0.,1.,0.));
#2052=DIRECTION('',(0.,-1.,0.));
#2053=DIRECTION('',(0.,1.,0.));
#2054=DIRECTION('center_axis',(0.,-1.,0.));
#2055=DIRECTION('ref_axis',(0.707106781186548,0.,0.707106781186547));
#2056=DIRECTION('center_axis',(0.,1.,0.));
#2057=DIRECTION('ref_axis',(0.,0.,1.));
#2058=DIRECTION('center_axis',(0.,1.,0.));
#2059=DIRECTION('ref_axis',(0.707106781186548,0.,0.707106781186547));
#2060=DIRECTION('center_axis',(0.,-1.,0.));
#2061=DIRECTION('ref_axis',(0.707106781186548,0.,0.707106781186547));
#2062=DIRECTION('center_axis',(0.,-1.,0.));
#2063=DIRECTION('ref_axis',(-1.,0.,0.));
#2064=DIRECTION('center_axis',(0.,0.,1.));
#2065=DIRECTION('ref_axis',(-0.707106781186548,-0.707106781186548,0.));
#2066=DIRECTION('',(0.,0.,-1.));
#2067=DIRECTION('center_axis',(0.,1.,0.));
#2068=DIRECTION('ref_axis',(-7.40148683083439E-16,0.,1.));
#2069=DIRECTION('center_axis',(0.,1.,0.));
#2070=DIRECTION('ref_axis',(-7.40148683083439E-16,0.,1.));
#2071=DIRECTION('',(0.,1.,0.));
#2072=DIRECTION('center_axis',(0.,0.,-1.));
#2073=DIRECTION('ref_axis',(-1.,0.,0.));
#2074=DIRECTION('',(0.,1.,0.));
#2075=DIRECTION('center_axis',(0.,0.,1.));
#2076=DIRECTION('ref_axis',(-1.,0.,0.));
#2077=DIRECTION('center_axis',(0.,0.,1.));
#2078=DIRECTION('ref_axis',(-1.,0.,0.));
#2079=DIRECTION('center_axis',(0.,0.,-1.));
#2080=DIRECTION('ref_axis',(-1.,0.,0.));
#2081=DIRECTION('',(0.,0.,-1.));
#2082=DIRECTION('center_axis',(0.,0.,-1.));
#2083=DIRECTION('ref_axis',(-1.,0.,0.));
#2084=DIRECTION('',(0.,0.,-1.));
#2085=DIRECTION('center_axis',(-1.,0.,0.));
#2086=DIRECTION('ref_axis',(0.,0.,1.));
#2087=DIRECTION('',(0.,1.,0.));
#2088=DIRECTION('center_axis',(1.,0.,0.));
#2089=DIRECTION('ref_axis',(0.,0.,-1.));
#2090=DIRECTION('',(0.,-1.,0.));
#2091=DIRECTION('center_axis',(-1.,0.,0.));
#2092=DIRECTION('ref_axis',(0.,0.,1.));
#2093=DIRECTION('center_axis',(1.,0.,0.));
#2094=DIRECTION('ref_axis',(0.,0.,-1.));
#2095=DIRECTION('',(0.,1.,0.));
#2096=DIRECTION('center_axis',(0.,0.,-1.));
#2097=DIRECTION('ref_axis',(-1.,0.,0.));
#2098=DIRECTION('center_axis',(1.,0.,0.));
#2099=DIRECTION('ref_axis',(0.,0.,-1.));
#2100=DIRECTION('center_axis',(0.,0.,-1.));
#2101=DIRECTION('ref_axis',(-1.,0.,0.));
#2102=DIRECTION('',(0.,0.,-1.));
#2103=DIRECTION('center_axis',(0.,0.,-1.));
#2104=DIRECTION('ref_axis',(-1.,0.,0.));
#2105=DIRECTION('',(0.,0.,-1.));
#2106=DIRECTION('center_axis',(0.,1.,0.));
#2107=DIRECTION('ref_axis',(-1.,0.,-1.11022302462516E-15));
#2108=CARTESIAN_POINT('',(0.,0.,0.));
#2109=CARTESIAN_POINT('Origin',(10.500000089407,0.,15.5));
#2110=CARTESIAN_POINT('',(10.500000089407,1.,16.));
#2111=CARTESIAN_POINT('',(11.000000089407,1.,15.5));
#2112=CARTESIAN_POINT('Origin',(10.500000089407,1.,15.5));
#2113=CARTESIAN_POINT('',(11.000000089407,12.3111458483673,15.5));
#2114=CARTESIAN_POINT('',(11.000000089407,0.,15.5));
#2115=CARTESIAN_POINT('',(10.500000089407,12.3111458483673,16.));
#2116=CARTESIAN_POINT('Origin',(10.500000089407,12.3111458483673,15.5));
#2117=CARTESIAN_POINT('',(10.500000089407,0.,16.));
#2118=CARTESIAN_POINT('Ctrl Pts',(10.2619048655033,12.7370635496406,16.));
#2119=CARTESIAN_POINT('Ctrl Pts',(10.500000089407,12.5906543346216,16.));
#2120=CARTESIAN_POINT('Ctrl Pts',(10.500000089407,12.3111458483673,16.));
#2121=CARTESIAN_POINT('Ctrl Pts',(10.5238096415997,13.1629812509139,16.));
#2122=CARTESIAN_POINT('Ctrl Pts',(11.000000089407,12.870162820876,16.));
#2123=CARTESIAN_POINT('Ctrl Pts',(11.000000089407,12.3111458483673,16.));
#2124=CARTESIAN_POINT('Ctrl Pts',(10.5238096415997,13.1629812509139,15.5));
#2125=CARTESIAN_POINT('Ctrl Pts',(11.000000089407,12.870162820876,15.5));
#2126=CARTESIAN_POINT('Ctrl Pts',(11.000000089407,12.3111458483673,15.5));
#2127=CARTESIAN_POINT('',(10.5238096415997,13.1629812509139,15.5));
#2128=CARTESIAN_POINT('',(10.2619048655033,12.7370635496406,16.));
#2129=CARTESIAN_POINT('Origin',(10.2619048655033,12.7370635496406,15.5));
#2130=CARTESIAN_POINT('Origin',(10.000000089407,12.3111458483673,16.));
#2131=CARTESIAN_POINT('Origin',(10.000000089407,12.3111458483673,15.5));
#2132=CARTESIAN_POINT('Origin',(11.1000001490116,14.1000001937151,15.5));
#2133=CARTESIAN_POINT('',(10.0000001490116,14.1000001937151,15.5));
#2134=CARTESIAN_POINT('',(9.50000014901162,14.1000001937151,16.));
#2135=CARTESIAN_POINT('Origin',(9.50000014901162,14.1000001937151,15.5));
#2136=CARTESIAN_POINT('Origin',(11.1000001490116,14.1000001937151,16.));
#2137=CARTESIAN_POINT('Origin',(11.1000001490116,14.1000001937151,15.5));
#2138=CARTESIAN_POINT('Origin',(9.50000014901161,6.50000009685755,15.5));
#2139=CARTESIAN_POINT('',(10.0000001490116,16.8999998062849,15.5));
#2140=CARTESIAN_POINT('',(9.50000014901161,16.8999998062849,16.));
#2141=CARTESIAN_POINT('Origin',(9.50000014901161,16.8999998062849,15.5));
#2142=CARTESIAN_POINT('',(9.50000014901161,6.50000009685755,16.));
#2143=CARTESIAN_POINT('',(10.0000001490116,6.50000009685755,15.5));
#2144=CARTESIAN_POINT('Origin',(11.1000001490116,16.8999998062849,15.5));
#2145=CARTESIAN_POINT('',(10.5238096415997,17.8370187490861,15.5));
#2146=CARTESIAN_POINT('',(10.2619048655033,18.2629364503594,16.));
#2147=CARTESIAN_POINT('Origin',(10.2619048655033,18.2629364503594,15.5));
#2148=CARTESIAN_POINT('Origin',(11.1000001490116,16.8999998062849,16.));
#2149=CARTESIAN_POINT('Origin',(11.1000001490116,16.8999998062849,15.5));
#2150=CARTESIAN_POINT('Ctrl Pts',(10.500000089407,18.6888541516327,16.));
#2151=CARTESIAN_POINT('Ctrl Pts',(10.500000089407,18.4093456653784,16.));
#2152=CARTESIAN_POINT('Ctrl Pts',(10.2619048655033,18.2629364503594,16.));
#2153=CARTESIAN_POINT('Ctrl Pts',(11.000000089407,18.6888541516327,16.));
#2154=CARTESIAN_POINT('Ctrl Pts',(11.000000089407,18.129837179124,16.));
#2155=CARTESIAN_POINT('Ctrl Pts',(10.5238096415997,17.8370187490861,16.));
#2156=CARTESIAN_POINT('Ctrl Pts',(11.000000089407,18.6888541516327,15.5));
#2157=CARTESIAN_POINT('Ctrl Pts',(11.000000089407,18.129837179124,15.5));
#2158=CARTESIAN_POINT('Ctrl Pts',(10.5238096415997,17.8370187490861,15.5));
#2159=CARTESIAN_POINT('',(11.000000089407,18.6888541516327,15.5));
#2160=CARTESIAN_POINT('',(10.500000089407,18.6888541516327,16.));
#2161=CARTESIAN_POINT('Origin',(10.500000089407,18.6888541516327,15.5));
#2162=CARTESIAN_POINT('Origin',(10.000000089407,18.6888541516327,16.));
#2163=CARTESIAN_POINT('Origin',(10.000000089407,18.6888541516327,15.5));
#2164=CARTESIAN_POINT('Origin',(10.500000089407,0.,15.5));
#2165=CARTESIAN_POINT('',(11.000000089407,30.,15.5));
#2166=CARTESIAN_POINT('',(10.500000089407,30.,16.));
#2167=CARTESIAN_POINT('Origin',(10.500000089407,30.,15.5));
#2168=CARTESIAN_POINT('',(10.500000089407,0.,16.));
#2169=CARTESIAN_POINT('',(11.000000089407,0.,15.5));
#2170=CARTESIAN_POINT('Origin',(9.00000008940697,30.,15.5));
#2171=CARTESIAN_POINT('',(9.00000008940697,32.,15.5));
#2172=CARTESIAN_POINT('',(9.00000008940697,31.5,16.));
#2173=CARTESIAN_POINT('Origin',(9.00000008940697,31.5,15.5));
#2174=CARTESIAN_POINT('Origin',(9.00000008940697,30.,16.));
#2175=CARTESIAN_POINT('Origin',(9.00000008940697,30.,15.5));
#2176=CARTESIAN_POINT('Origin',(-6.50000012293458,31.5,15.5));
#2177=CARTESIAN_POINT('',(-9.00000019371509,32.,15.5));
#2178=CARTESIAN_POINT('',(-9.00000019371509,31.5,16.));
#2179=CARTESIAN_POINT('Origin',(-9.00000019371509,31.5,15.5));
#2180=CARTESIAN_POINT('',(-6.50000012293458,31.5,16.));
#2181=CARTESIAN_POINT('',(-6.50000012293458,32.,15.5));
#2182=CARTESIAN_POINT('Origin',(-9.00000019371509,30.,15.5));
#2183=CARTESIAN_POINT('',(-11.0000001937151,30.,15.5));
#2184=CARTESIAN_POINT('',(-10.5000001937151,30.,16.));
#2185=CARTESIAN_POINT('Origin',(-10.5000001937151,30.,15.5));
#2186=CARTESIAN_POINT('Origin',(-9.00000019371509,30.,16.));
#2187=CARTESIAN_POINT('Origin',(-9.00000019371509,30.,15.5));
#2188=CARTESIAN_POINT('Origin',(-10.5000001937151,0.,15.5));
#2189=CARTESIAN_POINT('',(-11.0000001937151,1.,15.5));
#2190=CARTESIAN_POINT('',(-10.5000001937151,1.,16.));
#2191=CARTESIAN_POINT('Origin',(-10.5000001937151,1.,15.5));
#2192=CARTESIAN_POINT('',(-10.5000001937151,0.,16.));
#2193=CARTESIAN_POINT('',(-11.0000001937151,0.,15.5));
#2194=CARTESIAN_POINT('Origin',(-9.00000019371509,1.,15.5));
#2195=CARTESIAN_POINT('',(-9.00000019371509,-1.,15.5));
#2196=CARTESIAN_POINT('',(-9.00000019371509,-0.5,16.));
#2197=CARTESIAN_POINT('Origin',(-9.00000019371509,-0.5,15.5));
#2198=CARTESIAN_POINT('Origin',(-9.00000019371509,1.,16.));
#2199=CARTESIAN_POINT('Origin',(-9.00000019371509,1.,15.5));
#2200=CARTESIAN_POINT('Origin',(-6.50000012293458,-0.5,15.5));
#2201=CARTESIAN_POINT('',(9.00000008940697,-1.,15.5));
#2202=CARTESIAN_POINT('',(9.00000008940697,-0.5,16.));
#2203=CARTESIAN_POINT('Origin',(9.00000008940697,-0.5,15.5));
#2204=CARTESIAN_POINT('',(-6.50000012293458,-0.5,16.));
#2205=CARTESIAN_POINT('',(-6.50000012293458,-1.,15.5));
#2206=CARTESIAN_POINT('Origin',(9.00000008940697,1.,15.5));
#2207=CARTESIAN_POINT('Origin',(9.00000008940697,1.,15.5));
#2208=CARTESIAN_POINT('Origin',(9.00000008940697,1.,16.));
#2209=CARTESIAN_POINT('Origin',(11.000000089407,0.,16.));
#2210=CARTESIAN_POINT('',(11.000000089407,18.6888541516327,14.1));
#2211=CARTESIAN_POINT('',(11.000000089407,18.6888541516327,16.));
#2212=CARTESIAN_POINT('',(11.000000089407,18.7186531361657,13.7798437045819));
#2213=CARTESIAN_POINT('Ctrl Pts',(11.000000089407,18.7186531361657,13.7798437045819));
#2214=CARTESIAN_POINT('Ctrl Pts',(11.000000089407,18.7000472217538,13.8855349143697));
#2215=CARTESIAN_POINT('Ctrl Pts',(11.000000089407,18.6888541516327,13.9926835898964));
#2216=CARTESIAN_POINT('Ctrl Pts',(11.000000089407,18.6888541516327,14.1));
#2217=CARTESIAN_POINT('',(11.000000089407,18.9999998062849,12.2533814364603));
#2218=CARTESIAN_POINT('Ctrl Pts',(11.000000089407,18.9999998062849,12.2533814364603));
#2219=CARTESIAN_POINT('Ctrl Pts',(11.000000089407,18.9999998062849,12.5498907469566));
#2220=CARTESIAN_POINT('Ctrl Pts',(11.000000089407,18.9100640166873,13.0646620948782));
#2221=CARTESIAN_POINT('Ctrl Pts',(11.000000089407,18.7572084711428,13.5608294757042));
#2222=CARTESIAN_POINT('Ctrl Pts',(11.000000089407,18.7186531361657,13.7798437045821));
#2223=CARTESIAN_POINT('',(11.000000089407,18.9999998062849,3.84661860824315));
#2224=CARTESIAN_POINT('',(11.000000089407,18.9999998062849,16.));
#2225=CARTESIAN_POINT('',(11.000000089407,18.7186531361657,2.32015634012162));
#2226=CARTESIAN_POINT('Ctrl Pts',(11.000000089407,18.7186531361657,2.32015634012136));
#2227=CARTESIAN_POINT('Ctrl Pts',(11.000000089407,18.7572061380129,2.53915731561615));
#2228=CARTESIAN_POINT('Ctrl Pts',(11.000000089407,18.9100880038983,3.03542900189204));
#2229=CARTESIAN_POINT('Ctrl Pts',(11.000000089407,18.9999998062849,3.5501272406519));
#2230=CARTESIAN_POINT('Ctrl Pts',(11.000000089407,18.9999998062849,3.84661860824315));
#2231=CARTESIAN_POINT('',(11.000000089407,18.6888541516327,2.00000004470348));
#2232=CARTESIAN_POINT('Ctrl Pts',(11.000000089407,18.6888541516327,2.00000004470348));
#2233=CARTESIAN_POINT('Ctrl Pts',(11.000000089407,18.6888541516327,2.1073164548071));
#2234=CARTESIAN_POINT('Ctrl Pts',(11.000000089407,18.7000472217537,2.21446513033376));
#2235=CARTESIAN_POINT('Ctrl Pts',(11.000000089407,18.7186531361657,2.32015634012162));
#2236=CARTESIAN_POINT('',(11.000000089407,18.6888541516327,0.468999999999999));
#2237=CARTESIAN_POINT('',(11.000000089407,18.6888541516327,16.));
#2238=CARTESIAN_POINT('',(11.000000089407,30.,0.468999999999999));
#2239=CARTESIAN_POINT('',(11.000000089407,13.,0.468999999999999));
#2240=CARTESIAN_POINT('',(11.000000089407,30.,14.));
#2241=CARTESIAN_POINT('Origin',(10.000000089407,18.6888541516327,16.));
#2242=CARTESIAN_POINT('',(10.5238096415997,17.8370187490861,14.1));
#2243=CARTESIAN_POINT('',(10.5238096415997,17.8370187490861,16.));
#2244=CARTESIAN_POINT('Origin',(10.000000089407,18.6888541516327,14.1));
#2245=CARTESIAN_POINT('Origin',(11.1000001490116,16.8999998062849,16.));
#2246=CARTESIAN_POINT('',(10.0000001490116,16.8999998062849,14.1));
#2247=CARTESIAN_POINT('',(10.0000001490116,16.8999998062849,16.));
#2248=CARTESIAN_POINT('Origin',(11.1000001490116,16.8999998062849,14.1));
#2249=CARTESIAN_POINT('Origin',(10.0000001490116,13.0000001937151,16.));
#2250=CARTESIAN_POINT('',(10.0000001490116,14.1000001937151,14.1));
#2251=CARTESIAN_POINT('',(10.0000001490116,14.1000001937151,16.));
#2252=CARTESIAN_POINT('',(10.0000001490116,6.50000009685755,14.1));
#2253=CARTESIAN_POINT('Origin',(11.1000001490116,14.1000001937151,16.));
#2254=CARTESIAN_POINT('',(10.5238096415997,13.1629812509139,14.1));
#2255=CARTESIAN_POINT('',(10.5238096415997,13.1629812509139,16.));
#2256=CARTESIAN_POINT('Origin',(11.1000001490116,14.1000001937151,14.1));
#2257=CARTESIAN_POINT('Origin',(10.000000089407,12.3111458483673,16.));
#2258=CARTESIAN_POINT('',(11.000000089407,12.3111458483673,14.1));
#2259=CARTESIAN_POINT('',(11.000000089407,12.3111458483673,16.));
#2260=CARTESIAN_POINT('Origin',(10.000000089407,12.3111458483673,14.1));
#2261=CARTESIAN_POINT('Origin',(11.000000089407,0.,16.));
#2262=CARTESIAN_POINT('',(11.000000089407,1.,0.468999999999999));
#2263=CARTESIAN_POINT('',(11.000000089407,1.,14.));
#2264=CARTESIAN_POINT('',(11.000000089407,12.3111458483673,0.468999999999999));
#2265=CARTESIAN_POINT('',(11.000000089407,13.,0.468999999999999));
#2266=CARTESIAN_POINT('',(11.000000089407,12.3111458483673,2.00000004470348));
#2267=CARTESIAN_POINT('',(11.000000089407,12.3111458483673,16.));
#2268=CARTESIAN_POINT('',(11.000000089407,12.2813468638343,2.32015634012162));
#2269=CARTESIAN_POINT('Ctrl Pts',(11.000000089407,12.2813468638343,2.32015634012162));
#2270=CARTESIAN_POINT('Ctrl Pts',(11.000000089407,12.2999527782462,2.2144651303338));
#2271=CARTESIAN_POINT('Ctrl Pts',(11.000000089407,12.3111458483673,2.10731645480707));
#2272=CARTESIAN_POINT('Ctrl Pts',(11.000000089407,12.3111458483673,2.00000004470348));
#2273=CARTESIAN_POINT('',(11.000000089407,12.0000001937151,3.84661860824315));
#2274=CARTESIAN_POINT('Ctrl Pts',(11.000000089407,12.0000001937151,3.84661860824315));
#2275=CARTESIAN_POINT('Ctrl Pts',(11.000000089407,12.0000001937151,3.55010929774686));
#2276=CARTESIAN_POINT('Ctrl Pts',(11.000000089407,12.0899286886236,3.0353370422062));
#2277=CARTESIAN_POINT('Ctrl Pts',(11.000000089407,12.2427915288572,2.53917056899929));
#2278=CARTESIAN_POINT('Ctrl Pts',(11.000000089407,12.2813468638343,2.32015634012136));
#2279=CARTESIAN_POINT('',(11.000000089407,12.0000001937151,12.2533814364603));
#2280=CARTESIAN_POINT('',(11.000000089407,12.0000001937151,16.));
#2281=CARTESIAN_POINT('',(11.000000089407,12.2813468638343,13.7798437045819));
#2282=CARTESIAN_POINT('Ctrl Pts',(11.000000089407,12.2813468638343,13.7798437045821));
#2283=CARTESIAN_POINT('Ctrl Pts',(11.000000089407,12.2427938619871,13.5608427290873));
#2284=CARTESIAN_POINT('Ctrl Pts',(11.000000089407,12.0899134626396,13.0645707898668));
#2285=CARTESIAN_POINT('Ctrl Pts',(11.000000089407,12.0000001937151,12.5498728040516));
#2286=CARTESIAN_POINT('Ctrl Pts',(11.000000089407,12.0000001937151,12.2533814364603));
#2287=CARTESIAN_POINT('Ctrl Pts',(11.000000089407,12.3111458483673,14.1));
#2288=CARTESIAN_POINT('Ctrl Pts',(11.000000089407,12.3111458483673,13.9926835898963));
#2289=CARTESIAN_POINT('Ctrl Pts',(11.000000089407,12.2999527782462,13.8855349143697));
#2290=CARTESIAN_POINT('Ctrl Pts',(11.000000089407,12.2813468638343,13.7798437045819));
#2291=CARTESIAN_POINT('Origin',(-13.0000001937151,0.,16.));
#2292=CARTESIAN_POINT('',(-6.9500001937151,25.,16.));
#2293=CARTESIAN_POINT('Origin',(-8.50000019371509,25.,16.));
#2294=CARTESIAN_POINT('',(10.0500001266599,25.,16.));
#2295=CARTESIAN_POINT('Origin',(8.50000012665987,25.,16.));
#2296=CARTESIAN_POINT('',(10.050000089407,6.00000008940697,16.));
#2297=CARTESIAN_POINT('Origin',(8.50000008940697,6.00000008940697,16.));
#2298=CARTESIAN_POINT('',(-6.95000008940697,5.99999998509884,16.));
#2299=CARTESIAN_POINT('Origin',(-8.50000008940697,5.99999998509884,16.));
#2300=CARTESIAN_POINT('Origin',(9.00000008940697,30.,14.));
#2301=CARTESIAN_POINT('',(9.00000008940697,32.,0.468999999999999));
#2302=CARTESIAN_POINT('Origin',(9.00000008940697,30.,0.468999999999999));
#2303=CARTESIAN_POINT('',(9.00000008940697,32.,14.));
#2304=CARTESIAN_POINT('Origin',(-5.21540632902884E-8,32.,12.));
#2305=CARTESIAN_POINT('',(6.00000008940697,32.,0.468999999999999));
#2306=CARTESIAN_POINT('',(6.00000008940697,32.,0.468999999999999));
#2307=CARTESIAN_POINT('',(6.00000008940697,32.,0.500000007450581));
#2308=CARTESIAN_POINT('',(6.00000008940697,32.,8.));
#2309=CARTESIAN_POINT('',(-6.00000008940697,32.,0.500000007450581));
#2310=CARTESIAN_POINT('',(-6.00000008940697,32.,0.500000007450581));
#2311=CARTESIAN_POINT('',(-6.00000008940697,32.,0.468999999999999));
#2312=CARTESIAN_POINT('',(-6.00000008940697,32.,8.));
#2313=CARTESIAN_POINT('',(-9.00000019371509,32.,0.468999999999999));
#2314=CARTESIAN_POINT('',(-6.00000008940697,32.,0.468999999999999));
#2315=CARTESIAN_POINT('',(-9.00000019371509,32.,10.));
#2316=CARTESIAN_POINT('',(6.00000008940697,32.,4.10000004470348));
#2317=CARTESIAN_POINT('',(6.00000008940697,32.,10.1));
#2318=CARTESIAN_POINT('',(6.00000008940697,32.,8.));
#2319=CARTESIAN_POINT('',(3.00000008940697,32.,13.1));
#2320=CARTESIAN_POINT('Origin',(3.00000008940697,32.,10.1));
#2321=CARTESIAN_POINT('',(-3.00000008940697,32.,13.1));
#2322=CARTESIAN_POINT('',(3.00000008940697,32.,13.1));
#2323=CARTESIAN_POINT('',(-6.00000008940697,32.,10.1));
#2324=CARTESIAN_POINT('Origin',(-3.00000008940697,32.,10.1));
#2325=CARTESIAN_POINT('',(-6.00000008940697,32.,3.00000004470348));
#2326=CARTESIAN_POINT('',(-6.00000008940697,32.,8.));
#2327=CARTESIAN_POINT('',(4.90000008940697,32.,3.00000004470348));
#2328=CARTESIAN_POINT('',(6.00000008940697,32.,3.00000004470348));
#2329=CARTESIAN_POINT('Origin',(4.90000008940697,32.,4.10000004470348));
#2330=CARTESIAN_POINT('Origin',(-9.00000019371509,30.,10.));
#2331=CARTESIAN_POINT('',(-11.0000001937151,30.,0.468999999999999));
#2332=CARTESIAN_POINT('Origin',(-9.00000019371509,30.,0.468999999999999));
#2333=CARTESIAN_POINT('',(-11.0000001937151,30.,10.));
#2334=CARTESIAN_POINT('Origin',(-9.00000019371509,1.,10.));
#2335=CARTESIAN_POINT('',(-11.0000001937151,1.,0.468999999999999));
#2336=CARTESIAN_POINT('',(-11.0000001937151,1.,10.));
#2337=CARTESIAN_POINT('',(-9.00000019371509,-1.,0.468999999999999));
#2338=CARTESIAN_POINT('Origin',(-9.00000019371509,1.,0.468999999999999));
#2339=CARTESIAN_POINT('',(-9.00000019371509,-1.,10.));
#2340=CARTESIAN_POINT('Origin',(-5.21540632902884E-8,-1.,12.));
#2341=CARTESIAN_POINT('',(-6.00000008940697,-1.,0.468999999999999));
#2342=CARTESIAN_POINT('',(-6.00000008940697,-1.,0.468999999999999));
#2343=CARTESIAN_POINT('',(-6.00000008940697,-1.,0.500000007450581));
#2344=CARTESIAN_POINT('',(-6.00000008940697,-1.,3.));
#2345=CARTESIAN_POINT('',(6.00000008940697,-1.,0.500000007450581));
#2346=CARTESIAN_POINT('',(-6.00000008940697,-1.,0.500000007450581));
#2347=CARTESIAN_POINT('',(6.00000008940697,-1.,0.468999999999999));
#2348=CARTESIAN_POINT('',(6.00000008940697,-1.,8.));
#2349=CARTESIAN_POINT('',(9.00000008940697,-1.,0.468999999999999));
#2350=CARTESIAN_POINT('',(6.00000008940697,-1.,0.468999999999999));
#2351=CARTESIAN_POINT('',(9.00000008940697,-1.,14.));
#2352=CARTESIAN_POINT('',(4.90000008940697,-1.,3.00000004470348));
#2353=CARTESIAN_POINT('',(-6.00000008940697,-1.,3.00000004470348));
#2354=CARTESIAN_POINT('',(6.00000008940697,-1.,3.00000004470348));
#2355=CARTESIAN_POINT('',(-6.00000008940697,-1.,10.1));
#2356=CARTESIAN_POINT('',(-6.00000008940697,-1.,3.));
#2357=CARTESIAN_POINT('',(-3.00000008940697,-1.,13.1));
#2358=CARTESIAN_POINT('Origin',(-3.00000008940697,-1.,10.1));
#2359=CARTESIAN_POINT('',(3.00000008940697,-1.,13.1));
#2360=CARTESIAN_POINT('',(3.00000008940697,-1.,13.1));
#2361=CARTESIAN_POINT('',(6.00000008940697,-1.,10.1));
#2362=CARTESIAN_POINT('Origin',(3.00000008940697,-1.,10.1));
#2363=CARTESIAN_POINT('',(6.00000008940697,-1.,4.10000004470348));
#2364=CARTESIAN_POINT('',(6.00000008940697,-1.,8.));
#2365=CARTESIAN_POINT('Origin',(4.90000008940697,-1.,4.10000004470348));
#2366=CARTESIAN_POINT('Origin',(-6.00000008940697,0.,0.468999999999999));
#2367=CARTESIAN_POINT('',(-6.00000008940697,13.,0.468999999999999));
#2368=CARTESIAN_POINT('',(-11.0000001937151,0.,0.468999999999999));
#2369=CARTESIAN_POINT('',(-6.95000008940697,5.99999998509884,0.468999999999999));
#2370=CARTESIAN_POINT('Origin',(-8.50000008940697,5.99999998509884,0.468999999999999));
#2371=CARTESIAN_POINT('',(-6.9500001937151,25.,0.468999999999999));
#2372=CARTESIAN_POINT('Origin',(-8.50000019371509,25.,0.468999999999999));
#2373=CARTESIAN_POINT('Origin',(9.00000008940697,1.,14.));
#2374=CARTESIAN_POINT('Origin',(9.00000008940697,1.,0.468999999999999));
#2375=CARTESIAN_POINT('Ctrl Pts',(11.000000089407,12.2813468638343,2.32015634012162));
#2376=CARTESIAN_POINT('Ctrl Pts',(11.000000089407,12.2999527782462,2.2144651303338));
#2377=CARTESIAN_POINT('Ctrl Pts',(11.000000089407,12.3111458483673,2.10731645480707));
#2378=CARTESIAN_POINT('Ctrl Pts',(11.000000089407,12.3111458483673,2.00000004470348));
#2379=CARTESIAN_POINT('Ctrl Pts',(11.000000089407,12.4577147053693,2.35120419141608));
#2380=CARTESIAN_POINT('Ctrl Pts',(10.9999443078445,12.4722262375232,2.23676352347533));
#2381=CARTESIAN_POINT('Ctrl Pts',(11.000000089407,12.4810590690911,2.11853198672974));
#2382=CARTESIAN_POINT('Ctrl Pts',(11.000000089407,12.4810590690911,2.00000004470348));
#2383=CARTESIAN_POINT('Ctrl Pts',(10.901330281471,12.8101233654858,2.41324232477953));
#2384=CARTESIAN_POINT('Ctrl Pts',(10.9076120596191,12.8165380248126,2.28134672323795));
#2385=CARTESIAN_POINT('Ctrl Pts',(10.911396780452,12.8206320673497,2.14093174572348));
#2386=CARTESIAN_POINT('Ctrl Pts',(10.911396780452,12.8206320673497,2.00000004470348));
#2387=CARTESIAN_POINT('Ctrl Pts',(10.633663007471,13.0633875725704,2.45782703688653));
#2388=CARTESIAN_POINT('Ctrl Pts',(10.6551644069662,13.0698740947093,2.31439682911854));
#2389=CARTESIAN_POINT('Ctrl Pts',(10.6685477383729,13.0739790828549,2.15767518002772));
#2390=CARTESIAN_POINT('Ctrl Pts',(10.6685477383729,13.0739790828549,2.00000004470348));
#2391=CARTESIAN_POINT('Ctrl Pts',(10.4761905655971,13.1473722590156,2.47261172797912));
#2392=CARTESIAN_POINT('Ctrl Pts',(10.505420849318,13.1571182141838,2.32594962758141));
#2393=CARTESIAN_POINT('Ctrl Pts',(10.5238096415997,13.1629812509139,2.16352981887695));
#2394=CARTESIAN_POINT('Ctrl Pts',(10.5238096415997,13.1629812509139,2.00000004470348));
#2395=CARTESIAN_POINT('',(10.5238096415997,13.1629812509139,2.00000004470348));
#2396=CARTESIAN_POINT('Origin',(10.000000089407,12.3111458483673,2.00000004470348));
#2397=CARTESIAN_POINT('',(10.4761905655974,13.1473722590156,2.47261172797838));
#2398=CARTESIAN_POINT('Ctrl Pts',(10.5238096415997,13.1629812509139,2.00000004470348));
#2399=CARTESIAN_POINT('Ctrl Pts',(10.5238096415997,13.1629812509139,2.16352981887695));
#2400=CARTESIAN_POINT('Ctrl Pts',(10.505420849318,13.1571182141838,2.32594962758141));
#2401=CARTESIAN_POINT('Ctrl Pts',(10.4761905655971,13.1473722590156,2.47261172797912));
#2402=CARTESIAN_POINT('Origin',(10.000000089407,12.2813468638343,2.32015634012162));
#2403=CARTESIAN_POINT('Origin',(10.000000089407,12.3111458483673,16.));
#2404=CARTESIAN_POINT('',(10.5238096415997,13.1629812509139,0.468999999999999));
#2405=CARTESIAN_POINT('Origin',(10.000000089407,12.3111458483673,0.468999999999999));
#2406=CARTESIAN_POINT('',(10.5238096415997,13.1629812509139,16.));
#2407=CARTESIAN_POINT('Origin',(10.000000089407,12.0000001937151,16.));
#2408=CARTESIAN_POINT('',(10.000000089407,13.0000001937151,3.84661860824315));
#2409=CARTESIAN_POINT('Origin',(10.000000089407,12.0000001937151,3.84661860824315));
#2410=CARTESIAN_POINT('',(10.000000089407,13.0000001937151,12.2533814364603));
#2411=CARTESIAN_POINT('',(10.000000089407,13.0000001937151,16.));
#2412=CARTESIAN_POINT('Origin',(10.000000089407,12.0000001937151,12.2533814364603));
#2413=CARTESIAN_POINT('Ctrl Pts',(10.4761905655971,13.1473722590156,13.6273883167244));
#2414=CARTESIAN_POINT('Ctrl Pts',(10.505420849318,13.1571182141838,13.7740504171221));
#2415=CARTESIAN_POINT('Ctrl Pts',(10.5238096415997,13.1629812509139,13.9364702258266));
#2416=CARTESIAN_POINT('Ctrl Pts',(10.5238096415997,13.1629812509139,14.1));
#2417=CARTESIAN_POINT('Ctrl Pts',(10.633663007471,13.0633875725704,13.6421730078169));
#2418=CARTESIAN_POINT('Ctrl Pts',(10.6551644069662,13.0698740947093,13.785603215585));
#2419=CARTESIAN_POINT('Ctrl Pts',(10.6685477383729,13.0739790828549,13.9423248646758));
#2420=CARTESIAN_POINT('Ctrl Pts',(10.6685477383729,13.0739790828549,14.1));
#2421=CARTESIAN_POINT('Ctrl Pts',(10.9012929102048,12.8101014411704,13.6867615794874));
#2422=CARTESIAN_POINT('Ctrl Pts',(10.9075746883529,12.8165161004972,13.8186571810291));
#2423=CARTESIAN_POINT('Ctrl Pts',(10.9113658767019,12.8206147916289,13.9590682989799));
#2424=CARTESIAN_POINT('Ctrl Pts',(10.9113658767019,12.8206147916289,14.1));
#2425=CARTESIAN_POINT('Ctrl Pts',(11.000000089407,12.4577147053693,13.7487958532874));
#2426=CARTESIAN_POINT('Ctrl Pts',(10.9999443078445,12.4722262375232,13.8632365212282));
#2427=CARTESIAN_POINT('Ctrl Pts',(11.000000089407,12.4810590690911,13.9814680579736));
#2428=CARTESIAN_POINT('Ctrl Pts',(11.000000089407,12.4810590690911,14.1));
#2429=CARTESIAN_POINT('Ctrl Pts',(11.000000089407,12.2813468638343,13.7798437045819));
#2430=CARTESIAN_POINT('Ctrl Pts',(11.000000089407,12.2999527782462,13.8855349143697));
#2431=CARTESIAN_POINT('Ctrl Pts',(11.000000089407,12.3111458483673,13.9926835898963));
#2432=CARTESIAN_POINT('Ctrl Pts',(11.000000089407,12.3111458483673,14.1));
#2433=CARTESIAN_POINT('',(10.4761905655974,13.1473722590156,13.6273883167251));
#2434=CARTESIAN_POINT('Origin',(10.000000089407,12.2813468638343,13.7798437045819));
#2435=CARTESIAN_POINT('Ctrl Pts',(10.4761905655971,13.1473722590156,13.6273883167244));
#2436=CARTESIAN_POINT('Ctrl Pts',(10.505420849318,13.1571182141838,13.7740504171221));
#2437=CARTESIAN_POINT('Ctrl Pts',(10.5238096415997,13.1629812509139,13.9364702258266));
#2438=CARTESIAN_POINT('Ctrl Pts',(10.5238096415997,13.1629812509139,14.1));
#2439=CARTESIAN_POINT('Ctrl Pts',(10.000000089407,13.0000001937151,12.2533814364603));
#2440=CARTESIAN_POINT('Ctrl Pts',(10.0591196694404,13.0000001937151,12.4407014835861));
#2441=CARTESIAN_POINT('Ctrl Pts',(10.1976114375235,13.0470976202946,12.7868650747091));
#2442=CARTESIAN_POINT('Ctrl Pts',(10.4156229870663,13.1271778294766,13.3234922489278));
#2443=CARTESIAN_POINT('Ctrl Pts',(10.4761905655972,13.1473722590156,13.6273883167247));
#2444=CARTESIAN_POINT('Ctrl Pts',(10.2991993897488,13.0000001937151,12.2533814364603));
#2445=CARTESIAN_POINT('Ctrl Pts',(10.3470029663049,12.9817709819807,12.4403525891923));
#2446=CARTESIAN_POINT('Ctrl Pts',(10.4572066444845,12.9913492242067,12.7998931922377));
#2447=CARTESIAN_POINT('Ctrl Pts',(10.6139452793276,13.0389519184378,13.3480237263801));
#2448=CARTESIAN_POINT('Ctrl Pts',(10.6561590705959,13.0513897602211,13.6442851065448));
#2449=CARTESIAN_POINT('Ctrl Pts',(10.8171903038586,12.7488629168285,12.2533814364603));
#2450=CARTESIAN_POINT('Ctrl Pts',(10.8315894918495,12.7207540154269,12.468218939856));
#2451=CARTESIAN_POINT('Ctrl Pts',(10.8636596924539,12.7191070874233,12.8780593473993));
#2452=CARTESIAN_POINT('Ctrl Pts',(10.9053139595519,12.771077106165,13.4203241958267));
#2453=CARTESIAN_POINT('Ctrl Pts',(10.9162705612745,12.7854369347546,13.6911035270945));
#2454=CARTESIAN_POINT('Ctrl Pts',(11.000000089407,12.2243996689715,12.2533814364603));
#2455=CARTESIAN_POINT('Ctrl Pts',(10.9998476459904,12.2160271911399,12.5254249293545));
#2456=CARTESIAN_POINT('Ctrl Pts',(10.9999945689304,12.2785260748978,13.0086887807677));
#2457=CARTESIAN_POINT('Ctrl Pts',(11.0000389368574,12.4011997219024,13.5187095929314));
#2458=CARTESIAN_POINT('Ctrl Pts',(11.000000089407,12.4325192994357,13.7532312606155));
#2459=CARTESIAN_POINT('Ctrl Pts',(11.000000089407,12.0000001937151,12.2533814364603));
#2460=CARTESIAN_POINT('Ctrl Pts',(11.000000089407,12.0000001937151,12.5498728040516));
#2461=CARTESIAN_POINT('Ctrl Pts',(11.000000089407,12.0899134626396,13.0645707898668));
#2462=CARTESIAN_POINT('Ctrl Pts',(11.000000089407,12.2427938619871,13.5608427290873));
#2463=CARTESIAN_POINT('Ctrl Pts',(11.000000089407,12.2813468638343,13.7798437045821));
#2464=CARTESIAN_POINT('Ctrl Pts',(10.000000089407,13.0000001937151,12.2533814364603));
#2465=CARTESIAN_POINT('Ctrl Pts',(10.0591196694404,13.0000001937151,12.4407014835861));
#2466=CARTESIAN_POINT('Ctrl Pts',(10.1976114375235,13.0470976202946,12.7868650747091));
#2467=CARTESIAN_POINT('Ctrl Pts',(10.4156229870663,13.1271778294766,13.3234922489278));
#2468=CARTESIAN_POINT('Ctrl Pts',(10.4761905655972,13.1473722590156,13.6273883167247));
#2469=CARTESIAN_POINT('Ctrl Pts',(10.4761905655972,13.1473722590156,2.47261172797876));
#2470=CARTESIAN_POINT('Ctrl Pts',(10.4156193216702,13.127176607361,2.7765261867944));
#2471=CARTESIAN_POINT('Ctrl Pts',(10.197629577434,13.04710559581,3.31305991033156));
#2472=CARTESIAN_POINT('Ctrl Pts',(10.0591232472073,13.0000001937151,3.65928722498355));
#2473=CARTESIAN_POINT('Ctrl Pts',(10.000000089407,13.0000001937151,3.84661860824315));
#2474=CARTESIAN_POINT('Ctrl Pts',(10.6561590705959,13.0513897602211,2.45571493815867));
#2475=CARTESIAN_POINT('Ctrl Pts',(10.6139427246561,13.0389511657312,2.75199424731015));
#2476=CARTESIAN_POINT('Ctrl Pts',(10.4572202915884,12.9913524489414,3.30002634550187));
#2477=CARTESIAN_POINT('Ctrl Pts',(10.3470058592561,12.981769878795,3.65963614049154));
#2478=CARTESIAN_POINT('Ctrl Pts',(10.2991993897488,13.0000001937151,3.84661860824315));
#2479=CARTESIAN_POINT('Ctrl Pts',(10.916288833022,12.7854462392911,2.4088981555826));
#2480=CARTESIAN_POINT('Ctrl Pts',(10.9053315682337,12.7710855416811,2.67969387372821));
#2481=CARTESIAN_POINT('Ctrl Pts',(10.8637004735139,12.7191338239773,3.22185983415013));
#2482=CARTESIAN_POINT('Ctrl Pts',(10.8316587692617,12.720809326056,3.63176810342709));
#2483=CARTESIAN_POINT('Ctrl Pts',(10.8172587098684,12.7489199285369,3.84661860824315));
#2484=CARTESIAN_POINT('Ctrl Pts',(11.000000089407,12.4325192994357,2.34676878408802));
#2485=CARTESIAN_POINT('Ctrl Pts',(11.0000389392084,12.401197826521,2.5813046444281));
#2486=CARTESIAN_POINT('Ctrl Pts',(10.9999948507095,12.2785369854556,3.09122226667903));
#2487=CARTESIAN_POINT('Ctrl Pts',(10.999847636765,12.2160266844588,3.57455865196727));
#2488=CARTESIAN_POINT('Ctrl Pts',(11.000000089407,12.2243996689715,3.84661860824315));
#2489=CARTESIAN_POINT('Ctrl Pts',(11.000000089407,12.2813468638343,2.32015634012136));
#2490=CARTESIAN_POINT('Ctrl Pts',(11.000000089407,12.2427915288572,2.53917056899929));
#2491=CARTESIAN_POINT('Ctrl Pts',(11.000000089407,12.0899286886236,3.0353370422062));
#2492=CARTESIAN_POINT('Ctrl Pts',(11.000000089407,12.0000001937151,3.55010929774686));
#2493=CARTESIAN_POINT('Ctrl Pts',(11.000000089407,12.0000001937151,3.84661860824315));
#2494=CARTESIAN_POINT('Ctrl Pts',(10.4761905655972,13.1473722590156,2.47261172797876));
#2495=CARTESIAN_POINT('Ctrl Pts',(10.4156193216702,13.127176607361,2.7765261867944));
#2496=CARTESIAN_POINT('Ctrl Pts',(10.197629577434,13.04710559581,3.31305991033156));
#2497=CARTESIAN_POINT('Ctrl Pts',(10.0591232472073,13.0000001937151,3.65928722498355));
#2498=CARTESIAN_POINT('Ctrl Pts',(10.000000089407,13.0000001937151,3.84661860824315));
#2499=CARTESIAN_POINT('Ctrl Pts',(11.000000089407,18.7186531361657,13.7798437045819));
#2500=CARTESIAN_POINT('Ctrl Pts',(11.000000089407,18.7000472217538,13.8855349143697));
#2501=CARTESIAN_POINT('Ctrl Pts',(11.000000089407,18.6888541516327,13.9926835898964));
#2502=CARTESIAN_POINT('Ctrl Pts',(11.000000089407,18.6888541516327,14.1));
#2503=CARTESIAN_POINT('Ctrl Pts',(11.000000089407,18.5422852946307,13.7487958532874));
#2504=CARTESIAN_POINT('Ctrl Pts',(10.9999443078445,18.5277737624768,13.8632365212281));
#2505=CARTESIAN_POINT('Ctrl Pts',(11.000000089407,18.5189409309089,13.9814680579738));
#2506=CARTESIAN_POINT('Ctrl Pts',(11.000000089407,18.5189409309089,14.1));
#2507=CARTESIAN_POINT('Ctrl Pts',(10.9012792125236,18.1899065947436,13.6867629941323));
#2508=CARTESIAN_POINT('Ctrl Pts',(10.9075609906717,18.1834919354168,13.8186585956739));
#2509=CARTESIAN_POINT('Ctrl Pts',(10.9113545495578,18.1793915404369,13.9590682989802));
#2510=CARTESIAN_POINT('Ctrl Pts',(10.9113545495578,18.1793915404369,14.1));
#2511=CARTESIAN_POINT('Ctrl Pts',(10.633663007471,17.9366124274296,13.6421730078169));
#2512=CARTESIAN_POINT('Ctrl Pts',(10.6551644069662,17.9301259052907,13.7856032155849));
#2513=CARTESIAN_POINT('Ctrl Pts',(10.6685477383729,17.9260209171451,13.9423248646761));
#2514=CARTESIAN_POINT('Ctrl Pts',(10.6685477383729,17.9260209171451,14.1));
#2515=CARTESIAN_POINT('Ctrl Pts',(10.4761905655971,17.8526277409844,13.6273883167244));
#2516=CARTESIAN_POINT('Ctrl Pts',(10.505420849318,17.8428817858162,13.774050417122));
#2517=CARTESIAN_POINT('Ctrl Pts',(10.5238096415997,17.8370187490861,13.9364702258269));
#2518=CARTESIAN_POINT('Ctrl Pts',(10.5238096415997,17.8370187490861,14.1));
#2519=CARTESIAN_POINT('',(10.4761905655974,17.8526277409844,13.6273883167251));
#2520=CARTESIAN_POINT('Ctrl Pts',(10.5238096415997,17.8370187490861,14.1));
#2521=CARTESIAN_POINT('Ctrl Pts',(10.5238096415997,17.8370187490861,13.9364702258269));
#2522=CARTESIAN_POINT('Ctrl Pts',(10.505420849318,17.8428817858162,13.774050417122));
#2523=CARTESIAN_POINT('Ctrl Pts',(10.4761905655971,17.8526277409844,13.6273883167244));
#2524=CARTESIAN_POINT('Origin',(10.000000089407,18.7186531361657,13.7798437045819));
#2525=CARTESIAN_POINT('Origin',(10.000000089407,18.9999998062849,16.));
#2526=CARTESIAN_POINT('',(10.000000089407,17.9999998062849,12.2533814364603));
#2527=CARTESIAN_POINT('Origin',(10.000000089407,18.9999998062849,12.2533814364603));
#2528=CARTESIAN_POINT('',(10.000000089407,17.9999998062849,3.84661860824315));
#2529=CARTESIAN_POINT('',(10.000000089407,17.9999998062849,16.));
#2530=CARTESIAN_POINT('Origin',(10.000000089407,18.9999998062849,3.84661860824315));
#2531=CARTESIAN_POINT('Origin',(10.000000089407,18.6888541516327,16.));
#2532=CARTESIAN_POINT('',(10.5238096415997,17.8370187490861,0.468999999999999));
#2533=CARTESIAN_POINT('Origin',(10.000000089407,18.6888541516327,0.468999999999999));
#2534=CARTESIAN_POINT('',(10.5238096415997,17.8370187490861,2.00000004470348));
#2535=CARTESIAN_POINT('Origin',(10.000000089407,18.6888541516327,2.00000004470348));
#2536=CARTESIAN_POINT('',(10.5238096415997,17.8370187490861,16.));
#2537=CARTESIAN_POINT('Ctrl Pts',(10.4761905655971,17.8526277409844,2.47261172797912));
#2538=CARTESIAN_POINT('Ctrl Pts',(10.505420849318,17.8428817858162,2.32594962758134));
#2539=CARTESIAN_POINT('Ctrl Pts',(10.5238096415997,17.8370187490861,2.16352981887693));
#2540=CARTESIAN_POINT('Ctrl Pts',(10.5238096415997,17.8370187490861,2.00000004470348));
#2541=CARTESIAN_POINT('Ctrl Pts',(10.633663007471,17.9366124274296,2.45782703688653));
#2542=CARTESIAN_POINT('Ctrl Pts',(10.6551644069662,17.9301259052907,2.31439682911846));
#2543=CARTESIAN_POINT('Ctrl Pts',(10.6685477383729,17.9260209171451,2.15767518002771));
#2544=CARTESIAN_POINT('Ctrl Pts',(10.6685477383729,17.9260209171451,2.00000004470348));
#2545=CARTESIAN_POINT('Ctrl Pts',(10.9013092519056,18.1898889717687,2.41324015292529));
#2546=CARTESIAN_POINT('Ctrl Pts',(10.9075910300537,18.183474312442,2.28134455138364));
#2547=CARTESIAN_POINT('Ctrl Pts',(10.9113793902884,18.1793776540469,2.14093174572348));
#2548=CARTESIAN_POINT('Ctrl Pts',(10.9113793902884,18.1793776540469,2.00000004470348));
#2549=CARTESIAN_POINT('Ctrl Pts',(11.000000089407,18.5422852946307,2.35120419141608));
#2550=CARTESIAN_POINT('Ctrl Pts',(10.9999443078445,18.5277737624767,2.23676352347528));
#2551=CARTESIAN_POINT('Ctrl Pts',(11.000000089407,18.5189409309089,2.11853198672977));
#2552=CARTESIAN_POINT('Ctrl Pts',(11.000000089407,18.5189409309089,2.00000004470348));
#2553=CARTESIAN_POINT('Ctrl Pts',(11.000000089407,18.7186531361657,2.32015634012162));
#2554=CARTESIAN_POINT('Ctrl Pts',(11.000000089407,18.7000472217537,2.21446513033376));
#2555=CARTESIAN_POINT('Ctrl Pts',(11.000000089407,18.6888541516327,2.1073164548071));
#2556=CARTESIAN_POINT('Ctrl Pts',(11.000000089407,18.6888541516327,2.00000004470348));
#2557=CARTESIAN_POINT('',(10.4761905655974,17.8526277409844,2.47261172797838));
#2558=CARTESIAN_POINT('Origin',(10.000000089407,18.7186531361657,2.32015634012162));
#2559=CARTESIAN_POINT('Ctrl Pts',(10.4761905655971,17.8526277409844,2.47261172797912));
#2560=CARTESIAN_POINT('Ctrl Pts',(10.505420849318,17.8428817858162,2.32594962758134));
#2561=CARTESIAN_POINT('Ctrl Pts',(10.5238096415997,17.8370187490861,2.16352981887693));
#2562=CARTESIAN_POINT('Ctrl Pts',(10.5238096415997,17.8370187490861,2.00000004470348));
#2563=CARTESIAN_POINT('Ctrl Pts',(10.000000089407,17.9999998062849,3.84661860824315));
#2564=CARTESIAN_POINT('Ctrl Pts',(10.0591196694404,17.9999998062849,3.65929856111737));
#2565=CARTESIAN_POINT('Ctrl Pts',(10.1976078824935,17.9529031478919,3.31313661806695));
#2566=CARTESIAN_POINT('Ctrl Pts',(10.4156229870663,17.8728221705234,2.77650779577569));
#2567=CARTESIAN_POINT('Ctrl Pts',(10.4761905655972,17.8526277409844,2.47261172797876));
#2568=CARTESIAN_POINT('Ctrl Pts',(10.2991993897489,17.9999998062849,3.84661860824315));
#2569=CARTESIAN_POINT('Ctrl Pts',(10.3470029663049,18.0182290180193,3.65964745551116));
#2570=CARTESIAN_POINT('Ctrl Pts',(10.4572040066694,18.0086511035185,3.30010751653558));
#2571=CARTESIAN_POINT('Ctrl Pts',(10.6139452793276,17.9610480815622,2.75197631832338));
#2572=CARTESIAN_POINT('Ctrl Pts',(10.6561590705959,17.9486102397789,2.45571493815867));
#2573=CARTESIAN_POINT('Ctrl Pts',(10.817210561081,18.2511202001687,3.84661860824315));
#2574=CARTESIAN_POINT('Ctrl Pts',(10.831609749072,18.2792291015702,3.63178110484752));
#2575=CARTESIAN_POINT('Ctrl Pts',(10.8636698858075,18.2808861252848,3.22194227200983));
#2576=CARTESIAN_POINT('Ctrl Pts',(10.9053193704048,18.2289201384621,2.67967633393352));
#2577=CARTESIAN_POINT('Ctrl Pts',(10.9162759721274,18.2145603098725,2.40889700266575));
#2578=CARTESIAN_POINT('Ctrl Pts',(11.000000089407,18.7756003310285,3.84661860824315));
#2579=CARTESIAN_POINT('Ctrl Pts',(10.9998476459904,18.7839728088601,3.57457511534898));
#2580=CARTESIAN_POINT('Ctrl Pts',(10.9999946599611,18.7214752239714,3.0913115032421));
#2581=CARTESIAN_POINT('Ctrl Pts',(11.0000389368574,18.5988002780976,2.58129045177205));
#2582=CARTESIAN_POINT('Ctrl Pts',(11.000000089407,18.5674807005643,2.34676878408802));
#2583=CARTESIAN_POINT('Ctrl Pts',(11.000000089407,18.9999998062849,3.84661860824315));
#2584=CARTESIAN_POINT('Ctrl Pts',(11.000000089407,18.9999998062849,3.5501272406519));
#2585=CARTESIAN_POINT('Ctrl Pts',(11.000000089407,18.9100880038983,3.03542900189204));
#2586=CARTESIAN_POINT('Ctrl Pts',(11.000000089407,18.7572061380129,2.53915731561615));
#2587=CARTESIAN_POINT('Ctrl Pts',(11.000000089407,18.7186531361657,2.32015634012136));
#2588=CARTESIAN_POINT('Ctrl Pts',(10.000000089407,17.9999998062849,3.84661860824315));
#2589=CARTESIAN_POINT('Ctrl Pts',(10.0591196694404,17.9999998062849,3.65929856111737));
#2590=CARTESIAN_POINT('Ctrl Pts',(10.1976078824935,17.9529031478919,3.31313661806695));
#2591=CARTESIAN_POINT('Ctrl Pts',(10.4156229870663,17.8728221705234,2.77650779577569));
#2592=CARTESIAN_POINT('Ctrl Pts',(10.4761905655972,17.8526277409844,2.47261172797876));
#2593=CARTESIAN_POINT('Ctrl Pts',(10.4761905655972,17.8526277409844,13.6273883167247));
#2594=CARTESIAN_POINT('Ctrl Pts',(10.4156193216702,17.872823392639,13.3234738579091));
#2595=CARTESIAN_POINT('Ctrl Pts',(10.1976472353049,17.9528905831624,12.7869485166516));
#2596=CARTESIAN_POINT('Ctrl Pts',(10.0591232472073,17.9999998062849,12.4407128197199));
#2597=CARTESIAN_POINT('Ctrl Pts',(10.000000089407,17.9999998062849,12.2533814364603));
#2598=CARTESIAN_POINT('Ctrl Pts',(10.6561590705959,17.9486102397789,13.6442851065448));
#2599=CARTESIAN_POINT('Ctrl Pts',(10.6139427246561,17.9610488342688,13.3480057973933));
#2600=CARTESIAN_POINT('Ctrl Pts',(10.4572333966665,18.0086459306231,12.7999772287421));
#2601=CARTESIAN_POINT('Ctrl Pts',(10.3470058592561,18.018230121205,12.4403639042119));
#2602=CARTESIAN_POINT('Ctrl Pts',(10.2991993897489,17.9999998062849,12.2533814364603));
#2603=CARTESIAN_POINT('Ctrl Pts',(10.916262730416,18.2145670529597,13.691104229093));
#2604=CARTESIAN_POINT('Ctrl Pts',(10.9053054656277,18.2289277505697,13.4203085109474));
#2605=CARTESIAN_POINT('Ctrl Pts',(10.8636513636304,18.2808988104436,12.8781482489339));
#2606=CARTESIAN_POINT('Ctrl Pts',(10.8315610459803,18.2792721195837,12.4682319412764));
#2607=CARTESIAN_POINT('Ctrl Pts',(10.817160986587,18.2511615171027,12.2533814364603));
#2608=CARTESIAN_POINT('Ctrl Pts',(11.000000089407,18.5674807005643,13.7532312606155));
#2609=CARTESIAN_POINT('Ctrl Pts',(11.0000389392084,18.598802173479,13.5186954002754));
#2610=CARTESIAN_POINT('Ctrl Pts',(10.999994400792,18.7214565643254,13.0087792828137));
#2611=CARTESIAN_POINT('Ctrl Pts',(10.999847636765,18.7839733155412,12.5254413927362));
#2612=CARTESIAN_POINT('Ctrl Pts',(11.000000089407,18.7756003310285,12.2533814364603));
#2613=CARTESIAN_POINT('Ctrl Pts',(11.000000089407,18.7186531361657,13.7798437045821));
#2614=CARTESIAN_POINT('Ctrl Pts',(11.000000089407,18.7572084711428,13.5608294757042));
#2615=CARTESIAN_POINT('Ctrl Pts',(11.000000089407,18.9100640166873,13.0646620948782));
#2616=CARTESIAN_POINT('Ctrl Pts',(11.000000089407,18.9999998062849,12.5498907469566));
#2617=CARTESIAN_POINT('Ctrl Pts',(11.000000089407,18.9999998062849,12.2533814364603));
#2618=CARTESIAN_POINT('Ctrl Pts',(10.4761905655972,17.8526277409844,13.6273883167247));
#2619=CARTESIAN_POINT('Ctrl Pts',(10.4156193216702,17.872823392639,13.3234738579091));
#2620=CARTESIAN_POINT('Ctrl Pts',(10.1976472353049,17.9528905831624,12.7869485166516));
#2621=CARTESIAN_POINT('Ctrl Pts',(10.0591232472073,17.9999998062849,12.4407128197199));
#2622=CARTESIAN_POINT('Ctrl Pts',(10.000000089407,17.9999998062849,12.2533814364603));
#2623=CARTESIAN_POINT('Origin',(9.00000014901161,14.1000001937151,14.1));
#2624=CARTESIAN_POINT('',(9.00000014901161,13.0000001937151,12.));
#2625=CARTESIAN_POINT('Origin',(9.00000014901161,13.0000001937151,14.1));
#2626=CARTESIAN_POINT('',(9.00000014901161,14.1000001937151,13.1));
#2627=CARTESIAN_POINT('Origin',(9.00000014901161,14.1000001937151,12.));
#2628=CARTESIAN_POINT('',(9.9523810730094,14.1000001937151,13.7950892333729));
#2629=CARTESIAN_POINT('Origin',(9.00000014901161,14.1000001937151,14.1));
#2630=CARTESIAN_POINT('Origin',(11.000000089407,14.1000001937151,13.4596873900831));
#2631=CARTESIAN_POINT('Origin',(7.00000008940697,14.1000001937151,12.));
#2632=CARTESIAN_POINT('',(6.51994327076658,13.0000001937151,12.));
#2633=CARTESIAN_POINT('',(6.51994327076658,14.1000001937151,13.1));
#2634=CARTESIAN_POINT('Origin',(6.51994327076658,14.1000001937151,12.));
#2635=CARTESIAN_POINT('',(7.00000008940697,14.1000001937151,13.1));
#2636=CARTESIAN_POINT('',(7.00000008940697,13.0000001937151,12.));
#2637=CARTESIAN_POINT('Ctrl Pts',(3.00000008940697,12.0000001937151,13.1));
#2638=CARTESIAN_POINT('Ctrl Pts',(3.00235090232522,12.0007455500843,13.1));
#2639=CARTESIAN_POINT('Ctrl Pts',(3.00469289102893,12.0014905281016,13.0999943065508));
#2640=CARTESIAN_POINT('Ctrl Pts',(3.6201830176017,12.1957367468542,13.1003935208757));
#2641=CARTESIAN_POINT('Ctrl Pts',(4.50862253406207,12.4866901340961,12.8793439650629));
#2642=CARTESIAN_POINT('Ctrl Pts',(5.63584588521204,12.8724548937199,12.3736629672958));
#2643=CARTESIAN_POINT('Ctrl Pts',(6.18684836577014,13.0000001937151,12.1227015693625));
#2644=CARTESIAN_POINT('Ctrl Pts',(6.51994327076658,13.0000001937151,12.));
#2645=CARTESIAN_POINT('Ctrl Pts',(3.00000008940697,12.0000001937151,13.1));
#2646=CARTESIAN_POINT('Ctrl Pts',(3.0020384131725,12.0009516187203,13.0999630031368));
#2647=CARTESIAN_POINT('Ctrl Pts',(3.00450554112053,12.0017556440854,13.1000311648728));
#2648=CARTESIAN_POINT('Ctrl Pts',(3.57300822794304,12.2379051607033,13.0989533967537));
#2649=CARTESIAN_POINT('Ctrl Pts',(4.41645890891424,12.5848301786705,12.9653303113201));
#2650=CARTESIAN_POINT('Ctrl Pts',(5.5947721822689,12.9673581512536,12.6207586034335));
#2651=CARTESIAN_POINT('Ctrl Pts',(6.18805397457244,13.0378695964433,12.4290326953445));
#2652=CARTESIAN_POINT('Ctrl Pts',(6.51994327076658,13.0000001937151,12.3291192303761));
#2653=CARTESIAN_POINT('Ctrl Pts',(3.00000008940697,12.0000001937151,13.1));
#2654=CARTESIAN_POINT('Ctrl Pts',(3.00187631729999,12.0012012320599,13.0999898558348));
#2655=CARTESIAN_POINT('Ctrl Pts',(3.00381804163054,12.0023240289106,13.1000087539351));
#2656=CARTESIAN_POINT('Ctrl Pts',(3.4986651261992,12.3092807528451,13.0996965023854));
#2657=CARTESIAN_POINT('Ctrl Pts',(4.24075895638236,12.7628921646357,13.0693749173373));
#2658=CARTESIAN_POINT('Ctrl Pts',(5.44556944287673,13.258803888295,12.9830107419672));
#2659=CARTESIAN_POINT('Ctrl Pts',(6.13158878735584,13.3361712501044,12.9289209011173));
#2660=CARTESIAN_POINT('Ctrl Pts',(6.51994327076658,13.2762319003306,12.898932390727));
#2661=CARTESIAN_POINT('Ctrl Pts',(3.00000008940697,12.0000001937151,13.1));
#2662=CARTESIAN_POINT('Ctrl Pts',(3.00163054705514,12.001459905289,13.1));
#2663=CARTESIAN_POINT('Ctrl Pts',(3.0032054800423,12.0028846546904,13.1));
#2664=CARTESIAN_POINT('Ctrl Pts',(3.42383381654867,12.3806004446411,13.1));
#2665=CARTESIAN_POINT('Ctrl Pts',(4.05620339043959,12.9443689434126,13.1));
#2666=CARTESIAN_POINT('Ctrl Pts',(5.2242588289852,13.6602732400995,13.1));
#2667=CARTESIAN_POINT('Ctrl Pts',(6.01178827418122,13.8712712780638,13.1));
#2668=CARTESIAN_POINT('Ctrl Pts',(6.51994327076658,13.853160770933,13.1));
#2669=CARTESIAN_POINT('Ctrl Pts',(3.00000008940697,12.0000001937151,13.1));
#2670=CARTESIAN_POINT('Ctrl Pts',(3.00148893758863,12.0015654420905,13.1));
#2671=CARTESIAN_POINT('Ctrl Pts',(3.00297660001551,12.0031298959268,13.1));
#2672=CARTESIAN_POINT('Ctrl Pts',(3.39115392148468,12.4110469553075,13.1));
#2673=CARTESIAN_POINT('Ctrl Pts',(3.97675136090538,13.0220490685152,13.1));
#2674=CARTESIAN_POINT('Ctrl Pts',(5.12919556412998,13.8321550637254,13.1));
#2675=CARTESIAN_POINT('Ctrl Pts',(5.95953123291768,14.1000001937151,13.1));
#2676=CARTESIAN_POINT('Ctrl Pts',(6.51994327076658,14.1000001937151,13.1));
#2677=CARTESIAN_POINT('',(3.00000008940697,12.0000001937151,13.1));
#2678=CARTESIAN_POINT('Ctrl Pts',(6.51994327076658,13.0000001937151,12.));
#2679=CARTESIAN_POINT('Ctrl Pts',(6.18684836577014,13.0000001937151,12.1227015693625));
#2680=CARTESIAN_POINT('Ctrl Pts',(5.63584588521204,12.8724548937199,12.3736629672958));
#2681=CARTESIAN_POINT('Ctrl Pts',(4.50862253406207,12.4866901340961,12.8793439650629));
#2682=CARTESIAN_POINT('Ctrl Pts',(3.6201830176017,12.1957367468542,13.1003935208757));
#2683=CARTESIAN_POINT('Ctrl Pts',(3.00469289102893,12.0014905281016,13.0999943065508));
#2684=CARTESIAN_POINT('Ctrl Pts',(3.00235090232522,12.0007455500843,13.1));
#2685=CARTESIAN_POINT('Ctrl Pts',(3.00000008940697,12.0000001937151,13.1));
#2686=CARTESIAN_POINT('Ctrl Pts',(3.00000008940697,12.0000001937151,13.1));
#2687=CARTESIAN_POINT('Ctrl Pts',(3.00148893758863,12.0015654420905,13.1));
#2688=CARTESIAN_POINT('Ctrl Pts',(3.00297660001551,12.0031298959268,13.1));
#2689=CARTESIAN_POINT('Ctrl Pts',(3.39115392148468,12.4110469553075,13.1));
#2690=CARTESIAN_POINT('Ctrl Pts',(3.97675136090538,13.0220490685152,13.1));
#2691=CARTESIAN_POINT('Ctrl Pts',(5.12919556412998,13.8321550637254,13.1));
#2692=CARTESIAN_POINT('Ctrl Pts',(5.95953123291768,14.1000001937151,13.1));
#2693=CARTESIAN_POINT('Ctrl Pts',(6.51994327076658,14.1000001937151,13.1));
#2694=CARTESIAN_POINT('Origin',(9.00000014901161,14.1000001937151,14.1));
#2695=CARTESIAN_POINT('Origin',(9.00000014901161,14.1000001937151,14.1));
#2696=CARTESIAN_POINT('Origin',(9.00000014901161,6.50000009685755,14.1));
#2697=CARTESIAN_POINT('',(9.00000014901161,16.8999998062849,13.1));
#2698=CARTESIAN_POINT('',(9.00000014901161,6.50000009685755,13.1));
#2699=CARTESIAN_POINT('',(9.9523810730094,16.8999998062849,13.7950892333729));
#2700=CARTESIAN_POINT('Origin',(9.00000014901161,16.8999998062849,14.1));
#2701=CARTESIAN_POINT('Origin',(9.00000014901161,16.8999998062849,14.1));
#2702=CARTESIAN_POINT('Origin',(9.00000014901161,16.8999998062849,14.1));
#2703=CARTESIAN_POINT('Origin',(11.000000089407,16.8999998062849,13.4596873900831));
#2704=CARTESIAN_POINT('',(9.00000014901161,17.9999998062849,12.));
#2705=CARTESIAN_POINT('Origin',(9.00000014901161,16.8999998062849,12.));
#2706=CARTESIAN_POINT('Origin',(9.00000014901161,17.9999998062849,14.1));
#2707=CARTESIAN_POINT('Origin',(6.50000011920929,16.8999998062849,12.));
#2708=CARTESIAN_POINT('',(6.51994327076658,16.8999998062849,13.1));
#2709=CARTESIAN_POINT('',(6.51994327076658,17.9999998062849,12.));
#2710=CARTESIAN_POINT('Origin',(6.51994327076658,16.8999998062849,12.));
#2711=CARTESIAN_POINT('',(6.50000011920929,17.9999998062849,12.));
#2712=CARTESIAN_POINT('',(6.50000011920929,16.8999998062849,13.1));
#2713=CARTESIAN_POINT('Ctrl Pts',(6.51994327076658,17.9999998062849,12.));
#2714=CARTESIAN_POINT('Ctrl Pts',(6.18684836577014,17.9999998062849,12.1227015693625));
#2715=CARTESIAN_POINT('Ctrl Pts',(5.6362446007371,18.1277676895942,12.3740181498827));
#2716=CARTESIAN_POINT('Ctrl Pts',(4.50626806741567,18.513470137599,12.8782646235748));
#2717=CARTESIAN_POINT('Ctrl Pts',(3.61818247779902,18.8043605265288,13.0994922957626));
#2718=CARTESIAN_POINT('Ctrl Pts',(3.00469827721704,18.9985092099217,13.0999967363978));
#2719=CARTESIAN_POINT('Ctrl Pts',(3.00235090232522,18.9992544499157,13.1));
#2720=CARTESIAN_POINT('Ctrl Pts',(3.00000008940697,18.9999998062849,13.1));
#2721=CARTESIAN_POINT('Ctrl Pts',(6.51994327076658,17.9999998062849,12.3291192303761));
#2722=CARTESIAN_POINT('Ctrl Pts',(6.18757483562437,17.9621654223669,12.4283346487072));
#2723=CARTESIAN_POINT('Ctrl Pts',(5.59629799042284,18.0322205111895,12.621511501948));
#2724=CARTESIAN_POINT('Ctrl Pts',(4.41440795336081,18.4143138915787,12.9638213302471));
#2725=CARTESIAN_POINT('Ctrl Pts',(3.57454399734097,18.763024007601,13.0995451753755));
#2726=CARTESIAN_POINT('Ctrl Pts',(3.00437139367858,18.9981978173064,13.0999983537332));
#2727=CARTESIAN_POINT('Ctrl Pts',(3.00218671856587,18.9990982800098,13.1));
#2728=CARTESIAN_POINT('Ctrl Pts',(3.00000008940697,18.9999998062849,13.1));
#2729=CARTESIAN_POINT('Ctrl Pts',(6.51994327076657,17.7237506398736,12.8989114414343));
#2730=CARTESIAN_POINT('Ctrl Pts',(6.12955136472641,17.6654111470511,12.9287966835662));
#2731=CARTESIAN_POINT('Ctrl Pts',(5.4455858599548,17.7424717934018,12.9832233363651));
#2732=CARTESIAN_POINT('Ctrl Pts',(4.23940132794903,18.2383610391392,13.0694547886062));
#2733=CARTESIAN_POINT('Ctrl Pts',(3.49876336529655,18.6916601711952,13.0999551763799));
#2734=CARTESIAN_POINT('Ctrl Pts',(3.00379777686033,18.9976502802939,13.0999994602129));
#2735=CARTESIAN_POINT('Ctrl Pts',(3.00189939698701,18.9988249826744,13.1));
#2736=CARTESIAN_POINT('Ctrl Pts',(3.00000008940697,18.9999998062849,13.1));
#2737=CARTESIAN_POINT('Ctrl Pts',(6.51994327076658,17.146839229067,13.1));
#2738=CARTESIAN_POINT('Ctrl Pts',(6.0104367340766,17.1294623097991,13.0996836065744));
#2739=CARTESIAN_POINT('Ctrl Pts',(5.22460478671899,17.3405556749491,13.0997095016679));
#2740=CARTESIAN_POINT('Ctrl Pts',(4.05512610483794,18.0564114090098,13.0995947586424));
#2741=CARTESIAN_POINT('Ctrl Pts',(3.42338757759189,18.619922669204,13.0999333581244));
#2742=CARTESIAN_POINT('Ctrl Pts',(3.00322307657928,18.9971037332828,13.10000017727));
#2743=CARTESIAN_POINT('Ctrl Pts',(3.00161207540814,18.998551685339,13.1));
#2744=CARTESIAN_POINT('Ctrl Pts',(3.00000008940697,18.9999998062849,13.1));
#2745=CARTESIAN_POINT('Ctrl Pts',(6.51994327076658,16.8999998062849,13.1));
#2746=CARTESIAN_POINT('Ctrl Pts',(5.95953123291768,16.8999998062849,13.1));
#2747=CARTESIAN_POINT('Ctrl Pts',(5.13000542697394,17.1683123612347,13.1));
#2748=CARTESIAN_POINT('Ctrl Pts',(3.97613129568863,17.9782875020447,13.1));
#2749=CARTESIAN_POINT('Ctrl Pts',(3.39108314279871,18.5891573187979,13.0999999999999));
#2750=CARTESIAN_POINT('Ctrl Pts',(3.00297677784902,18.9968695539222,13.1));
#2751=CARTESIAN_POINT('Ctrl Pts',(3.00148893758863,18.9984345579095,13.1));
#2752=CARTESIAN_POINT('Ctrl Pts',(3.00000008940697,18.9999998062849,13.1));
#2753=CARTESIAN_POINT('',(3.00000008940697,18.9999998062849,13.1));
#2754=CARTESIAN_POINT('Ctrl Pts',(6.51994327076658,16.8999998062849,13.1));
#2755=CARTESIAN_POINT('Ctrl Pts',(5.95953123291768,16.8999998062849,13.1));
#2756=CARTESIAN_POINT('Ctrl Pts',(5.13000542697394,17.1683123612347,13.1));
#2757=CARTESIAN_POINT('Ctrl Pts',(3.97613129568863,17.9782875020447,13.1));
#2758=CARTESIAN_POINT('Ctrl Pts',(3.39108314279871,18.5891573187979,13.0999999999999));
#2759=CARTESIAN_POINT('Ctrl Pts',(3.00297677784902,18.9968695539222,13.1));
#2760=CARTESIAN_POINT('Ctrl Pts',(3.00148893758863,18.9984345579095,13.1));
#2761=CARTESIAN_POINT('Ctrl Pts',(3.00000008940697,18.9999998062849,13.1));
#2762=CARTESIAN_POINT('Ctrl Pts',(3.00000008940697,18.9999998062849,13.1));
#2763=CARTESIAN_POINT('Ctrl Pts',(3.00235090232522,18.9992544499157,13.1));
#2764=CARTESIAN_POINT('Ctrl Pts',(3.00469827721704,18.9985092099217,13.0999967363978));
#2765=CARTESIAN_POINT('Ctrl Pts',(3.61818247779902,18.8043605265288,13.0994922957626));
#2766=CARTESIAN_POINT('Ctrl Pts',(4.50626806741567,18.513470137599,12.8782646235748));
#2767=CARTESIAN_POINT('Ctrl Pts',(5.6362446007371,18.1277676895942,12.3740181498827));
#2768=CARTESIAN_POINT('Ctrl Pts',(6.18684836577014,17.9999998062849,12.1227015693625));
#2769=CARTESIAN_POINT('Ctrl Pts',(6.51994327076658,17.9999998062849,12.));
#2770=CARTESIAN_POINT('Origin',(9.00000014901161,16.8999998062849,14.1));
#2771=CARTESIAN_POINT('Origin',(10.0000001490116,17.9999998062849,16.));
#2772=CARTESIAN_POINT('',(7.00000008940697,17.9999998062849,10.1));
#2773=CARTESIAN_POINT('Origin',(3.00000008940697,17.9999998062849,10.1));
#2774=CARTESIAN_POINT('',(7.00000008940697,17.9999998062849,4.10000004470348));
#2775=CARTESIAN_POINT('',(7.00000008940697,17.9999998062849,12.));
#2776=CARTESIAN_POINT('',(9.00000014901161,17.9999998062849,4.10000004470348));
#2777=CARTESIAN_POINT('',(2.00000002980232,17.9999998062849,4.10000004470348));
#2778=CARTESIAN_POINT('Origin',(9.00000014901161,17.9999998062849,2.00000004470348));
#2779=CARTESIAN_POINT('Origin',(3.00000008940697,18.9999998062849,10.1));
#2780=CARTESIAN_POINT('',(6.00000008940697,18.9999998062849,10.1));
#2781=CARTESIAN_POINT('Origin',(3.00000008940697,18.9999998062849,10.1));
#2782=CARTESIAN_POINT('Origin',(7.00000008940697,18.9999998062849,10.1));
#2783=CARTESIAN_POINT('Origin',(3.00000008940697,0.,13.1));
#2784=CARTESIAN_POINT('',(3.00000008940697,0.,13.1));
#2785=CARTESIAN_POINT('',(-3.00000008940697,0.,13.1));
#2786=CARTESIAN_POINT('',(3.00000008940697,0.,13.1));
#2787=CARTESIAN_POINT('Origin',(9.00000014901161,14.1000001937151,2.00000004470348));
#2788=CARTESIAN_POINT('',(9.9523810730094,14.1000001937151,2.30491081133057));
#2789=CARTESIAN_POINT('Origin',(11.000000089407,14.1000001937151,2.64031265462037));
#2790=CARTESIAN_POINT('',(9.00000014901161,14.1000001937151,3.00000004470348));
#2791=CARTESIAN_POINT('Origin',(9.00000014901161,14.1000001937151,2.00000004470348));
#2792=CARTESIAN_POINT('',(9.00000014901161,13.0000001937151,4.10000004470348));
#2793=CARTESIAN_POINT('Origin',(9.00000014901161,14.1000001937151,4.10000004470348));
#2794=CARTESIAN_POINT('Origin',(9.00000014901161,13.0000001937151,2.00000004470348));
#2795=CARTESIAN_POINT('Origin',(2.5,14.1000001937151,4.10000004470348));
#2796=CARTESIAN_POINT('',(7.00000008940697,14.1000001937151,3.00000004470348));
#2797=CARTESIAN_POINT('',(7.00000008940697,13.0000001937151,4.10000004470348));
#2798=CARTESIAN_POINT('Origin',(7.00000008940697,14.1000001937151,4.10000004470348));
#2799=CARTESIAN_POINT('',(2.5,13.0000001937151,4.10000004470348));
#2800=CARTESIAN_POINT('',(2.5,14.1000001937151,3.00000004470348));
#2801=CARTESIAN_POINT('Origin',(7.00000008940697,12.0000001937151,4.10000004470348));
#2802=CARTESIAN_POINT('',(4.90000008940697,12.0000001937151,3.00000004470348));
#2803=CARTESIAN_POINT('',(6.00000008940697,12.0000001937151,4.10000004470348));
#2804=CARTESIAN_POINT('Origin',(4.90000008940697,12.0000001937151,4.10000004470348));
#2805=CARTESIAN_POINT('Origin',(7.00000008940697,12.0000001937151,4.10000004470348));
#2806=CARTESIAN_POINT('Origin',(7.00000008940697,12.0000001937151,3.00000004470348));
#2807=CARTESIAN_POINT('Origin',(4.90000008940697,0.,4.10000004470348));
#2808=CARTESIAN_POINT('',(6.00000008940697,0.,4.10000004470348));
#2809=CARTESIAN_POINT('',(4.90000008940697,0.,3.00000004470348));
#2810=CARTESIAN_POINT('Origin',(9.00000014901161,14.1000001937151,2.00000004470348));
#2811=CARTESIAN_POINT('',(10.0000001490116,14.1000001937151,2.00000004470348));
#2812=CARTESIAN_POINT('Origin',(11.1000001490116,14.1000001937151,2.00000004470348));
#2813=CARTESIAN_POINT('Origin',(9.00000014901161,14.1000001937151,2.00000004470348));
#2814=CARTESIAN_POINT('Origin',(11.1000001490116,14.1000001937151,16.));
#2815=CARTESIAN_POINT('',(10.0000001490116,14.1000001937151,0.468999999999999));
#2816=CARTESIAN_POINT('Origin',(11.1000001490116,14.1000001937151,0.468999999999999));
#2817=CARTESIAN_POINT('',(10.0000001490116,14.1000001937151,16.));
#2818=CARTESIAN_POINT('Origin',(7.00000008940697,12.0000001937151,12.));
#2819=CARTESIAN_POINT('',(6.00000008940697,12.0000001937151,10.1));
#2820=CARTESIAN_POINT('',(6.00000008940697,12.0000001937151,12.));
#2821=CARTESIAN_POINT('',(7.00000008940697,13.0000001937151,10.1));
#2822=CARTESIAN_POINT('Origin',(7.00000008940697,12.0000001937151,10.1));
#2823=CARTESIAN_POINT('',(7.00000008940697,13.0000001937151,12.));
#2824=CARTESIAN_POINT('Origin',(6.00000008940697,0.,8.));
#2825=CARTESIAN_POINT('',(6.00000008940697,0.,10.1));
#2826=CARTESIAN_POINT('Origin',(-6.00000008940697,0.,3.00000004470348));
#2827=CARTESIAN_POINT('',(9.00000014901161,16.8999998062849,3.00000004470348));
#2828=CARTESIAN_POINT('',(9.00000014901161,6.50000009685755,3.00000004470348));
#2829=CARTESIAN_POINT('',(7.00000008940697,16.8999998062849,3.00000004470348));
#2830=CARTESIAN_POINT('',(2.00000002980232,16.8999998062849,3.00000004470348));
#2831=CARTESIAN_POINT('',(4.90000008940697,18.9999998062849,3.00000004470348));
#2832=CARTESIAN_POINT('Origin',(7.00000008940697,18.9999998062849,3.00000004470348));
#2833=CARTESIAN_POINT('',(4.90000008940697,0.,3.00000004470348));
#2834=CARTESIAN_POINT('',(-6.00000008940697,0.,3.00000004470348));
#2835=CARTESIAN_POINT('Origin',(4.90000008940697,0.,4.10000004470348));
#2836=CARTESIAN_POINT('',(6.00000008940697,18.9999998062849,4.10000004470348));
#2837=CARTESIAN_POINT('Origin',(4.90000008940697,18.9999998062849,4.10000004470348));
#2838=CARTESIAN_POINT('',(6.00000008940697,0.,4.10000004470348));
#2839=CARTESIAN_POINT('Origin',(7.00000008940697,18.9999998062849,4.10000004470348));
#2840=CARTESIAN_POINT('Origin',(7.00000008940697,16.8999998062849,4.10000004470348));
#2841=CARTESIAN_POINT('Origin',(7.00000008940697,18.9999998062849,4.10000004470348));
#2842=CARTESIAN_POINT('Origin',(2.00000002980232,16.8999998062849,4.10000004470348));
#2843=CARTESIAN_POINT('Origin',(9.00000014901161,16.8999998062849,4.10000004470348));
#2844=CARTESIAN_POINT('Origin',(9.00000014901161,16.8999998062849,2.00000004470348));
#2845=CARTESIAN_POINT('',(9.9523810730094,16.8999998062849,2.30491081133057));
#2846=CARTESIAN_POINT('Origin',(9.00000014901161,16.8999998062849,2.00000004470348));
#2847=CARTESIAN_POINT('Origin',(11.000000089407,16.8999998062849,2.64031265462037));
#2848=CARTESIAN_POINT('Origin',(9.00000014901161,16.8999998062849,2.00000004470348));
#2849=CARTESIAN_POINT('',(10.0000001490116,16.8999998062849,2.00000004470348));
#2850=CARTESIAN_POINT('Origin',(9.00000014901161,16.8999998062849,2.00000004470348));
#2851=CARTESIAN_POINT('Origin',(11.1000001490116,16.8999998062849,2.00000004470348));
#2852=CARTESIAN_POINT('Origin',(11.1000001490116,16.8999998062849,16.));
#2853=CARTESIAN_POINT('',(10.0000001490116,16.8999998062849,0.468999999999999));
#2854=CARTESIAN_POINT('',(10.0000001490116,16.8999998062849,16.));
#2855=CARTESIAN_POINT('Origin',(11.1000001490116,16.8999998062849,0.468999999999999));
#2856=CARTESIAN_POINT('Origin',(10.0000001490116,13.0000001937151,16.));
#2857=CARTESIAN_POINT('',(10.0000001490116,6.50000009685755,0.468999999999999));
#2858=CARTESIAN_POINT('',(10.0000001490116,6.50000009685755,2.00000004470348));
#2859=CARTESIAN_POINT('Origin',(9.00000014901161,6.50000009685755,2.00000004470348));
#2860=CARTESIAN_POINT('Origin',(3.00000008940697,12.0000001937151,10.1));
#2861=CARTESIAN_POINT('Origin',(3.00000008940697,13.0000001937151,10.1));
#2862=CARTESIAN_POINT('Origin',(3.00000008940697,12.0000001937151,10.1));
#2863=CARTESIAN_POINT('Origin',(11.000000089407,13.0000001937151,16.));
#2864=CARTESIAN_POINT('Origin',(7.00000008940697,18.9999998062849,12.));
#2865=CARTESIAN_POINT('',(6.00000008940697,18.9999998062849,12.));
#2866=CARTESIAN_POINT('Origin',(3.00000008940697,0.,10.1));
#2867=CARTESIAN_POINT('Origin',(3.00000008940697,0.,10.1));
#2868=CARTESIAN_POINT('',(6.00000008940697,0.,10.1));
#2869=CARTESIAN_POINT('Origin',(13.000000089407,0.,0.468999999999999));
#2870=CARTESIAN_POINT('',(6.00000008940697,0.,0.468999999999999));
#2871=CARTESIAN_POINT('',(10.050000089407,6.00000008940697,0.468999999999999));
#2872=CARTESIAN_POINT('Origin',(8.50000008940697,6.00000008940697,0.468999999999999));
#2873=CARTESIAN_POINT('',(10.0500001266599,25.,0.468999999999999));
#2874=CARTESIAN_POINT('Origin',(8.50000012665987,25.,0.468999999999999));
#2875=CARTESIAN_POINT('Origin',(-8.50000019371509,25.,16.));
#2876=CARTESIAN_POINT('',(-6.9500001937151,25.,16.));
#2877=CARTESIAN_POINT('Origin',(8.50000012665987,25.,16.));
#2878=CARTESIAN_POINT('',(10.0500001266599,25.,16.));
#2879=CARTESIAN_POINT('Origin',(6.00000008940697,0.,8.));
#2880=CARTESIAN_POINT('',(6.00000008940697,13.,0.500000007450581));
#2881=CARTESIAN_POINT('Origin',(-6.00000008940697,0.,10.1));
#2882=CARTESIAN_POINT('',(-6.00000008940697,0.,0.500000007450581));
#2883=CARTESIAN_POINT('Origin',(6.00000008940697,0.,8.));
#2884=CARTESIAN_POINT('Origin',(-6.00000008940697,0.,10.1));
#2885=CARTESIAN_POINT('',(-6.00000008940697,0.,10.1));
#2886=CARTESIAN_POINT('Origin',(6.00000008940697,0.,0.500000007450581));
#2887=CARTESIAN_POINT('Origin',(-11.0000001937151,0.,8.));
#2888=CARTESIAN_POINT('Origin',(8.50000008940697,6.00000008940697,16.));
#2889=CARTESIAN_POINT('',(10.050000089407,6.00000008940697,16.));
#2890=CARTESIAN_POINT('Origin',(-8.50000008940697,5.99999998509884,16.));
#2891=CARTESIAN_POINT('',(-6.95000008940697,5.99999998509884,16.));
#2892=CARTESIAN_POINT('Origin',(-3.00000008940697,0.,10.1));
#2893=UNCERTAINTY_MEASURE_WITH_UNIT(LENGTH_MEASURE(0.01),#2897,
'DISTANCE_ACCURACY_VALUE',
'Maximum model space distance between geometric entities at asserted c
onnectivities');
#2894=UNCERTAINTY_MEASURE_WITH_UNIT(LENGTH_MEASURE(0.01),#2897,
'DISTANCE_ACCURACY_VALUE',
'Maximum model space distance between geometric entities at asserted c
onnectivities');
#2895=(
GEOMETRIC_REPRESENTATION_CONTEXT(3)
GLOBAL_UNCERTAINTY_ASSIGNED_CONTEXT((#2893))
GLOBAL_UNIT_ASSIGNED_CONTEXT((#2897,#2898,#2899))
REPRESENTATION_CONTEXT('','3D')
);
#2896=(
GEOMETRIC_REPRESENTATION_CONTEXT(3)
GLOBAL_UNCERTAINTY_ASSIGNED_CONTEXT((#2894))
GLOBAL_UNIT_ASSIGNED_CONTEXT((#2897,#2898,#2899))
REPRESENTATION_CONTEXT('','3D')
);
#2897=(
LENGTH_UNIT()
NAMED_UNIT(*)
SI_UNIT(.MILLI.,.METRE.)
);
#2898=(
NAMED_UNIT(*)
PLANE_ANGLE_UNIT()
SI_UNIT($,.RADIAN.)
);
#2899=(
NAMED_UNIT(*)
SI_UNIT($,.STERADIAN.)
SOLID_ANGLE_UNIT()
);
#2900=SHAPE_DEFINITION_REPRESENTATION(#2901,#2902);
#2901=PRODUCT_DEFINITION_SHAPE('',$,#2904);
#2902=SHAPE_REPRESENTATION('',(#1475),#2895);
#2903=PRODUCT_DEFINITION_CONTEXT('part definition',#2908,'design');
#2904=PRODUCT_DEFINITION('2026-01-17-10-45-26-915',
'bracket profast 3600rpm',#2905,#2903);
#2905=PRODUCT_DEFINITION_FORMATION('',$,#2910);
#2906=PRODUCT_RELATED_PRODUCT_CATEGORY('bracket profast 3600rpm',
'bracket profast 3600rpm',(#2910));
#2907=APPLICATION_PROTOCOL_DEFINITION('international standard',
'automotive_design',2009,#2908);
#2908=APPLICATION_CONTEXT(
'Core Data for Automotive Mechanical Design Process');
#2909=PRODUCT_CONTEXT('part definition',#2908,'mechanical');
#2910=PRODUCT('2026-01-17-10-45-26-915','bracket profast 3600rpm',$,(#2909));
#2911=PRESENTATION_STYLE_ASSIGNMENT((#2912));
#2912=SURFACE_STYLE_USAGE(.BOTH.,#2913);
#2913=SURFACE_SIDE_STYLE('',(#2914));
#2914=SURFACE_STYLE_FILL_AREA(#2915);
#2915=FILL_AREA_STYLE('Acero - Satinado',(#2916));
#2916=FILL_AREA_STYLE_COLOUR('Acero - Satinado',#2917);
#2917=COLOUR_RGB('Acero - Satinado',0.627450980392157,0.627450980392157,
0.627450980392157);
ENDSEC;
END-ISO-10303-21;
