ISO-10303-21;
HEADER;
/* Generated by software containing ST-Developer
 * from STEP Tools, Inc. (www.steptools.com) 
 */

FILE_DESCRIPTION(
/* description */ (''),
/* implementation_level */ '2;1');

FILE_NAME(
/* name */ 'C:\\Users\\User\\Downloads\\js40f-cad-step-jsumo.stp',
/* time_stamp */ '2020-01-27T11:06:23+03:00',
/* author */ ('User'),
/* organization */ (''),
/* preprocessor_version */ 'ST-DEVELOPER v16.5',
/* originating_system */ 'Autodesk Inventor 2017',
/* authorisation */ '');

FILE_SCHEMA (('AUTOMOTIVE_DESIGN { 1 0 10303 214 3 1 1 }'));
ENDSEC;

DATA;
#10=MECHANICAL_DESIGN_GEOMETRIC_PRESENTATION_REPRESENTATION('',(#108,#101,
#104,#106,#100,#109,#103,#102,#105,#107,#94,#92,#93,#91,#89,#90,#95,#96,
#98,#99,#97,#88,#84,#85,#86,#87,#110,#112,#122,#119,#111,#117,#120,#121,
#114,#113,#118,#123,#116,#115,#130,#129,#126,#131,#124,#125,#127,#128),
#3265);
#11=SHAPE_REPRESENTATION_RELATIONSHIP('SRR','None',#3274,#12);
#12=ADVANCED_BREP_SHAPE_REPRESENTATION('',(#13),#3264);
#13=MANIFOLD_SOLID_BREP('Solid2',#1797);
#14=ELLIPSE('',#1900,1.42726377837687,0.722717803893704);
#15=ELLIPSE('',#1913,2.82842712474619,2.);
#16=CYLINDRICAL_SURFACE('',#1864,1.);
#17=CYLINDRICAL_SURFACE('',#1867,1.);
#18=CYLINDRICAL_SURFACE('',#1870,1.);
#19=CYLINDRICAL_SURFACE('',#1872,1.);
#20=CYLINDRICAL_SURFACE('',#1875,1.2);
#21=CYLINDRICAL_SURFACE('',#1883,1.);
#22=CYLINDRICAL_SURFACE('',#1885,1.2);
#23=CYLINDRICAL_SURFACE('',#1887,1.);
#24=CYLINDRICAL_SURFACE('',#1889,1.2);
#25=CYLINDRICAL_SURFACE('',#1891,1.);
#26=CYLINDRICAL_SURFACE('',#1894,1.2);
#27=CYLINDRICAL_SURFACE('',#1899,2.);
#28=CYLINDRICAL_SURFACE('',#1906,2.35);
#29=CYLINDRICAL_SURFACE('',#1912,2.);
#30=CYLINDRICAL_SURFACE('',#1914,2.);
#31=CYLINDRICAL_SURFACE('',#1916,2.3);
#32=FACE_BOUND('',#350,.T.);
#33=FACE_BOUND('',#353,.T.);
#34=FACE_BOUND('',#357,.T.);
#35=FACE_BOUND('',#359,.T.);
#36=FACE_BOUND('',#361,.T.);
#37=FACE_BOUND('',#362,.T.);
#38=FACE_BOUND('',#363,.T.);
#39=FACE_BOUND('',#364,.T.);
#40=FACE_BOUND('',#365,.T.);
#41=FACE_BOUND('',#366,.T.);
#42=FACE_BOUND('',#380,.T.);
#43=FACE_BOUND('',#394,.T.);
#44=FACE_BOUND('',#395,.T.);
#45=FACE_BOUND('',#401,.T.);
#46=FACE_BOUND('',#403,.T.);
#47=FACE_BOUND('',#405,.T.);
#48=FACE_BOUND('',#407,.T.);
#49=FACE_BOUND('',#409,.T.);
#50=FACE_BOUND('',#414,.T.);
#51=CIRCLE('',#1844,1.59469207716614);
#52=CIRCLE('',#1845,2.3);
#53=CIRCLE('',#1848,1.64469207716614);
#54=CIRCLE('',#1849,2.35);
#55=CIRCLE('',#1853,2.606);
#56=CIRCLE('',#1856,2.);
#57=CIRCLE('',#1857,2.);
#58=CIRCLE('',#1858,1.);
#59=CIRCLE('',#1859,1.);
#60=CIRCLE('',#1860,1.);
#61=CIRCLE('',#1865,1.);
#62=CIRCLE('',#1868,1.);
#63=CIRCLE('',#1871,1.);
#64=CIRCLE('',#1873,1.);
#65=CIRCLE('',#1874,0.999999999999999);
#66=CIRCLE('',#1878,1.);
#67=CIRCLE('',#1879,1.);
#68=CIRCLE('',#1880,1.);
#69=CIRCLE('',#1881,2.);
#70=CIRCLE('',#1882,2.);
#71=CIRCLE('',#1884,1.);
#72=CIRCLE('',#1888,0.999999999999999);
#73=CIRCLE('',#1892,1.);
#74=CIRCLE('',#1896,2.35);
#75=CIRCLE('',#1897,2.3);
#76=CIRCLE('',#1904,2.35);
#77=CIRCLE('',#1905,2.6);
#78=CIRCLE('',#1909,2.4);
#79=CIRCLE('',#1911,2.3);
#80=CONICAL_SURFACE('',#1843,2.3,10.);
#81=CONICAL_SURFACE('',#1847,2.35,10.);
#82=CONICAL_SURFACE('',#1903,2.475,45.0000000000001);
#83=CONICAL_SURFACE('',#1908,2.65,45.);
#84=STYLED_ITEM('',(#3284),#1750);
#85=STYLED_ITEM('',(#3284),#1751);
#86=STYLED_ITEM('',(#3284),#1752);
#87=STYLED_ITEM('',(#3284),#1753);
#88=STYLED_ITEM('',(#3284),#1754);
#89=STYLED_ITEM('',(#3284),#1755);
#90=STYLED_ITEM('',(#3284),#1756);
#91=STYLED_ITEM('',(#3284),#1757);
#92=STYLED_ITEM('',(#3284),#1758);
#93=STYLED_ITEM('',(#3284),#1759);
#94=STYLED_ITEM('',(#3284),#1760);
#95=STYLED_ITEM('',(#3284),#1761);
#96=STYLED_ITEM('',(#3284),#1762);
#97=STYLED_ITEM('',(#3284),#1763);
#98=STYLED_ITEM('',(#3284),#1764);
#99=STYLED_ITEM('',(#3284),#1765);
#100=STYLED_ITEM('',(#3284),#1766);
#101=STYLED_ITEM('',(#3284),#1767);
#102=STYLED_ITEM('',(#3284),#1768);
#103=STYLED_ITEM('',(#3284),#1769);
#104=STYLED_ITEM('',(#3284),#1770);
#105=STYLED_ITEM('',(#3284),#1771);
#106=STYLED_ITEM('',(#3284),#1772);
#107=STYLED_ITEM('',(#3284),#1773);
#108=STYLED_ITEM('',(#3284),#1774);
#109=STYLED_ITEM('',(#3284),#1775);
#110=STYLED_ITEM('',(#3284),#1776);
#111=STYLED_ITEM('',(#3284),#1777);
#112=STYLED_ITEM('',(#3284),#1778);
#113=STYLED_ITEM('',(#3284),#1779);
#114=STYLED_ITEM('',(#3284),#1780);
#115=STYLED_ITEM('',(#3284),#1781);
#116=STYLED_ITEM('',(#3284),#1782);
#117=STYLED_ITEM('',(#3284),#1783);
#118=STYLED_ITEM('',(#3284),#1784);
#119=STYLED_ITEM('',(#3284),#1785);
#120=STYLED_ITEM('',(#3284),#1786);
#121=STYLED_ITEM('',(#3284),#1787);
#122=STYLED_ITEM('',(#3284),#1788);
#123=STYLED_ITEM('',(#3284),#1789);
#124=STYLED_ITEM('',(#3284),#1790);
#125=STYLED_ITEM('',(#3284),#1791);
#126=STYLED_ITEM('',(#3284),#1792);
#127=STYLED_ITEM('',(#3284),#1793);
#128=STYLED_ITEM('',(#3284),#1794);
#129=STYLED_ITEM('',(#3284),#1795);
#130=STYLED_ITEM('',(#3284),#1796);
#131=STYLED_ITEM('',(#3283),#13);
#132=B_SPLINE_CURVE_WITH_KNOTS('',2,(#2395,#2396,#2397,#2398),
 .UNSPECIFIED.,.F.,.F.,(3,1,3),(0.,1.,2.),.UNSPECIFIED.);
#133=B_SPLINE_CURVE_WITH_KNOTS('',2,(#2402,#2403,#2404,#2405),
 .UNSPECIFIED.,.F.,.F.,(3,1,3),(0.,1.,2.),.UNSPECIFIED.);
#134=B_SPLINE_CURVE_WITH_KNOTS('',2,(#2416,#2417,#2418,#2419),
 .UNSPECIFIED.,.F.,.F.,(3,1,3),(0.,1.,2.),.UNSPECIFIED.);
#135=B_SPLINE_CURVE_WITH_KNOTS('',2,(#2422,#2423,#2424,#2425),
 .UNSPECIFIED.,.F.,.F.,(3,1,3),(0.,1.,2.),.UNSPECIFIED.);
#136=B_SPLINE_CURVE_WITH_KNOTS('',2,(#2435,#2436,#2437,#2438),
 .UNSPECIFIED.,.F.,.F.,(3,1,3),(0.,1.,2.),.UNSPECIFIED.);
#137=B_SPLINE_CURVE_WITH_KNOTS('',2,(#2441,#2442,#2443,#2444),
 .UNSPECIFIED.,.F.,.F.,(3,1,3),(0.,1.,2.),.UNSPECIFIED.);
#138=B_SPLINE_CURVE_WITH_KNOTS('',2,(#2454,#2455,#2456,#2457),
 .UNSPECIFIED.,.F.,.F.,(3,1,3),(0.,1.,2.),.UNSPECIFIED.);
#139=B_SPLINE_CURVE_WITH_KNOTS('',2,(#2460,#2461,#2462,#2463),
 .UNSPECIFIED.,.F.,.F.,(3,1,3),(0.,1.,2.),.UNSPECIFIED.);
#140=B_SPLINE_CURVE_WITH_KNOTS('',2,(#2473,#2474,#2475,#2476),
 .UNSPECIFIED.,.F.,.F.,(3,1,3),(0.,1.,2.),.UNSPECIFIED.);
#141=B_SPLINE_CURVE_WITH_KNOTS('',2,(#2479,#2480,#2481,#2482),
 .UNSPECIFIED.,.F.,.F.,(3,1,3),(0.,1.,2.),.UNSPECIFIED.);
#142=B_SPLINE_CURVE_WITH_KNOTS('',2,(#2492,#2493,#2494,#2495),
 .UNSPECIFIED.,.F.,.F.,(3,1,3),(0.,1.,2.),.UNSPECIFIED.);
#143=B_SPLINE_CURVE_WITH_KNOTS('',2,(#2498,#2499,#2500,#2501),
 .UNSPECIFIED.,.F.,.F.,(3,1,3),(0.,1.,2.),.UNSPECIFIED.);
#144=B_SPLINE_CURVE_WITH_KNOTS('',2,(#2511,#2512,#2513,#2514),
 .UNSPECIFIED.,.F.,.F.,(3,1,3),(0.,1.,2.),.UNSPECIFIED.);
#145=B_SPLINE_CURVE_WITH_KNOTS('',2,(#2517,#2518,#2519,#2520),
 .UNSPECIFIED.,.F.,.F.,(3,1,3),(0.,1.,2.),.UNSPECIFIED.);
#146=B_SPLINE_CURVE_WITH_KNOTS('',2,(#2542,#2543,#2544,#2545),
 .UNSPECIFIED.,.F.,.F.,(3,1,3),(0.,1.,2.),.UNSPECIFIED.);
#147=B_SPLINE_CURVE_WITH_KNOTS('',2,(#2548,#2549,#2550,#2551),
 .UNSPECIFIED.,.F.,.F.,(3,1,3),(0.,1.,2.),.UNSPECIFIED.);
#148=B_SPLINE_CURVE_WITH_KNOTS('',2,(#2561,#2562,#2563,#2564),
 .UNSPECIFIED.,.F.,.F.,(3,1,3),(0.,1.,2.),.UNSPECIFIED.);
#149=B_SPLINE_CURVE_WITH_KNOTS('',2,(#2567,#2568,#2569,#2570),
 .UNSPECIFIED.,.F.,.F.,(3,1,3),(0.,1.,2.),.UNSPECIFIED.);
#150=B_SPLINE_CURVE_WITH_KNOTS('',2,(#2580,#2581,#2582,#2583),
 .UNSPECIFIED.,.F.,.F.,(3,1,3),(0.,1.,2.),.UNSPECIFIED.);
#151=B_SPLINE_CURVE_WITH_KNOTS('',2,(#2586,#2587,#2588,#2589),
 .UNSPECIFIED.,.F.,.F.,(3,1,3),(0.,1.,2.),.UNSPECIFIED.);
#152=B_SPLINE_CURVE_WITH_KNOTS('',2,(#2599,#2600,#2601,#2602),
 .UNSPECIFIED.,.F.,.F.,(3,1,3),(0.,1.,2.),.UNSPECIFIED.);
#153=B_SPLINE_CURVE_WITH_KNOTS('',2,(#2605,#2606,#2607,#2608),
 .UNSPECIFIED.,.F.,.F.,(3,1,3),(0.,1.,2.),.UNSPECIFIED.);
#154=B_SPLINE_CURVE_WITH_KNOTS('',2,(#2618,#2619,#2620,#2621),
 .UNSPECIFIED.,.F.,.F.,(3,1,3),(0.,1.,2.),.UNSPECIFIED.);
#155=B_SPLINE_CURVE_WITH_KNOTS('',2,(#2624,#2625,#2626,#2627),
 .UNSPECIFIED.,.F.,.F.,(3,1,3),(0.,1.,2.),.UNSPECIFIED.);
#156=B_SPLINE_CURVE_WITH_KNOTS('',2,(#2637,#2638,#2639,#2640),
 .UNSPECIFIED.,.F.,.F.,(3,1,3),(0.,1.,2.),.UNSPECIFIED.);
#157=B_SPLINE_CURVE_WITH_KNOTS('',2,(#2643,#2644,#2645,#2646),
 .UNSPECIFIED.,.F.,.F.,(3,1,3),(0.,1.,2.),.UNSPECIFIED.);
#158=B_SPLINE_CURVE_WITH_KNOTS('',2,(#2656,#2657,#2658,#2659),
 .UNSPECIFIED.,.F.,.F.,(3,1,3),(0.,1.,2.),.UNSPECIFIED.);
#159=B_SPLINE_CURVE_WITH_KNOTS('',2,(#2662,#2663,#2664,#2665),
 .UNSPECIFIED.,.F.,.F.,(3,1,3),(0.,1.,2.),.UNSPECIFIED.);
#160=B_SPLINE_CURVE_WITH_KNOTS('',2,(#2675,#2676,#2677,#2678),
 .UNSPECIFIED.,.F.,.F.,(3,1,3),(0.,1.,2.),.UNSPECIFIED.);
#161=B_SPLINE_CURVE_WITH_KNOTS('',2,(#2681,#2682,#2683,#2684),
 .UNSPECIFIED.,.F.,.F.,(3,1,3),(0.,1.,2.),.UNSPECIFIED.);
#162=B_SPLINE_CURVE_WITH_KNOTS('',2,(#2705,#2706,#2707,#2708),
 .UNSPECIFIED.,.F.,.F.,(3,1,3),(0.,1.,2.),.UNSPECIFIED.);
#163=B_SPLINE_CURVE_WITH_KNOTS('',2,(#2709,#2710,#2711,#2712),
 .UNSPECIFIED.,.F.,.F.,(3,1,3),(0.,1.,2.),.UNSPECIFIED.);
#164=B_SPLINE_CURVE_WITH_KNOTS('',3,(#2956,#2957,#2958,#2959,#2960,#2961,
#2962,#2963,#2964),.UNSPECIFIED.,.F.,.F.,(4,1,1,1,2,4),(0.,0.00755361125250381,
0.0151072225050076,0.0226608337575114,0.0377680562625191,0.0380502618520233),
 .UNSPECIFIED.);
#165=B_SPLINE_CURVE_WITH_KNOTS('',3,(#2965,#2966,#2967,#2968,#2969,#2970,
#2971,#2972,#2973),.UNSPECIFIED.,.F.,.F.,(4,2,1,1,1,4),(-0.0380502618520233,
-0.0377680562625191,-0.0226608337575114,-0.0151072225050076,-0.00755361125250381,
0.),.UNSPECIFIED.);
#166=B_SPLINE_CURVE_WITH_KNOTS('',3,(#2978,#2979,#2980,#2981,#2982,#2983,
#2984,#2985,#2986),.UNSPECIFIED.,.F.,.F.,(4,2,1,1,1,4),(-0.0380502792520295,
-0.037768654594611,-0.0226611927567666,-0.0151074618378444,-0.00755373091892221,
0.),.UNSPECIFIED.);
#167=B_SPLINE_CURVE_WITH_KNOTS('',3,(#3060,#3061,#3062,#3063,#3064,#3065,
#3066,#3067,#3068),.UNSPECIFIED.,.F.,.F.,(4,1,1,1,2,4),(0.,0.00755373091892221,
0.0151074618378444,0.0226611927567666,0.037768654594611,0.0380502792520295),
 .UNSPECIFIED.);
#168=B_SPLINE_CURVE_WITH_KNOTS('',3,(#3073,#3074,#3075,#3076,#3077,#3078,
#3079,#3080,#3081),.UNSPECIFIED.,.F.,.F.,(4,2,1,1,1,4),(-0.0380502599775868,
-0.037767991850356,-0.0226607951102136,-0.0151071967401424,-0.0075535983700712,
0.),.UNSPECIFIED.);
#169=B_SPLINE_CURVE_WITH_KNOTS('',3,(#3134,#3135,#3136,#3137,#3138,#3139,
#3140,#3141,#3142),.UNSPECIFIED.,.F.,.F.,(4,1,1,1,2,4),(0.,0.0075535983700712,
0.0151071967401424,0.0226607951102136,0.037767991850356,0.0380502599775868),
 .UNSPECIFIED.);
#170=B_SPLINE_CURVE_WITH_KNOTS('',3,(#3147,#3148,#3149,#3150,#3151,#3152),
 .UNSPECIFIED.,.F.,.F.,(4,1,1,4),(0.000384111451526947,0.0226607952707745,
0.030214393694366,0.0377679921179574),.UNSPECIFIED.);
#171=B_SPLINE_CURVE_WITH_KNOTS('',3,(#3154,#3155,#3156,#3157,#3158,#3159),
 .UNSPECIFIED.,.F.,.F.,(4,2,4),(-0.000282267867417341,0.,0.000384111451526947),
 .UNSPECIFIED.);
#172=B_SPLINE_CURVE_WITH_KNOTS('',3,(#3208,#3209,#3210,#3211,#3212,#3213),
 .UNSPECIFIED.,.F.,.F.,(4,1,1,4),(-0.0377679921179574,-0.030214393694366,
-0.0226607952707745,-0.000384111451597426),.UNSPECIFIED.);
#173=B_SPLINE_CURVE_WITH_KNOTS('',3,(#3214,#3215,#3216,#3217,#3218,#3219),
 .UNSPECIFIED.,.F.,.F.,(4,2,4),(-0.000384111451597426,0.,0.000282267867417341),
 .UNSPECIFIED.);
#174=B_SPLINE_SURFACE_WITH_KNOTS('',2,1,((#2385,#2386),(#2387,#2388),(#2389,
#2390),(#2391,#2392)),.UNSPECIFIED.,.F.,.F.,.F.,(3,1,3),(2,2),(0.,1.,2.),
(0.,0.02),.UNSPECIFIED.);
#175=B_SPLINE_SURFACE_WITH_KNOTS('',2,1,((#2407,#2408),(#2409,#2410),(#2411,
#2412),(#2413,#2414)),.UNSPECIFIED.,.F.,.F.,.F.,(3,1,3),(2,2),(0.,1.,2.),
(0.,0.02),.UNSPECIFIED.);
#176=B_SPLINE_SURFACE_WITH_KNOTS('',2,1,((#2426,#2427),(#2428,#2429),(#2430,
#2431),(#2432,#2433)),.UNSPECIFIED.,.F.,.F.,.F.,(3,1,3),(2,2),(0.,1.,2.),
(0.,0.02),.UNSPECIFIED.);
#177=B_SPLINE_SURFACE_WITH_KNOTS('',2,1,((#2445,#2446),(#2447,#2448),(#2449,
#2450),(#2451,#2452)),.UNSPECIFIED.,.F.,.F.,.F.,(3,1,3),(2,2),(0.,1.,2.),
(0.,0.02),.UNSPECIFIED.);
#178=B_SPLINE_SURFACE_WITH_KNOTS('',2,1,((#2464,#2465),(#2466,#2467),(#2468,
#2469),(#2470,#2471)),.UNSPECIFIED.,.F.,.F.,.F.,(3,1,3),(2,2),(0.,1.,2.),
(0.,0.02),.UNSPECIFIED.);
#179=B_SPLINE_SURFACE_WITH_KNOTS('',2,1,((#2483,#2484),(#2485,#2486),(#2487,
#2488),(#2489,#2490)),.UNSPECIFIED.,.F.,.F.,.F.,(3,1,3),(2,2),(0.,1.,2.),
(0.,0.02),.UNSPECIFIED.);
#180=B_SPLINE_SURFACE_WITH_KNOTS('',2,1,((#2502,#2503),(#2504,#2505),(#2506,
#2507),(#2508,#2509)),.UNSPECIFIED.,.F.,.F.,.F.,(3,1,3),(2,2),(0.,1.,2.),
(0.,0.02),.UNSPECIFIED.);
#181=B_SPLINE_SURFACE_WITH_KNOTS('',2,1,((#2533,#2534),(#2535,#2536),(#2537,
#2538),(#2539,#2540)),.UNSPECIFIED.,.F.,.F.,.F.,(3,1,3),(2,2),(0.,1.,2.),
(0.,0.02),.UNSPECIFIED.);
#182=B_SPLINE_SURFACE_WITH_KNOTS('',2,1,((#2552,#2553),(#2554,#2555),(#2556,
#2557),(#2558,#2559)),.UNSPECIFIED.,.F.,.F.,.F.,(3,1,3),(2,2),(0.,1.,2.),
(0.,0.02),.UNSPECIFIED.);
#183=B_SPLINE_SURFACE_WITH_KNOTS('',2,1,((#2571,#2572),(#2573,#2574),(#2575,
#2576),(#2577,#2578)),.UNSPECIFIED.,.F.,.F.,.F.,(3,1,3),(2,2),(0.,1.,2.),
(0.,0.02),.UNSPECIFIED.);
#184=B_SPLINE_SURFACE_WITH_KNOTS('',2,1,((#2590,#2591),(#2592,#2593),(#2594,
#2595),(#2596,#2597)),.UNSPECIFIED.,.F.,.F.,.F.,(3,1,3),(2,2),(0.,1.,2.),
(0.,0.02),.UNSPECIFIED.);
#185=B_SPLINE_SURFACE_WITH_KNOTS('',2,1,((#2609,#2610),(#2611,#2612),(#2613,
#2614),(#2615,#2616)),.UNSPECIFIED.,.F.,.F.,.F.,(3,1,3),(2,2),(0.,1.,2.),
(0.,0.02),.UNSPECIFIED.);
#186=B_SPLINE_SURFACE_WITH_KNOTS('',2,1,((#2628,#2629),(#2630,#2631),(#2632,
#2633),(#2634,#2635)),.UNSPECIFIED.,.F.,.F.,.F.,(3,1,3),(2,2),(0.,1.,2.),
(0.,0.02),.UNSPECIFIED.);
#187=B_SPLINE_SURFACE_WITH_KNOTS('',2,1,((#2647,#2648),(#2649,#2650),(#2651,
#2652),(#2653,#2654)),.UNSPECIFIED.,.F.,.F.,.F.,(3,1,3),(2,2),(0.,1.,2.),
(0.,0.02),.UNSPECIFIED.);
#188=B_SPLINE_SURFACE_WITH_KNOTS('',2,1,((#2666,#2667),(#2668,#2669),(#2670,
#2671),(#2672,#2673)),.UNSPECIFIED.,.F.,.F.,.F.,(3,1,3),(2,2),(0.,1.,2.),
(0.,0.02),.UNSPECIFIED.);
#189=B_SPLINE_SURFACE_WITH_KNOTS('',2,1,((#2697,#2698),(#2699,#2700),(#2701,
#2702),(#2703,#2704)),.UNSPECIFIED.,.F.,.F.,.F.,(3,1,3),(2,2),(0.,1.,2.),
(0.,0.02),.UNSPECIFIED.);
#190=B_SPLINE_SURFACE_WITH_KNOTS('',3,3,((#2910,#2911,#2912,#2913,#2914,
#2915,#2916,#2917,#2918),(#2919,#2920,#2921,#2922,#2923,#2924,#2925,#2926,
#2927),(#2928,#2929,#2930,#2931,#2932,#2933,#2934,#2935,#2936),(#2937,#2938,
#2939,#2940,#2941,#2942,#2943,#2944,#2945),(#2946,#2947,#2948,#2949,#2950,
#2951,#2952,#2953,#2954)),.UNSPECIFIED.,.F.,.F.,.F.,(4,1,4),(4,1,1,1,2,
4),(0.,0.571428571428571,1.),(0.,0.00755361125250381,0.0151072225050076,
0.0226608337575114,0.0377680562625191,0.0380502618520233),.UNSPECIFIED.);
#191=B_SPLINE_SURFACE_WITH_KNOTS('',3,3,((#3015,#3016,#3017,#3018,#3019,
#3020,#3021,#3022,#3023),(#3024,#3025,#3026,#3027,#3028,#3029,#3030,#3031,
#3032),(#3033,#3034,#3035,#3036,#3037,#3038,#3039,#3040,#3041),(#3042,#3043,
#3044,#3045,#3046,#3047,#3048,#3049,#3050),(#3051,#3052,#3053,#3054,#3055,
#3056,#3057,#3058,#3059)),.UNSPECIFIED.,.F.,.F.,.F.,(4,1,4),(4,1,1,1,2,
4),(0.,0.571428571428571,1.),(0.,0.00755373091892221,0.0151074618378444,
0.0226611927567666,0.037768654594611,0.0380502792520295),.UNSPECIFIED.);
#192=B_SPLINE_SURFACE_WITH_KNOTS('',3,3,((#3089,#3090,#3091,#3092,#3093,
#3094,#3095,#3096,#3097),(#3098,#3099,#3100,#3101,#3102,#3103,#3104,#3105,
#3106),(#3107,#3108,#3109,#3110,#3111,#3112,#3113,#3114,#3115),(#3116,#3117,
#3118,#3119,#3120,#3121,#3122,#3123,#3124),(#3125,#3126,#3127,#3128,#3129,
#3130,#3131,#3132,#3133)),.UNSPECIFIED.,.F.,.F.,.F.,(4,1,4),(4,1,1,1,2,
4),(0.,0.571428571428571,1.),(0.,0.0075535983700712,0.0151071967401424,
0.0226607951102136,0.037767991850356,0.0380502599775868),.UNSPECIFIED.);
#193=B_SPLINE_SURFACE_WITH_KNOTS('',3,3,((#3167,#3168,#3169,#3170,#3171,
#3172,#3173,#3174),(#3175,#3176,#3177,#3178,#3179,#3180,#3181,#3182),(#3183,
#3184,#3185,#3186,#3187,#3188,#3189,#3190),(#3191,#3192,#3193,#3194,#3195,
#3196,#3197,#3198),(#3199,#3200,#3201,#3202,#3203,#3204,#3205,#3206)),
 .UNSPECIFIED.,.F.,.F.,.F.,(4,1,4),(4,2,1,1,4),(-2.91610242210416E-7,0.571428571428571,
1.00000029161024),(-0.000282267867417341,0.,0.0226607952707745,0.030214393694366,
0.0377682837281996),.UNSPECIFIED.);
#194=FACE_OUTER_BOUND('',#295,.T.);
#195=FACE_OUTER_BOUND('',#296,.T.);
#196=FACE_OUTER_BOUND('',#297,.T.);
#197=FACE_OUTER_BOUND('',#298,.T.);
#198=FACE_OUTER_BOUND('',#299,.T.);
#199=FACE_OUTER_BOUND('',#300,.T.);
#200=FACE_OUTER_BOUND('',#301,.T.);
#201=FACE_OUTER_BOUND('',#302,.T.);
#202=FACE_OUTER_BOUND('',#303,.T.);
#203=FACE_OUTER_BOUND('',#304,.T.);
#204=FACE_OUTER_BOUND('',#305,.T.);
#205=FACE_OUTER_BOUND('',#306,.T.);
#206=FACE_OUTER_BOUND('',#307,.T.);
#207=FACE_OUTER_BOUND('',#308,.T.);
#208=FACE_OUTER_BOUND('',#309,.T.);
#209=FACE_OUTER_BOUND('',#310,.T.);
#210=FACE_OUTER_BOUND('',#311,.T.);
#211=FACE_OUTER_BOUND('',#312,.T.);
#212=FACE_OUTER_BOUND('',#313,.T.);
#213=FACE_OUTER_BOUND('',#314,.T.);
#214=FACE_OUTER_BOUND('',#315,.T.);
#215=FACE_OUTER_BOUND('',#316,.T.);
#216=FACE_OUTER_BOUND('',#317,.T.);
#217=FACE_OUTER_BOUND('',#318,.T.);
#218=FACE_OUTER_BOUND('',#319,.T.);
#219=FACE_OUTER_BOUND('',#320,.T.);
#220=FACE_OUTER_BOUND('',#321,.T.);
#221=FACE_OUTER_BOUND('',#322,.T.);
#222=FACE_OUTER_BOUND('',#323,.T.);
#223=FACE_OUTER_BOUND('',#324,.T.);
#224=FACE_OUTER_BOUND('',#325,.T.);
#225=FACE_OUTER_BOUND('',#326,.T.);
#226=FACE_OUTER_BOUND('',#327,.T.);
#227=FACE_OUTER_BOUND('',#328,.T.);
#228=FACE_OUTER_BOUND('',#329,.T.);
#229=FACE_OUTER_BOUND('',#330,.T.);
#230=FACE_OUTER_BOUND('',#331,.T.);
#231=FACE_OUTER_BOUND('',#332,.T.);
#232=FACE_OUTER_BOUND('',#333,.T.);
#233=FACE_OUTER_BOUND('',#334,.T.);
#234=FACE_OUTER_BOUND('',#335,.T.);
#235=FACE_OUTER_BOUND('',#336,.T.);
#236=FACE_OUTER_BOUND('',#337,.T.);
#237=FACE_OUTER_BOUND('',#338,.T.);
#238=FACE_OUTER_BOUND('',#339,.T.);
#239=FACE_OUTER_BOUND('',#340,.T.);
#240=FACE_OUTER_BOUND('',#341,.T.);
#241=FACE_OUTER_BOUND('',#342,.T.);
#242=FACE_OUTER_BOUND('',#343,.T.);
#243=FACE_OUTER_BOUND('',#344,.T.);
#244=FACE_OUTER_BOUND('',#345,.T.);
#245=FACE_OUTER_BOUND('',#346,.T.);
#246=FACE_OUTER_BOUND('',#347,.T.);
#247=FACE_OUTER_BOUND('',#348,.T.);
#248=FACE_OUTER_BOUND('',#349,.T.);
#249=FACE_OUTER_BOUND('',#351,.T.);
#250=FACE_OUTER_BOUND('',#352,.T.);
#251=FACE_OUTER_BOUND('',#354,.T.);
#252=FACE_OUTER_BOUND('',#355,.T.);
#253=FACE_OUTER_BOUND('',#356,.T.);
#254=FACE_OUTER_BOUND('',#358,.T.);
#255=FACE_OUTER_BOUND('',#360,.T.);
#256=FACE_OUTER_BOUND('',#367,.T.);
#257=FACE_OUTER_BOUND('',#368,.T.);
#258=FACE_OUTER_BOUND('',#369,.T.);
#259=FACE_OUTER_BOUND('',#370,.T.);
#260=FACE_OUTER_BOUND('',#371,.T.);
#261=FACE_OUTER_BOUND('',#372,.T.);
#262=FACE_OUTER_BOUND('',#373,.T.);
#263=FACE_OUTER_BOUND('',#374,.T.);
#264=FACE_OUTER_BOUND('',#375,.T.);
#265=FACE_OUTER_BOUND('',#376,.T.);
#266=FACE_OUTER_BOUND('',#377,.T.);
#267=FACE_OUTER_BOUND('',#378,.T.);
#268=FACE_OUTER_BOUND('',#379,.T.);
#269=FACE_OUTER_BOUND('',#381,.T.);
#270=FACE_OUTER_BOUND('',#382,.T.);
#271=FACE_OUTER_BOUND('',#383,.T.);
#272=FACE_OUTER_BOUND('',#384,.T.);
#273=FACE_OUTER_BOUND('',#385,.T.);
#274=FACE_OUTER_BOUND('',#386,.T.);
#275=FACE_OUTER_BOUND('',#387,.T.);
#276=FACE_OUTER_BOUND('',#388,.T.);
#277=FACE_OUTER_BOUND('',#389,.T.);
#278=FACE_OUTER_BOUND('',#390,.T.);
#279=FACE_OUTER_BOUND('',#391,.T.);
#280=FACE_OUTER_BOUND('',#392,.T.);
#281=FACE_OUTER_BOUND('',#393,.T.);
#282=FACE_OUTER_BOUND('',#396,.T.);
#283=FACE_OUTER_BOUND('',#397,.T.);
#284=FACE_OUTER_BOUND('',#398,.T.);
#285=FACE_OUTER_BOUND('',#399,.T.);
#286=FACE_OUTER_BOUND('',#400,.T.);
#287=FACE_OUTER_BOUND('',#402,.T.);
#288=FACE_OUTER_BOUND('',#404,.T.);
#289=FACE_OUTER_BOUND('',#406,.T.);
#290=FACE_OUTER_BOUND('',#408,.T.);
#291=FACE_OUTER_BOUND('',#410,.T.);
#292=FACE_OUTER_BOUND('',#411,.T.);
#293=FACE_OUTER_BOUND('',#412,.T.);
#294=FACE_OUTER_BOUND('',#413,.T.);
#295=EDGE_LOOP('',(#1153,#1154,#1155,#1156));
#296=EDGE_LOOP('',(#1157,#1158,#1159,#1160));
#297=EDGE_LOOP('',(#1161,#1162,#1163,#1164));
#298=EDGE_LOOP('',(#1165,#1166,#1167,#1168));
#299=EDGE_LOOP('',(#1169,#1170,#1171,#1172));
#300=EDGE_LOOP('',(#1173,#1174,#1175,#1176));
#301=EDGE_LOOP('',(#1177,#1178,#1179,#1180));
#302=EDGE_LOOP('',(#1181,#1182,#1183,#1184));
#303=EDGE_LOOP('',(#1185,#1186,#1187,#1188));
#304=EDGE_LOOP('',(#1189,#1190,#1191,#1192));
#305=EDGE_LOOP('',(#1193,#1194,#1195,#1196));
#306=EDGE_LOOP('',(#1197,#1198,#1199,#1200));
#307=EDGE_LOOP('',(#1201,#1202,#1203,#1204,#1205,#1206,#1207,#1208,#1209,
#1210,#1211,#1212));
#308=EDGE_LOOP('',(#1213,#1214,#1215,#1216));
#309=EDGE_LOOP('',(#1217,#1218,#1219,#1220));
#310=EDGE_LOOP('',(#1221,#1222,#1223,#1224));
#311=EDGE_LOOP('',(#1225,#1226,#1227,#1228));
#312=EDGE_LOOP('',(#1229,#1230,#1231,#1232));
#313=EDGE_LOOP('',(#1233,#1234,#1235,#1236));
#314=EDGE_LOOP('',(#1237,#1238,#1239,#1240));
#315=EDGE_LOOP('',(#1241,#1242,#1243,#1244));
#316=EDGE_LOOP('',(#1245,#1246,#1247,#1248));
#317=EDGE_LOOP('',(#1249,#1250,#1251,#1252));
#318=EDGE_LOOP('',(#1253,#1254,#1255,#1256));
#319=EDGE_LOOP('',(#1257,#1258,#1259,#1260));
#320=EDGE_LOOP('',(#1261,#1262,#1263,#1264));
#321=EDGE_LOOP('',(#1265,#1266,#1267,#1268));
#322=EDGE_LOOP('',(#1269,#1270,#1271,#1272));
#323=EDGE_LOOP('',(#1273,#1274,#1275,#1276));
#324=EDGE_LOOP('',(#1277,#1278,#1279,#1280));
#325=EDGE_LOOP('',(#1281,#1282,#1283,#1284));
#326=EDGE_LOOP('',(#1285,#1286,#1287,#1288));
#327=EDGE_LOOP('',(#1289,#1290,#1291,#1292));
#328=EDGE_LOOP('',(#1293,#1294,#1295,#1296,#1297,#1298,#1299,#1300,#1301,
#1302,#1303,#1304,#1305,#1306,#1307,#1308,#1309,#1310,#1311,#1312));
#329=EDGE_LOOP('',(#1313,#1314,#1315,#1316));
#330=EDGE_LOOP('',(#1317,#1318,#1319,#1320));
#331=EDGE_LOOP('',(#1321,#1322,#1323,#1324));
#332=EDGE_LOOP('',(#1325,#1326,#1327,#1328));
#333=EDGE_LOOP('',(#1329,#1330,#1331,#1332));
#334=EDGE_LOOP('',(#1333,#1334,#1335,#1336));
#335=EDGE_LOOP('',(#1337,#1338,#1339,#1340));
#336=EDGE_LOOP('',(#1341,#1342,#1343,#1344));
#337=EDGE_LOOP('',(#1345,#1346,#1347,#1348));
#338=EDGE_LOOP('',(#1349,#1350,#1351,#1352));
#339=EDGE_LOOP('',(#1353,#1354,#1355,#1356));
#340=EDGE_LOOP('',(#1357,#1358,#1359,#1360));
#341=EDGE_LOOP('',(#1361,#1362,#1363,#1364));
#342=EDGE_LOOP('',(#1365,#1366,#1367,#1368));
#343=EDGE_LOOP('',(#1369,#1370,#1371,#1372));
#344=EDGE_LOOP('',(#1373,#1374,#1375,#1376));
#345=EDGE_LOOP('',(#1377,#1378,#1379,#1380));
#346=EDGE_LOOP('',(#1381,#1382,#1383,#1384));
#347=EDGE_LOOP('',(#1385,#1386,#1387,#1388));
#348=EDGE_LOOP('',(#1389,#1390,#1391,#1392));
#349=EDGE_LOOP('',(#1393));
#350=EDGE_LOOP('',(#1394));
#351=EDGE_LOOP('',(#1395));
#352=EDGE_LOOP('',(#1396));
#353=EDGE_LOOP('',(#1397));
#354=EDGE_LOOP('',(#1398));
#355=EDGE_LOOP('',(#1399,#1400,#1401,#1402));
#356=EDGE_LOOP('',(#1403));
#357=EDGE_LOOP('',(#1404));
#358=EDGE_LOOP('',(#1405,#1406,#1407,#1408));
#359=EDGE_LOOP('',(#1409));
#360=EDGE_LOOP('',(#1410,#1411,#1412,#1413,#1414,#1415,#1416,#1417,#1418,
#1419));
#361=EDGE_LOOP('',(#1420,#1421,#1422,#1423,#1424,#1425,#1426,#1427,#1428,
#1429,#1430,#1431));
#362=EDGE_LOOP('',(#1432,#1433,#1434,#1435,#1436,#1437,#1438,#1439,#1440,
#1441,#1442,#1443,#1444,#1445,#1446,#1447,#1448,#1449,#1450,#1451));
#363=EDGE_LOOP('',(#1452,#1453,#1454,#1455));
#364=EDGE_LOOP('',(#1456,#1457,#1458,#1459));
#365=EDGE_LOOP('',(#1460,#1461,#1462,#1463));
#366=EDGE_LOOP('',(#1464,#1465,#1466,#1467));
#367=EDGE_LOOP('',(#1468,#1469,#1470,#1471));
#368=EDGE_LOOP('',(#1472,#1473,#1474,#1475));
#369=EDGE_LOOP('',(#1476,#1477,#1478,#1479));
#370=EDGE_LOOP('',(#1480,#1481,#1482,#1483));
#371=EDGE_LOOP('',(#1484,#1485,#1486,#1487));
#372=EDGE_LOOP('',(#1488,#1489,#1490,#1491));
#373=EDGE_LOOP('',(#1492,#1493,#1494,#1495));
#374=EDGE_LOOP('',(#1496,#1497,#1498,#1499));
#375=EDGE_LOOP('',(#1500,#1501,#1502,#1503));
#376=EDGE_LOOP('',(#1504,#1505,#1506));
#377=EDGE_LOOP('',(#1507,#1508,#1509,#1510));
#378=EDGE_LOOP('',(#1511,#1512,#1513,#1514));
#379=EDGE_LOOP('',(#1515,#1516,#1517,#1518,#1519,#1520,#1521,#1522));
#380=EDGE_LOOP('',(#1523,#1524,#1525,#1526,#1527,#1528,#1529,#1530,#1531,
#1532));
#381=EDGE_LOOP('',(#1533,#1534,#1535,#1536));
#382=EDGE_LOOP('',(#1537,#1538,#1539));
#383=EDGE_LOOP('',(#1540,#1541,#1542,#1543));
#384=EDGE_LOOP('',(#1544,#1545,#1546,#1547));
#385=EDGE_LOOP('',(#1548,#1549,#1550,#1551));
#386=EDGE_LOOP('',(#1552,#1553,#1554));
#387=EDGE_LOOP('',(#1555,#1556,#1557,#1558,#1559));
#388=EDGE_LOOP('',(#1560,#1561,#1562,#1563));
#389=EDGE_LOOP('',(#1564,#1565,#1566,#1567));
#390=EDGE_LOOP('',(#1568,#1569,#1570,#1571,#1572));
#391=EDGE_LOOP('',(#1573,#1574,#1575,#1576));
#392=EDGE_LOOP('',(#1577,#1578,#1579,#1580,#1581));
#393=EDGE_LOOP('',(#1582,#1583,#1584,#1585));
#394=EDGE_LOOP('',(#1586));
#395=EDGE_LOOP('',(#1587));
#396=EDGE_LOOP('',(#1588,#1589,#1590,#1591));
#397=EDGE_LOOP('',(#1592,#1593,#1594,#1595,#1596,#1597));
#398=EDGE_LOOP('',(#1598,#1599,#1600,#1601));
#399=EDGE_LOOP('',(#1602,#1603,#1604,#1605));
#400=EDGE_LOOP('',(#1606));
#401=EDGE_LOOP('',(#1607));
#402=EDGE_LOOP('',(#1608));
#403=EDGE_LOOP('',(#1609));
#404=EDGE_LOOP('',(#1610,#1611,#1612,#1613));
#405=EDGE_LOOP('',(#1614));
#406=EDGE_LOOP('',(#1615));
#407=EDGE_LOOP('',(#1616));
#408=EDGE_LOOP('',(#1617));
#409=EDGE_LOOP('',(#1618));
#410=EDGE_LOOP('',(#1619,#1620,#1621,#1622,#1623,#1624));
#411=EDGE_LOOP('',(#1625,#1626,#1627,#1628));
#412=EDGE_LOOP('',(#1629,#1630,#1631,#1632));
#413=EDGE_LOOP('',(#1633));
#414=EDGE_LOOP('',(#1634));
#415=LINE('',#2315,#583);
#416=LINE('',#2317,#584);
#417=LINE('',#2319,#585);
#418=LINE('',#2320,#586);
#419=LINE('',#2323,#587);
#420=LINE('',#2325,#588);
#421=LINE('',#2326,#589);
#422=LINE('',#2329,#590);
#423=LINE('',#2331,#591);
#424=LINE('',#2332,#592);
#425=LINE('',#2335,#593);
#426=LINE('',#2337,#594);
#427=LINE('',#2338,#595);
#428=LINE('',#2341,#596);
#429=LINE('',#2343,#597);
#430=LINE('',#2344,#598);
#431=LINE('',#2347,#599);
#432=LINE('',#2349,#600);
#433=LINE('',#2350,#601);
#434=LINE('',#2353,#602);
#435=LINE('',#2355,#603);
#436=LINE('',#2356,#604);
#437=LINE('',#2359,#605);
#438=LINE('',#2361,#606);
#439=LINE('',#2362,#607);
#440=LINE('',#2365,#608);
#441=LINE('',#2367,#609);
#442=LINE('',#2368,#610);
#443=LINE('',#2371,#611);
#444=LINE('',#2373,#612);
#445=LINE('',#2374,#613);
#446=LINE('',#2377,#614);
#447=LINE('',#2379,#615);
#448=LINE('',#2380,#616);
#449=LINE('',#2382,#617);
#450=LINE('',#2383,#618);
#451=LINE('',#2400,#619);
#452=LINE('',#2406,#620);
#453=LINE('',#2421,#621);
#454=LINE('',#2440,#622);
#455=LINE('',#2459,#623);
#456=LINE('',#2478,#624);
#457=LINE('',#2497,#625);
#458=LINE('',#2516,#626);
#459=LINE('',#2523,#627);
#460=LINE('',#2525,#628);
#461=LINE('',#2526,#629);
#462=LINE('',#2529,#630);
#463=LINE('',#2531,#631);
#464=LINE('',#2532,#632);
#465=LINE('',#2547,#633);
#466=LINE('',#2566,#634);
#467=LINE('',#2585,#635);
#468=LINE('',#2604,#636);
#469=LINE('',#2623,#637);
#470=LINE('',#2642,#638);
#471=LINE('',#2661,#639);
#472=LINE('',#2680,#640);
#473=LINE('',#2687,#641);
#474=LINE('',#2689,#642);
#475=LINE('',#2690,#643);
#476=LINE('',#2693,#644);
#477=LINE('',#2695,#645);
#478=LINE('',#2696,#646);
#479=LINE('',#2717,#647);
#480=LINE('',#2719,#648);
#481=LINE('',#2721,#649);
#482=LINE('',#2722,#650);
#483=LINE('',#2725,#651);
#484=LINE('',#2727,#652);
#485=LINE('',#2728,#653);
#486=LINE('',#2731,#654);
#487=LINE('',#2733,#655);
#488=LINE('',#2734,#656);
#489=LINE('',#2736,#657);
#490=LINE('',#2737,#658);
#491=LINE('',#2742,#659);
#492=LINE('',#2744,#660);
#493=LINE('',#2746,#661);
#494=LINE('',#2747,#662);
#495=LINE('',#2750,#663);
#496=LINE('',#2752,#664);
#497=LINE('',#2753,#665);
#498=LINE('',#2756,#666);
#499=LINE('',#2758,#667);
#500=LINE('',#2759,#668);
#501=LINE('',#2761,#669);
#502=LINE('',#2762,#670);
#503=LINE('',#2767,#671);
#504=LINE('',#2769,#672);
#505=LINE('',#2771,#673);
#506=LINE('',#2772,#674);
#507=LINE('',#2775,#675);
#508=LINE('',#2777,#676);
#509=LINE('',#2778,#677);
#510=LINE('',#2781,#678);
#511=LINE('',#2783,#679);
#512=LINE('',#2784,#680);
#513=LINE('',#2786,#681);
#514=LINE('',#2787,#682);
#515=LINE('',#2792,#683);
#516=LINE('',#2794,#684);
#517=LINE('',#2796,#685);
#518=LINE('',#2797,#686);
#519=LINE('',#2800,#687);
#520=LINE('',#2802,#688);
#521=LINE('',#2803,#689);
#522=LINE('',#2806,#690);
#523=LINE('',#2808,#691);
#524=LINE('',#2809,#692);
#525=LINE('',#2811,#693);
#526=LINE('',#2812,#694);
#527=LINE('',#2829,#695);
#528=LINE('',#2831,#696);
#529=LINE('',#2833,#697);
#530=LINE('',#2834,#698);
#531=LINE('',#2841,#699);
#532=LINE('',#2843,#700);
#533=LINE('',#2845,#701);
#534=LINE('',#2846,#702);
#535=LINE('',#2853,#703);
#536=LINE('',#2857,#704);
#537=LINE('',#2861,#705);
#538=LINE('',#2864,#706);
#539=LINE('',#2867,#707);
#540=LINE('',#2869,#708);
#541=LINE('',#2870,#709);
#542=LINE('',#2873,#710);
#543=LINE('',#2874,#711);
#544=LINE('',#2877,#712);
#545=LINE('',#2879,#713);
#546=LINE('',#2880,#714);
#547=LINE('',#2883,#715);
#548=LINE('',#2887,#716);
#549=LINE('',#2888,#717);
#550=LINE('',#2891,#718);
#551=LINE('',#2895,#719);
#552=LINE('',#2896,#720);
#553=LINE('',#2899,#721);
#554=LINE('',#2906,#722);
#555=LINE('',#2909,#723);
#556=LINE('',#2976,#724);
#557=LINE('',#2987,#725);
#558=LINE('',#2990,#726);
#559=LINE('',#2991,#727);
#560=LINE('',#2994,#728);
#561=LINE('',#2998,#729);
#562=LINE('',#3002,#730);
#563=LINE('',#3005,#731);
#564=LINE('',#3009,#732);
#565=LINE('',#3013,#733);
#566=LINE('',#3071,#734);
#567=LINE('',#3082,#735);
#568=LINE('',#3084,#736);
#569=LINE('',#3087,#737);
#570=LINE('',#3145,#738);
#571=LINE('',#3160,#739);
#572=LINE('',#3162,#740);
#573=LINE('',#3165,#741);
#574=LINE('',#3221,#742);
#575=LINE('',#3223,#743);
#576=LINE('',#3230,#744);
#577=LINE('',#3233,#745);
#578=LINE('',#3237,#746);
#579=LINE('',#3238,#747);
#580=LINE('',#3240,#748);
#581=LINE('',#3257,#749);
#582=LINE('',#3259,#750);
#583=VECTOR('',#1921,10.);
#584=VECTOR('',#1922,10.);
#585=VECTOR('',#1923,10.);
#586=VECTOR('',#1924,10.);
#587=VECTOR('',#1927,10.);
#588=VECTOR('',#1928,10.);
#589=VECTOR('',#1929,10.);
#590=VECTOR('',#1932,10.);
#591=VECTOR('',#1933,10.);
#592=VECTOR('',#1934,10.);
#593=VECTOR('',#1937,10.);
#594=VECTOR('',#1938,10.);
#595=VECTOR('',#1939,10.);
#596=VECTOR('',#1942,10.);
#597=VECTOR('',#1943,10.);
#598=VECTOR('',#1944,10.);
#599=VECTOR('',#1947,10.);
#600=VECTOR('',#1948,10.);
#601=VECTOR('',#1949,10.);
#602=VECTOR('',#1952,10.);
#603=VECTOR('',#1953,10.);
#604=VECTOR('',#1954,10.);
#605=VECTOR('',#1957,10.);
#606=VECTOR('',#1958,10.);
#607=VECTOR('',#1959,10.);
#608=VECTOR('',#1962,10.);
#609=VECTOR('',#1963,10.);
#610=VECTOR('',#1964,10.);
#611=VECTOR('',#1967,10.);
#612=VECTOR('',#1968,10.);
#613=VECTOR('',#1969,10.);
#614=VECTOR('',#1972,10.);
#615=VECTOR('',#1973,10.);
#616=VECTOR('',#1974,10.);
#617=VECTOR('',#1977,10.);
#618=VECTOR('',#1978,10.);
#619=VECTOR('',#1981,10.);
#620=VECTOR('',#1982,10.);
#621=VECTOR('',#1983,10.);
#622=VECTOR('',#1984,10.);
#623=VECTOR('',#1985,10.);
#624=VECTOR('',#1986,10.);
#625=VECTOR('',#1987,10.);
#626=VECTOR('',#1988,10.);
#627=VECTOR('',#1991,10.);
#628=VECTOR('',#1992,10.);
#629=VECTOR('',#1993,10.);
#630=VECTOR('',#1996,10.);
#631=VECTOR('',#1997,10.);
#632=VECTOR('',#1998,10.);
#633=VECTOR('',#1999,10.);
#634=VECTOR('',#2000,10.);
#635=VECTOR('',#2001,10.);
#636=VECTOR('',#2002,10.);
#637=VECTOR('',#2003,10.);
#638=VECTOR('',#2004,10.);
#639=VECTOR('',#2005,10.);
#640=VECTOR('',#2006,10.);
#641=VECTOR('',#2009,10.);
#642=VECTOR('',#2010,10.);
#643=VECTOR('',#2011,10.);
#644=VECTOR('',#2014,10.);
#645=VECTOR('',#2015,10.);
#646=VECTOR('',#2016,10.);
#647=VECTOR('',#2021,10.);
#648=VECTOR('',#2022,10.);
#649=VECTOR('',#2023,10.);
#650=VECTOR('',#2024,10.);
#651=VECTOR('',#2027,10.);
#652=VECTOR('',#2028,10.);
#653=VECTOR('',#2029,10.);
#654=VECTOR('',#2032,10.);
#655=VECTOR('',#2033,10.);
#656=VECTOR('',#2034,10.);
#657=VECTOR('',#2037,10.);
#658=VECTOR('',#2038,10.);
#659=VECTOR('',#2043,10.);
#660=VECTOR('',#2044,10.);
#661=VECTOR('',#2045,10.);
#662=VECTOR('',#2046,10.);
#663=VECTOR('',#2049,10.);
#664=VECTOR('',#2050,10.);
#665=VECTOR('',#2051,10.);
#666=VECTOR('',#2054,10.);
#667=VECTOR('',#2055,10.);
#668=VECTOR('',#2056,10.);
#669=VECTOR('',#2059,10.);
#670=VECTOR('',#2060,10.);
#671=VECTOR('',#2065,10.);
#672=VECTOR('',#2066,10.);
#673=VECTOR('',#2067,10.);
#674=VECTOR('',#2068,10.);
#675=VECTOR('',#2071,10.);
#676=VECTOR('',#2072,10.);
#677=VECTOR('',#2073,10.);
#678=VECTOR('',#2076,10.);
#679=VECTOR('',#2077,10.);
#680=VECTOR('',#2078,10.);
#681=VECTOR('',#2081,10.);
#682=VECTOR('',#2082,10.);
#683=VECTOR('',#2087,10.);
#684=VECTOR('',#2088,10.);
#685=VECTOR('',#2089,10.);
#686=VECTOR('',#2090,10.);
#687=VECTOR('',#2093,10.);
#688=VECTOR('',#2094,10.);
#689=VECTOR('',#2095,10.);
#690=VECTOR('',#2098,10.);
#691=VECTOR('',#2099,10.);
#692=VECTOR('',#2100,10.);
#693=VECTOR('',#2103,10.);
#694=VECTOR('',#2104,10.);
#695=VECTOR('',#2125,10.);
#696=VECTOR('',#2126,10.);
#697=VECTOR('',#2127,10.);
#698=VECTOR('',#2128,10.);
#699=VECTOR('',#2135,10.);
#700=VECTOR('',#2136,10.);
#701=VECTOR('',#2137,10.);
#702=VECTOR('',#2138,10.);
#703=VECTOR('',#2145,10.);
#704=VECTOR('',#2148,10.);
#705=VECTOR('',#2151,10.);
#706=VECTOR('',#2154,10.);
#707=VECTOR('',#2157,5.5);
#708=VECTOR('',#2158,7.99999999999999);
#709=VECTOR('',#2159,5.50143308990773);
#710=VECTOR('',#2162,5.5);
#711=VECTOR('',#2163,6.74999999999999);
#712=VECTOR('',#2166,5.75);
#713=VECTOR('',#2167,9.00697442033822);
#714=VECTOR('',#2168,5.75);
#715=VECTOR('',#2171,5.75);
#716=VECTOR('',#2176,5.75);
#717=VECTOR('',#2177,14.3320305894888);
#718=VECTOR('',#2180,5.75);
#719=VECTOR('',#2185,5.75);
#720=VECTOR('',#2186,8.23606343765408);
#721=VECTOR('',#2189,5.75);
#722=VECTOR('',#2196,12.05);
#723=VECTOR('',#2199,12.05);
#724=VECTOR('',#2202,9.5);
#725=VECTOR('',#2203,9.1);
#726=VECTOR('',#2206,9.5);
#727=VECTOR('',#2207,12.05);
#728=VECTOR('',#2210,15.7);
#729=VECTOR('',#2213,9.5);
#730=VECTOR('',#2216,15.7);
#731=VECTOR('',#2219,8.07783778131921);
#732=VECTOR('',#2222,5.28731230897841);
#733=VECTOR('',#2227,12.05);
#734=VECTOR('',#2232,15.7);
#735=VECTOR('',#2233,15.3);
#736=VECTOR('',#2236,12.05);
#737=VECTOR('',#2239,12.05);
#738=VECTOR('',#2244,9.5);
#739=VECTOR('',#2245,9.1);
#740=VECTOR('',#2248,12.05);
#741=VECTOR('',#2251,12.05);
#742=VECTOR('',#2256,15.7);
#743=VECTOR('',#2259,15.3);
#744=VECTOR('',#2268,5.01014065676841);
#745=VECTOR('',#2271,4.14474109572767);
#746=VECTOR('',#2276,5.5);
#747=VECTOR('',#2277,7.99999999999999);
#748=VECTOR('',#2280,6.74999999999999);
#749=VECTOR('',#2303,4.14474109572767);
#750=VECTOR('',#2306,5.28731230897841);
#751=VERTEX_POINT('',#2313);
#752=VERTEX_POINT('',#2314);
#753=VERTEX_POINT('',#2316);
#754=VERTEX_POINT('',#2318);
#755=VERTEX_POINT('',#2322);
#756=VERTEX_POINT('',#2324);
#757=VERTEX_POINT('',#2328);
#758=VERTEX_POINT('',#2330);
#759=VERTEX_POINT('',#2334);
#760=VERTEX_POINT('',#2336);
#761=VERTEX_POINT('',#2340);
#762=VERTEX_POINT('',#2342);
#763=VERTEX_POINT('',#2346);
#764=VERTEX_POINT('',#2348);
#765=VERTEX_POINT('',#2352);
#766=VERTEX_POINT('',#2354);
#767=VERTEX_POINT('',#2358);
#768=VERTEX_POINT('',#2360);
#769=VERTEX_POINT('',#2364);
#770=VERTEX_POINT('',#2366);
#771=VERTEX_POINT('',#2370);
#772=VERTEX_POINT('',#2372);
#773=VERTEX_POINT('',#2376);
#774=VERTEX_POINT('',#2378);
#775=VERTEX_POINT('',#2393);
#776=VERTEX_POINT('',#2394);
#777=VERTEX_POINT('',#2399);
#778=VERTEX_POINT('',#2401);
#779=VERTEX_POINT('',#2415);
#780=VERTEX_POINT('',#2420);
#781=VERTEX_POINT('',#2434);
#782=VERTEX_POINT('',#2439);
#783=VERTEX_POINT('',#2453);
#784=VERTEX_POINT('',#2458);
#785=VERTEX_POINT('',#2472);
#786=VERTEX_POINT('',#2477);
#787=VERTEX_POINT('',#2491);
#788=VERTEX_POINT('',#2496);
#789=VERTEX_POINT('',#2510);
#790=VERTEX_POINT('',#2515);
#791=VERTEX_POINT('',#2522);
#792=VERTEX_POINT('',#2524);
#793=VERTEX_POINT('',#2528);
#794=VERTEX_POINT('',#2530);
#795=VERTEX_POINT('',#2541);
#796=VERTEX_POINT('',#2546);
#797=VERTEX_POINT('',#2560);
#798=VERTEX_POINT('',#2565);
#799=VERTEX_POINT('',#2579);
#800=VERTEX_POINT('',#2584);
#801=VERTEX_POINT('',#2598);
#802=VERTEX_POINT('',#2603);
#803=VERTEX_POINT('',#2617);
#804=VERTEX_POINT('',#2622);
#805=VERTEX_POINT('',#2636);
#806=VERTEX_POINT('',#2641);
#807=VERTEX_POINT('',#2655);
#808=VERTEX_POINT('',#2660);
#809=VERTEX_POINT('',#2674);
#810=VERTEX_POINT('',#2679);
#811=VERTEX_POINT('',#2686);
#812=VERTEX_POINT('',#2688);
#813=VERTEX_POINT('',#2692);
#814=VERTEX_POINT('',#2694);
#815=VERTEX_POINT('',#2715);
#816=VERTEX_POINT('',#2716);
#817=VERTEX_POINT('',#2718);
#818=VERTEX_POINT('',#2720);
#819=VERTEX_POINT('',#2724);
#820=VERTEX_POINT('',#2726);
#821=VERTEX_POINT('',#2730);
#822=VERTEX_POINT('',#2732);
#823=VERTEX_POINT('',#2740);
#824=VERTEX_POINT('',#2741);
#825=VERTEX_POINT('',#2743);
#826=VERTEX_POINT('',#2745);
#827=VERTEX_POINT('',#2749);
#828=VERTEX_POINT('',#2751);
#829=VERTEX_POINT('',#2755);
#830=VERTEX_POINT('',#2757);
#831=VERTEX_POINT('',#2765);
#832=VERTEX_POINT('',#2766);
#833=VERTEX_POINT('',#2768);
#834=VERTEX_POINT('',#2770);
#835=VERTEX_POINT('',#2774);
#836=VERTEX_POINT('',#2776);
#837=VERTEX_POINT('',#2780);
#838=VERTEX_POINT('',#2782);
#839=VERTEX_POINT('',#2790);
#840=VERTEX_POINT('',#2791);
#841=VERTEX_POINT('',#2793);
#842=VERTEX_POINT('',#2795);
#843=VERTEX_POINT('',#2799);
#844=VERTEX_POINT('',#2801);
#845=VERTEX_POINT('',#2805);
#846=VERTEX_POINT('',#2807);
#847=VERTEX_POINT('',#2815);
#848=VERTEX_POINT('',#2817);
#849=VERTEX_POINT('',#2821);
#850=VERTEX_POINT('',#2823);
#851=VERTEX_POINT('',#2827);
#852=VERTEX_POINT('',#2828);
#853=VERTEX_POINT('',#2830);
#854=VERTEX_POINT('',#2832);
#855=VERTEX_POINT('',#2836);
#856=VERTEX_POINT('',#2839);
#857=VERTEX_POINT('',#2840);
#858=VERTEX_POINT('',#2842);
#859=VERTEX_POINT('',#2844);
#860=VERTEX_POINT('',#2848);
#861=VERTEX_POINT('',#2850);
#862=VERTEX_POINT('',#2852);
#863=VERTEX_POINT('',#2854);
#864=VERTEX_POINT('',#2856);
#865=VERTEX_POINT('',#2858);
#866=VERTEX_POINT('',#2860);
#867=VERTEX_POINT('',#2862);
#868=VERTEX_POINT('',#2866);
#869=VERTEX_POINT('',#2868);
#870=VERTEX_POINT('',#2872);
#871=VERTEX_POINT('',#2876);
#872=VERTEX_POINT('',#2878);
#873=VERTEX_POINT('',#2882);
#874=VERTEX_POINT('',#2886);
#875=VERTEX_POINT('',#2890);
#876=VERTEX_POINT('',#2894);
#877=VERTEX_POINT('',#2898);
#878=VERTEX_POINT('',#2902);
#879=VERTEX_POINT('',#2903);
#880=VERTEX_POINT('',#2905);
#881=VERTEX_POINT('',#2907);
#882=VERTEX_POINT('',#2955);
#883=VERTEX_POINT('',#2975);
#884=VERTEX_POINT('',#2977);
#885=VERTEX_POINT('',#2989);
#886=VERTEX_POINT('',#2993);
#887=VERTEX_POINT('',#2995);
#888=VERTEX_POINT('',#2997);
#889=VERTEX_POINT('',#2999);
#890=VERTEX_POINT('',#3001);
#891=VERTEX_POINT('',#3004);
#892=VERTEX_POINT('',#3006);
#893=VERTEX_POINT('',#3008);
#894=VERTEX_POINT('',#3012);
#895=VERTEX_POINT('',#3070);
#896=VERTEX_POINT('',#3072);
#897=VERTEX_POINT('',#3086);
#898=VERTEX_POINT('',#3144);
#899=VERTEX_POINT('',#3146);
#900=VERTEX_POINT('',#3153);
#901=VERTEX_POINT('',#3164);
#902=VERTEX_POINT('',#3207);
#903=VERTEX_POINT('',#3225);
#904=VERTEX_POINT('',#3227);
#905=VERTEX_POINT('',#3232);
#906=VERTEX_POINT('',#3236);
#907=VERTEX_POINT('',#3242);
#908=VERTEX_POINT('',#3244);
#909=VERTEX_POINT('',#3249);
#910=VERTEX_POINT('',#3252);
#911=VERTEX_POINT('',#3255);
#912=EDGE_CURVE('',#751,#752,#415,.T.);
#913=EDGE_CURVE('',#751,#753,#416,.T.);
#914=EDGE_CURVE('',#753,#754,#417,.T.);
#915=EDGE_CURVE('',#752,#754,#418,.T.);
#916=EDGE_CURVE('',#755,#751,#419,.T.);
#917=EDGE_CURVE('',#755,#756,#420,.T.);
#918=EDGE_CURVE('',#756,#753,#421,.T.);
#919=EDGE_CURVE('',#757,#755,#422,.T.);
#920=EDGE_CURVE('',#757,#758,#423,.T.);
#921=EDGE_CURVE('',#758,#756,#424,.T.);
#922=EDGE_CURVE('',#759,#757,#425,.T.);
#923=EDGE_CURVE('',#759,#760,#426,.T.);
#924=EDGE_CURVE('',#760,#758,#427,.T.);
#925=EDGE_CURVE('',#761,#759,#428,.T.);
#926=EDGE_CURVE('',#761,#762,#429,.T.);
#927=EDGE_CURVE('',#762,#760,#430,.T.);
#928=EDGE_CURVE('',#763,#761,#431,.T.);
#929=EDGE_CURVE('',#763,#764,#432,.T.);
#930=EDGE_CURVE('',#764,#762,#433,.T.);
#931=EDGE_CURVE('',#765,#763,#434,.T.);
#932=EDGE_CURVE('',#765,#766,#435,.T.);
#933=EDGE_CURVE('',#766,#764,#436,.T.);
#934=EDGE_CURVE('',#767,#765,#437,.T.);
#935=EDGE_CURVE('',#767,#768,#438,.T.);
#936=EDGE_CURVE('',#768,#766,#439,.T.);
#937=EDGE_CURVE('',#769,#767,#440,.T.);
#938=EDGE_CURVE('',#769,#770,#441,.T.);
#939=EDGE_CURVE('',#770,#768,#442,.T.);
#940=EDGE_CURVE('',#771,#769,#443,.T.);
#941=EDGE_CURVE('',#771,#772,#444,.T.);
#942=EDGE_CURVE('',#772,#770,#445,.T.);
#943=EDGE_CURVE('',#773,#771,#446,.T.);
#944=EDGE_CURVE('',#773,#774,#447,.T.);
#945=EDGE_CURVE('',#774,#772,#448,.T.);
#946=EDGE_CURVE('',#752,#773,#449,.T.);
#947=EDGE_CURVE('',#754,#774,#450,.T.);
#948=EDGE_CURVE('',#775,#776,#132,.T.);
#949=EDGE_CURVE('',#775,#777,#451,.T.);
#950=EDGE_CURVE('',#777,#778,#133,.T.);
#951=EDGE_CURVE('',#776,#778,#452,.T.);
#952=EDGE_CURVE('',#779,#775,#134,.T.);
#953=EDGE_CURVE('',#779,#780,#453,.T.);
#954=EDGE_CURVE('',#780,#777,#135,.T.);
#955=EDGE_CURVE('',#781,#779,#136,.T.);
#956=EDGE_CURVE('',#781,#782,#454,.T.);
#957=EDGE_CURVE('',#782,#780,#137,.T.);
#958=EDGE_CURVE('',#783,#781,#138,.T.);
#959=EDGE_CURVE('',#783,#784,#455,.T.);
#960=EDGE_CURVE('',#784,#782,#139,.T.);
#961=EDGE_CURVE('',#785,#783,#140,.T.);
#962=EDGE_CURVE('',#785,#786,#456,.T.);
#963=EDGE_CURVE('',#786,#784,#141,.T.);
#964=EDGE_CURVE('',#787,#785,#142,.T.);
#965=EDGE_CURVE('',#787,#788,#457,.T.);
#966=EDGE_CURVE('',#788,#786,#143,.T.);
#967=EDGE_CURVE('',#789,#787,#144,.T.);
#968=EDGE_CURVE('',#789,#790,#458,.T.);
#969=EDGE_CURVE('',#790,#788,#145,.T.);
#970=EDGE_CURVE('',#791,#789,#459,.T.);
#971=EDGE_CURVE('',#791,#792,#460,.T.);
#972=EDGE_CURVE('',#792,#790,#461,.T.);
#973=EDGE_CURVE('',#793,#791,#462,.T.);
#974=EDGE_CURVE('',#793,#794,#463,.T.);
#975=EDGE_CURVE('',#794,#792,#464,.T.);
#976=EDGE_CURVE('',#795,#793,#146,.T.);
#977=EDGE_CURVE('',#795,#796,#465,.T.);
#978=EDGE_CURVE('',#796,#794,#147,.T.);
#979=EDGE_CURVE('',#797,#795,#148,.T.);
#980=EDGE_CURVE('',#797,#798,#466,.T.);
#981=EDGE_CURVE('',#798,#796,#149,.T.);
#982=EDGE_CURVE('',#799,#797,#150,.T.);
#983=EDGE_CURVE('',#799,#800,#467,.T.);
#984=EDGE_CURVE('',#800,#798,#151,.T.);
#985=EDGE_CURVE('',#801,#799,#152,.T.);
#986=EDGE_CURVE('',#801,#802,#468,.T.);
#987=EDGE_CURVE('',#802,#800,#153,.T.);
#988=EDGE_CURVE('',#803,#801,#154,.T.);
#989=EDGE_CURVE('',#803,#804,#469,.T.);
#990=EDGE_CURVE('',#804,#802,#155,.T.);
#991=EDGE_CURVE('',#805,#803,#156,.T.);
#992=EDGE_CURVE('',#805,#806,#470,.T.);
#993=EDGE_CURVE('',#806,#804,#157,.T.);
#994=EDGE_CURVE('',#807,#805,#158,.T.);
#995=EDGE_CURVE('',#807,#808,#471,.T.);
#996=EDGE_CURVE('',#808,#806,#159,.T.);
#997=EDGE_CURVE('',#809,#807,#160,.T.);
#998=EDGE_CURVE('',#809,#810,#472,.T.);
#999=EDGE_CURVE('',#810,#808,#161,.T.);
#1000=EDGE_CURVE('',#811,#809,#473,.T.);
#1001=EDGE_CURVE('',#811,#812,#474,.T.);
#1002=EDGE_CURVE('',#812,#810,#475,.T.);
#1003=EDGE_CURVE('',#813,#811,#476,.T.);
#1004=EDGE_CURVE('',#813,#814,#477,.T.);
#1005=EDGE_CURVE('',#814,#812,#478,.T.);
#1006=EDGE_CURVE('',#776,#813,#162,.T.);
#1007=EDGE_CURVE('',#778,#814,#163,.T.);
#1008=EDGE_CURVE('',#815,#816,#479,.T.);
#1009=EDGE_CURVE('',#815,#817,#480,.T.);
#1010=EDGE_CURVE('',#817,#818,#481,.T.);
#1011=EDGE_CURVE('',#816,#818,#482,.T.);
#1012=EDGE_CURVE('',#819,#815,#483,.T.);
#1013=EDGE_CURVE('',#819,#820,#484,.T.);
#1014=EDGE_CURVE('',#820,#817,#485,.T.);
#1015=EDGE_CURVE('',#821,#819,#486,.T.);
#1016=EDGE_CURVE('',#821,#822,#487,.T.);
#1017=EDGE_CURVE('',#822,#820,#488,.T.);
#1018=EDGE_CURVE('',#816,#821,#489,.T.);
#1019=EDGE_CURVE('',#818,#822,#490,.T.);
#1020=EDGE_CURVE('',#823,#824,#491,.T.);
#1021=EDGE_CURVE('',#823,#825,#492,.T.);
#1022=EDGE_CURVE('',#826,#825,#493,.T.);
#1023=EDGE_CURVE('',#824,#826,#494,.T.);
#1024=EDGE_CURVE('',#824,#827,#495,.T.);
#1025=EDGE_CURVE('',#828,#826,#496,.T.);
#1026=EDGE_CURVE('',#827,#828,#497,.T.);
#1027=EDGE_CURVE('',#827,#829,#498,.T.);
#1028=EDGE_CURVE('',#830,#828,#499,.T.);
#1029=EDGE_CURVE('',#829,#830,#500,.T.);
#1030=EDGE_CURVE('',#829,#823,#501,.T.);
#1031=EDGE_CURVE('',#825,#830,#502,.T.);
#1032=EDGE_CURVE('',#831,#832,#503,.T.);
#1033=EDGE_CURVE('',#831,#833,#504,.T.);
#1034=EDGE_CURVE('',#834,#833,#505,.T.);
#1035=EDGE_CURVE('',#832,#834,#506,.T.);
#1036=EDGE_CURVE('',#832,#835,#507,.T.);
#1037=EDGE_CURVE('',#836,#834,#508,.T.);
#1038=EDGE_CURVE('',#835,#836,#509,.T.);
#1039=EDGE_CURVE('',#835,#837,#510,.T.);
#1040=EDGE_CURVE('',#838,#836,#511,.T.);
#1041=EDGE_CURVE('',#837,#838,#512,.T.);
#1042=EDGE_CURVE('',#837,#831,#513,.T.);
#1043=EDGE_CURVE('',#833,#838,#514,.T.);
#1044=EDGE_CURVE('',#839,#840,#515,.T.);
#1045=EDGE_CURVE('',#839,#841,#516,.T.);
#1046=EDGE_CURVE('',#842,#841,#517,.T.);
#1047=EDGE_CURVE('',#840,#842,#518,.T.);
#1048=EDGE_CURVE('',#840,#843,#519,.T.);
#1049=EDGE_CURVE('',#844,#842,#520,.T.);
#1050=EDGE_CURVE('',#843,#844,#521,.T.);
#1051=EDGE_CURVE('',#843,#845,#522,.T.);
#1052=EDGE_CURVE('',#846,#844,#523,.T.);
#1053=EDGE_CURVE('',#845,#846,#524,.T.);
#1054=EDGE_CURVE('',#845,#839,#525,.T.);
#1055=EDGE_CURVE('',#841,#846,#526,.T.);
#1056=EDGE_CURVE('',#847,#847,#51,.T.);
#1057=EDGE_CURVE('',#848,#848,#52,.T.);
#1058=EDGE_CURVE('',#849,#849,#53,.T.);
#1059=EDGE_CURVE('',#850,#850,#54,.T.);
#1060=EDGE_CURVE('',#851,#852,#527,.T.);
#1061=EDGE_CURVE('',#853,#851,#528,.T.);
#1062=EDGE_CURVE('',#854,#853,#529,.T.);
#1063=EDGE_CURVE('',#852,#854,#530,.T.);
#1064=EDGE_CURVE('',#855,#855,#55,.T.);
#1065=EDGE_CURVE('',#856,#857,#531,.T.);
#1066=EDGE_CURVE('',#858,#856,#532,.T.);
#1067=EDGE_CURVE('',#859,#858,#533,.T.);
#1068=EDGE_CURVE('',#857,#859,#534,.T.);
#1069=EDGE_CURVE('',#852,#860,#56,.T.);
#1070=EDGE_CURVE('',#861,#854,#57,.T.);
#1071=EDGE_CURVE('',#862,#861,#535,.T.);
#1072=EDGE_CURVE('',#863,#862,#58,.T.);
#1073=EDGE_CURVE('',#864,#863,#536,.T.);
#1074=EDGE_CURVE('',#865,#864,#59,.T.);
#1075=EDGE_CURVE('',#866,#865,#537,.T.);
#1076=EDGE_CURVE('',#867,#866,#60,.T.);
#1077=EDGE_CURVE('',#860,#867,#538,.T.);
#1078=EDGE_CURVE('',#858,#868,#539,.T.);
#1079=EDGE_CURVE('',#868,#869,#540,.T.);
#1080=EDGE_CURVE('',#859,#869,#541,.T.);
#1081=EDGE_CURVE('',#856,#870,#542,.T.);
#1082=EDGE_CURVE('',#870,#868,#543,.T.);
#1083=EDGE_CURVE('',#871,#867,#544,.T.);
#1084=EDGE_CURVE('',#872,#871,#545,.T.);
#1085=EDGE_CURVE('',#860,#872,#546,.F.);
#1086=EDGE_CURVE('',#866,#873,#547,.T.);
#1087=EDGE_CURVE('',#873,#871,#61,.T.);
#1088=EDGE_CURVE('',#874,#865,#548,.T.);
#1089=EDGE_CURVE('',#873,#874,#549,.T.);
#1090=EDGE_CURVE('',#864,#875,#550,.T.);
#1091=EDGE_CURVE('',#875,#874,#62,.T.);
#1092=EDGE_CURVE('',#876,#863,#551,.T.);
#1093=EDGE_CURVE('',#875,#876,#552,.T.);
#1094=EDGE_CURVE('',#862,#877,#553,.T.);
#1095=EDGE_CURVE('',#877,#876,#63,.T.);
#1096=EDGE_CURVE('',#878,#879,#64,.T.);
#1097=EDGE_CURVE('',#879,#880,#554,.T.);
#1098=EDGE_CURVE('',#880,#881,#65,.T.);
#1099=EDGE_CURVE('',#881,#878,#555,.T.);
#1100=EDGE_CURVE('',#880,#882,#164,.T.);
#1101=EDGE_CURVE('',#882,#881,#165,.T.);
#1102=EDGE_CURVE('',#880,#883,#556,.T.);
#1103=EDGE_CURVE('',#884,#883,#166,.T.);
#1104=EDGE_CURVE('',#884,#882,#557,.T.);
#1105=EDGE_CURVE('',#885,#879,#558,.T.);
#1106=EDGE_CURVE('',#883,#885,#559,.T.);
#1107=EDGE_CURVE('',#878,#886,#560,.T.);
#1108=EDGE_CURVE('',#887,#886,#66,.T.);
#1109=EDGE_CURVE('',#887,#888,#561,.T.);
#1110=EDGE_CURVE('',#889,#888,#67,.T.);
#1111=EDGE_CURVE('',#889,#890,#562,.T.);
#1112=EDGE_CURVE('',#885,#890,#68,.T.);
#1113=EDGE_CURVE('',#877,#891,#563,.T.);
#1114=EDGE_CURVE('',#892,#891,#69,.T.);
#1115=EDGE_CURVE('',#892,#893,#564,.T.);
#1116=EDGE_CURVE('',#893,#872,#70,.T.);
#1117=EDGE_CURVE('',#890,#894,#565,.T.);
#1118=EDGE_CURVE('',#894,#883,#71,.T.);
#1119=EDGE_CURVE('',#894,#884,#167,.T.);
#1120=EDGE_CURVE('',#894,#895,#566,.T.);
#1121=EDGE_CURVE('',#896,#895,#168,.T.);
#1122=EDGE_CURVE('',#896,#884,#567,.T.);
#1123=EDGE_CURVE('',#895,#889,#568,.T.);
#1124=EDGE_CURVE('',#888,#897,#569,.T.);
#1125=EDGE_CURVE('',#897,#895,#72,.T.);
#1126=EDGE_CURVE('',#897,#896,#169,.T.);
#1127=EDGE_CURVE('',#897,#898,#570,.T.);
#1128=EDGE_CURVE('',#899,#898,#170,.T.);
#1129=EDGE_CURVE('',#900,#899,#171,.T.);
#1130=EDGE_CURVE('',#900,#896,#571,.T.);
#1131=EDGE_CURVE('',#898,#887,#572,.T.);
#1132=EDGE_CURVE('',#886,#901,#573,.T.);
#1133=EDGE_CURVE('',#901,#898,#73,.T.);
#1134=EDGE_CURVE('',#901,#902,#172,.T.);
#1135=EDGE_CURVE('',#902,#900,#173,.T.);
#1136=EDGE_CURVE('',#901,#881,#574,.T.);
#1137=EDGE_CURVE('',#882,#900,#575,.T.);
#1138=EDGE_CURVE('',#903,#903,#74,.T.);
#1139=EDGE_CURVE('',#904,#904,#75,.T.);
#1140=EDGE_CURVE('',#891,#861,#576,.T.);
#1141=EDGE_CURVE('',#893,#905,#577,.F.);
#1142=EDGE_CURVE('',#851,#905,#14,.T.);
#1143=EDGE_CURVE('',#857,#906,#578,.T.);
#1144=EDGE_CURVE('',#906,#870,#579,.T.);
#1145=EDGE_CURVE('',#869,#906,#580,.T.);
#1146=EDGE_CURVE('',#907,#907,#76,.T.);
#1147=EDGE_CURVE('',#908,#908,#77,.T.);
#1148=EDGE_CURVE('',#909,#909,#78,.T.);
#1149=EDGE_CURVE('',#910,#910,#79,.T.);
#1150=EDGE_CURVE('',#853,#911,#15,.F.);
#1151=EDGE_CURVE('',#892,#911,#581,.T.);
#1152=EDGE_CURVE('',#911,#905,#582,.T.);
#1153=ORIENTED_EDGE('',*,*,#912,.F.);
#1154=ORIENTED_EDGE('',*,*,#913,.T.);
#1155=ORIENTED_EDGE('',*,*,#914,.T.);
#1156=ORIENTED_EDGE('',*,*,#915,.F.);
#1157=ORIENTED_EDGE('',*,*,#916,.F.);
#1158=ORIENTED_EDGE('',*,*,#917,.T.);
#1159=ORIENTED_EDGE('',*,*,#918,.T.);
#1160=ORIENTED_EDGE('',*,*,#913,.F.);
#1161=ORIENTED_EDGE('',*,*,#919,.F.);
#1162=ORIENTED_EDGE('',*,*,#920,.T.);
#1163=ORIENTED_EDGE('',*,*,#921,.T.);
#1164=ORIENTED_EDGE('',*,*,#917,.F.);
#1165=ORIENTED_EDGE('',*,*,#922,.F.);
#1166=ORIENTED_EDGE('',*,*,#923,.T.);
#1167=ORIENTED_EDGE('',*,*,#924,.T.);
#1168=ORIENTED_EDGE('',*,*,#920,.F.);
#1169=ORIENTED_EDGE('',*,*,#925,.F.);
#1170=ORIENTED_EDGE('',*,*,#926,.T.);
#1171=ORIENTED_EDGE('',*,*,#927,.T.);
#1172=ORIENTED_EDGE('',*,*,#923,.F.);
#1173=ORIENTED_EDGE('',*,*,#928,.F.);
#1174=ORIENTED_EDGE('',*,*,#929,.T.);
#1175=ORIENTED_EDGE('',*,*,#930,.T.);
#1176=ORIENTED_EDGE('',*,*,#926,.F.);
#1177=ORIENTED_EDGE('',*,*,#931,.F.);
#1178=ORIENTED_EDGE('',*,*,#932,.T.);
#1179=ORIENTED_EDGE('',*,*,#933,.T.);
#1180=ORIENTED_EDGE('',*,*,#929,.F.);
#1181=ORIENTED_EDGE('',*,*,#934,.F.);
#1182=ORIENTED_EDGE('',*,*,#935,.T.);
#1183=ORIENTED_EDGE('',*,*,#936,.T.);
#1184=ORIENTED_EDGE('',*,*,#932,.F.);
#1185=ORIENTED_EDGE('',*,*,#937,.F.);
#1186=ORIENTED_EDGE('',*,*,#938,.T.);
#1187=ORIENTED_EDGE('',*,*,#939,.T.);
#1188=ORIENTED_EDGE('',*,*,#935,.F.);
#1189=ORIENTED_EDGE('',*,*,#940,.F.);
#1190=ORIENTED_EDGE('',*,*,#941,.T.);
#1191=ORIENTED_EDGE('',*,*,#942,.T.);
#1192=ORIENTED_EDGE('',*,*,#938,.F.);
#1193=ORIENTED_EDGE('',*,*,#943,.F.);
#1194=ORIENTED_EDGE('',*,*,#944,.T.);
#1195=ORIENTED_EDGE('',*,*,#945,.T.);
#1196=ORIENTED_EDGE('',*,*,#941,.F.);
#1197=ORIENTED_EDGE('',*,*,#946,.F.);
#1198=ORIENTED_EDGE('',*,*,#915,.T.);
#1199=ORIENTED_EDGE('',*,*,#947,.T.);
#1200=ORIENTED_EDGE('',*,*,#944,.F.);
#1201=ORIENTED_EDGE('',*,*,#947,.F.);
#1202=ORIENTED_EDGE('',*,*,#914,.F.);
#1203=ORIENTED_EDGE('',*,*,#918,.F.);
#1204=ORIENTED_EDGE('',*,*,#921,.F.);
#1205=ORIENTED_EDGE('',*,*,#924,.F.);
#1206=ORIENTED_EDGE('',*,*,#927,.F.);
#1207=ORIENTED_EDGE('',*,*,#930,.F.);
#1208=ORIENTED_EDGE('',*,*,#933,.F.);
#1209=ORIENTED_EDGE('',*,*,#936,.F.);
#1210=ORIENTED_EDGE('',*,*,#939,.F.);
#1211=ORIENTED_EDGE('',*,*,#942,.F.);
#1212=ORIENTED_EDGE('',*,*,#945,.F.);
#1213=ORIENTED_EDGE('',*,*,#948,.F.);
#1214=ORIENTED_EDGE('',*,*,#949,.T.);
#1215=ORIENTED_EDGE('',*,*,#950,.T.);
#1216=ORIENTED_EDGE('',*,*,#951,.F.);
#1217=ORIENTED_EDGE('',*,*,#952,.F.);
#1218=ORIENTED_EDGE('',*,*,#953,.T.);
#1219=ORIENTED_EDGE('',*,*,#954,.T.);
#1220=ORIENTED_EDGE('',*,*,#949,.F.);
#1221=ORIENTED_EDGE('',*,*,#955,.F.);
#1222=ORIENTED_EDGE('',*,*,#956,.T.);
#1223=ORIENTED_EDGE('',*,*,#957,.T.);
#1224=ORIENTED_EDGE('',*,*,#953,.F.);
#1225=ORIENTED_EDGE('',*,*,#958,.F.);
#1226=ORIENTED_EDGE('',*,*,#959,.T.);
#1227=ORIENTED_EDGE('',*,*,#960,.T.);
#1228=ORIENTED_EDGE('',*,*,#956,.F.);
#1229=ORIENTED_EDGE('',*,*,#961,.F.);
#1230=ORIENTED_EDGE('',*,*,#962,.T.);
#1231=ORIENTED_EDGE('',*,*,#963,.T.);
#1232=ORIENTED_EDGE('',*,*,#959,.F.);
#1233=ORIENTED_EDGE('',*,*,#964,.F.);
#1234=ORIENTED_EDGE('',*,*,#965,.T.);
#1235=ORIENTED_EDGE('',*,*,#966,.T.);
#1236=ORIENTED_EDGE('',*,*,#962,.F.);
#1237=ORIENTED_EDGE('',*,*,#967,.F.);
#1238=ORIENTED_EDGE('',*,*,#968,.T.);
#1239=ORIENTED_EDGE('',*,*,#969,.T.);
#1240=ORIENTED_EDGE('',*,*,#965,.F.);
#1241=ORIENTED_EDGE('',*,*,#970,.F.);
#1242=ORIENTED_EDGE('',*,*,#971,.T.);
#1243=ORIENTED_EDGE('',*,*,#972,.T.);
#1244=ORIENTED_EDGE('',*,*,#968,.F.);
#1245=ORIENTED_EDGE('',*,*,#973,.F.);
#1246=ORIENTED_EDGE('',*,*,#974,.T.);
#1247=ORIENTED_EDGE('',*,*,#975,.T.);
#1248=ORIENTED_EDGE('',*,*,#971,.F.);
#1249=ORIENTED_EDGE('',*,*,#976,.F.);
#1250=ORIENTED_EDGE('',*,*,#977,.T.);
#1251=ORIENTED_EDGE('',*,*,#978,.T.);
#1252=ORIENTED_EDGE('',*,*,#974,.F.);
#1253=ORIENTED_EDGE('',*,*,#979,.F.);
#1254=ORIENTED_EDGE('',*,*,#980,.T.);
#1255=ORIENTED_EDGE('',*,*,#981,.T.);
#1256=ORIENTED_EDGE('',*,*,#977,.F.);
#1257=ORIENTED_EDGE('',*,*,#982,.F.);
#1258=ORIENTED_EDGE('',*,*,#983,.T.);
#1259=ORIENTED_EDGE('',*,*,#984,.T.);
#1260=ORIENTED_EDGE('',*,*,#980,.F.);
#1261=ORIENTED_EDGE('',*,*,#985,.F.);
#1262=ORIENTED_EDGE('',*,*,#986,.T.);
#1263=ORIENTED_EDGE('',*,*,#987,.T.);
#1264=ORIENTED_EDGE('',*,*,#983,.F.);
#1265=ORIENTED_EDGE('',*,*,#988,.F.);
#1266=ORIENTED_EDGE('',*,*,#989,.T.);
#1267=ORIENTED_EDGE('',*,*,#990,.T.);
#1268=ORIENTED_EDGE('',*,*,#986,.F.);
#1269=ORIENTED_EDGE('',*,*,#991,.F.);
#1270=ORIENTED_EDGE('',*,*,#992,.T.);
#1271=ORIENTED_EDGE('',*,*,#993,.T.);
#1272=ORIENTED_EDGE('',*,*,#989,.F.);
#1273=ORIENTED_EDGE('',*,*,#994,.F.);
#1274=ORIENTED_EDGE('',*,*,#995,.T.);
#1275=ORIENTED_EDGE('',*,*,#996,.T.);
#1276=ORIENTED_EDGE('',*,*,#992,.F.);
#1277=ORIENTED_EDGE('',*,*,#997,.F.);
#1278=ORIENTED_EDGE('',*,*,#998,.T.);
#1279=ORIENTED_EDGE('',*,*,#999,.T.);
#1280=ORIENTED_EDGE('',*,*,#995,.F.);
#1281=ORIENTED_EDGE('',*,*,#1000,.F.);
#1282=ORIENTED_EDGE('',*,*,#1001,.T.);
#1283=ORIENTED_EDGE('',*,*,#1002,.T.);
#1284=ORIENTED_EDGE('',*,*,#998,.F.);
#1285=ORIENTED_EDGE('',*,*,#1003,.F.);
#1286=ORIENTED_EDGE('',*,*,#1004,.T.);
#1287=ORIENTED_EDGE('',*,*,#1005,.T.);
#1288=ORIENTED_EDGE('',*,*,#1001,.F.);
#1289=ORIENTED_EDGE('',*,*,#1006,.F.);
#1290=ORIENTED_EDGE('',*,*,#951,.T.);
#1291=ORIENTED_EDGE('',*,*,#1007,.T.);
#1292=ORIENTED_EDGE('',*,*,#1004,.F.);
#1293=ORIENTED_EDGE('',*,*,#1007,.F.);
#1294=ORIENTED_EDGE('',*,*,#950,.F.);
#1295=ORIENTED_EDGE('',*,*,#954,.F.);
#1296=ORIENTED_EDGE('',*,*,#957,.F.);
#1297=ORIENTED_EDGE('',*,*,#960,.F.);
#1298=ORIENTED_EDGE('',*,*,#963,.F.);
#1299=ORIENTED_EDGE('',*,*,#966,.F.);
#1300=ORIENTED_EDGE('',*,*,#969,.F.);
#1301=ORIENTED_EDGE('',*,*,#972,.F.);
#1302=ORIENTED_EDGE('',*,*,#975,.F.);
#1303=ORIENTED_EDGE('',*,*,#978,.F.);
#1304=ORIENTED_EDGE('',*,*,#981,.F.);
#1305=ORIENTED_EDGE('',*,*,#984,.F.);
#1306=ORIENTED_EDGE('',*,*,#987,.F.);
#1307=ORIENTED_EDGE('',*,*,#990,.F.);
#1308=ORIENTED_EDGE('',*,*,#993,.F.);
#1309=ORIENTED_EDGE('',*,*,#996,.F.);
#1310=ORIENTED_EDGE('',*,*,#999,.F.);
#1311=ORIENTED_EDGE('',*,*,#1002,.F.);
#1312=ORIENTED_EDGE('',*,*,#1005,.F.);
#1313=ORIENTED_EDGE('',*,*,#1008,.F.);
#1314=ORIENTED_EDGE('',*,*,#1009,.T.);
#1315=ORIENTED_EDGE('',*,*,#1010,.T.);
#1316=ORIENTED_EDGE('',*,*,#1011,.F.);
#1317=ORIENTED_EDGE('',*,*,#1012,.F.);
#1318=ORIENTED_EDGE('',*,*,#1013,.T.);
#1319=ORIENTED_EDGE('',*,*,#1014,.T.);
#1320=ORIENTED_EDGE('',*,*,#1009,.F.);
#1321=ORIENTED_EDGE('',*,*,#1015,.F.);
#1322=ORIENTED_EDGE('',*,*,#1016,.T.);
#1323=ORIENTED_EDGE('',*,*,#1017,.T.);
#1324=ORIENTED_EDGE('',*,*,#1013,.F.);
#1325=ORIENTED_EDGE('',*,*,#1018,.F.);
#1326=ORIENTED_EDGE('',*,*,#1011,.T.);
#1327=ORIENTED_EDGE('',*,*,#1019,.T.);
#1328=ORIENTED_EDGE('',*,*,#1016,.F.);
#1329=ORIENTED_EDGE('',*,*,#1019,.F.);
#1330=ORIENTED_EDGE('',*,*,#1010,.F.);
#1331=ORIENTED_EDGE('',*,*,#1014,.F.);
#1332=ORIENTED_EDGE('',*,*,#1017,.F.);
#1333=ORIENTED_EDGE('',*,*,#1020,.F.);
#1334=ORIENTED_EDGE('',*,*,#1021,.T.);
#1335=ORIENTED_EDGE('',*,*,#1022,.F.);
#1336=ORIENTED_EDGE('',*,*,#1023,.F.);
#1337=ORIENTED_EDGE('',*,*,#1024,.F.);
#1338=ORIENTED_EDGE('',*,*,#1023,.T.);
#1339=ORIENTED_EDGE('',*,*,#1025,.F.);
#1340=ORIENTED_EDGE('',*,*,#1026,.F.);
#1341=ORIENTED_EDGE('',*,*,#1027,.F.);
#1342=ORIENTED_EDGE('',*,*,#1026,.T.);
#1343=ORIENTED_EDGE('',*,*,#1028,.F.);
#1344=ORIENTED_EDGE('',*,*,#1029,.F.);
#1345=ORIENTED_EDGE('',*,*,#1030,.F.);
#1346=ORIENTED_EDGE('',*,*,#1029,.T.);
#1347=ORIENTED_EDGE('',*,*,#1031,.F.);
#1348=ORIENTED_EDGE('',*,*,#1021,.F.);
#1349=ORIENTED_EDGE('',*,*,#1031,.T.);
#1350=ORIENTED_EDGE('',*,*,#1028,.T.);
#1351=ORIENTED_EDGE('',*,*,#1025,.T.);
#1352=ORIENTED_EDGE('',*,*,#1022,.T.);
#1353=ORIENTED_EDGE('',*,*,#1032,.F.);
#1354=ORIENTED_EDGE('',*,*,#1033,.T.);
#1355=ORIENTED_EDGE('',*,*,#1034,.F.);
#1356=ORIENTED_EDGE('',*,*,#1035,.F.);
#1357=ORIENTED_EDGE('',*,*,#1036,.F.);
#1358=ORIENTED_EDGE('',*,*,#1035,.T.);
#1359=ORIENTED_EDGE('',*,*,#1037,.F.);
#1360=ORIENTED_EDGE('',*,*,#1038,.F.);
#1361=ORIENTED_EDGE('',*,*,#1039,.F.);
#1362=ORIENTED_EDGE('',*,*,#1038,.T.);
#1363=ORIENTED_EDGE('',*,*,#1040,.F.);
#1364=ORIENTED_EDGE('',*,*,#1041,.F.);
#1365=ORIENTED_EDGE('',*,*,#1042,.F.);
#1366=ORIENTED_EDGE('',*,*,#1041,.T.);
#1367=ORIENTED_EDGE('',*,*,#1043,.F.);
#1368=ORIENTED_EDGE('',*,*,#1033,.F.);
#1369=ORIENTED_EDGE('',*,*,#1043,.T.);
#1370=ORIENTED_EDGE('',*,*,#1040,.T.);
#1371=ORIENTED_EDGE('',*,*,#1037,.T.);
#1372=ORIENTED_EDGE('',*,*,#1034,.T.);
#1373=ORIENTED_EDGE('',*,*,#1044,.F.);
#1374=ORIENTED_EDGE('',*,*,#1045,.T.);
#1375=ORIENTED_EDGE('',*,*,#1046,.F.);
#1376=ORIENTED_EDGE('',*,*,#1047,.F.);
#1377=ORIENTED_EDGE('',*,*,#1048,.F.);
#1378=ORIENTED_EDGE('',*,*,#1047,.T.);
#1379=ORIENTED_EDGE('',*,*,#1049,.F.);
#1380=ORIENTED_EDGE('',*,*,#1050,.F.);
#1381=ORIENTED_EDGE('',*,*,#1051,.F.);
#1382=ORIENTED_EDGE('',*,*,#1050,.T.);
#1383=ORIENTED_EDGE('',*,*,#1052,.F.);
#1384=ORIENTED_EDGE('',*,*,#1053,.F.);
#1385=ORIENTED_EDGE('',*,*,#1054,.F.);
#1386=ORIENTED_EDGE('',*,*,#1053,.T.);
#1387=ORIENTED_EDGE('',*,*,#1055,.F.);
#1388=ORIENTED_EDGE('',*,*,#1045,.F.);
#1389=ORIENTED_EDGE('',*,*,#1055,.T.);
#1390=ORIENTED_EDGE('',*,*,#1052,.T.);
#1391=ORIENTED_EDGE('',*,*,#1049,.T.);
#1392=ORIENTED_EDGE('',*,*,#1046,.T.);
#1393=ORIENTED_EDGE('',*,*,#1056,.F.);
#1394=ORIENTED_EDGE('',*,*,#1057,.F.);
#1395=ORIENTED_EDGE('',*,*,#1056,.T.);
#1396=ORIENTED_EDGE('',*,*,#1058,.F.);
#1397=ORIENTED_EDGE('',*,*,#1059,.F.);
#1398=ORIENTED_EDGE('',*,*,#1058,.T.);
#1399=ORIENTED_EDGE('',*,*,#1060,.F.);
#1400=ORIENTED_EDGE('',*,*,#1061,.F.);
#1401=ORIENTED_EDGE('',*,*,#1062,.F.);
#1402=ORIENTED_EDGE('',*,*,#1063,.F.);
#1403=ORIENTED_EDGE('',*,*,#1064,.F.);
#1404=ORIENTED_EDGE('',*,*,#1057,.T.);
#1405=ORIENTED_EDGE('',*,*,#1065,.F.);
#1406=ORIENTED_EDGE('',*,*,#1066,.F.);
#1407=ORIENTED_EDGE('',*,*,#1067,.F.);
#1408=ORIENTED_EDGE('',*,*,#1068,.F.);
#1409=ORIENTED_EDGE('',*,*,#1059,.T.);
#1410=ORIENTED_EDGE('',*,*,#1069,.F.);
#1411=ORIENTED_EDGE('',*,*,#1063,.T.);
#1412=ORIENTED_EDGE('',*,*,#1070,.F.);
#1413=ORIENTED_EDGE('',*,*,#1071,.F.);
#1414=ORIENTED_EDGE('',*,*,#1072,.F.);
#1415=ORIENTED_EDGE('',*,*,#1073,.F.);
#1416=ORIENTED_EDGE('',*,*,#1074,.F.);
#1417=ORIENTED_EDGE('',*,*,#1075,.F.);
#1418=ORIENTED_EDGE('',*,*,#1076,.F.);
#1419=ORIENTED_EDGE('',*,*,#1077,.F.);
#1420=ORIENTED_EDGE('',*,*,#912,.T.);
#1421=ORIENTED_EDGE('',*,*,#946,.T.);
#1422=ORIENTED_EDGE('',*,*,#943,.T.);
#1423=ORIENTED_EDGE('',*,*,#940,.T.);
#1424=ORIENTED_EDGE('',*,*,#937,.T.);
#1425=ORIENTED_EDGE('',*,*,#934,.T.);
#1426=ORIENTED_EDGE('',*,*,#931,.T.);
#1427=ORIENTED_EDGE('',*,*,#928,.T.);
#1428=ORIENTED_EDGE('',*,*,#925,.T.);
#1429=ORIENTED_EDGE('',*,*,#922,.T.);
#1430=ORIENTED_EDGE('',*,*,#919,.T.);
#1431=ORIENTED_EDGE('',*,*,#916,.T.);
#1432=ORIENTED_EDGE('',*,*,#948,.T.);
#1433=ORIENTED_EDGE('',*,*,#1006,.T.);
#1434=ORIENTED_EDGE('',*,*,#1003,.T.);
#1435=ORIENTED_EDGE('',*,*,#1000,.T.);
#1436=ORIENTED_EDGE('',*,*,#997,.T.);
#1437=ORIENTED_EDGE('',*,*,#994,.T.);
#1438=ORIENTED_EDGE('',*,*,#991,.T.);
#1439=ORIENTED_EDGE('',*,*,#988,.T.);
#1440=ORIENTED_EDGE('',*,*,#985,.T.);
#1441=ORIENTED_EDGE('',*,*,#982,.T.);
#1442=ORIENTED_EDGE('',*,*,#979,.T.);
#1443=ORIENTED_EDGE('',*,*,#976,.T.);
#1444=ORIENTED_EDGE('',*,*,#973,.T.);
#1445=ORIENTED_EDGE('',*,*,#970,.T.);
#1446=ORIENTED_EDGE('',*,*,#967,.T.);
#1447=ORIENTED_EDGE('',*,*,#964,.T.);
#1448=ORIENTED_EDGE('',*,*,#961,.T.);
#1449=ORIENTED_EDGE('',*,*,#958,.T.);
#1450=ORIENTED_EDGE('',*,*,#955,.T.);
#1451=ORIENTED_EDGE('',*,*,#952,.T.);
#1452=ORIENTED_EDGE('',*,*,#1008,.T.);
#1453=ORIENTED_EDGE('',*,*,#1018,.T.);
#1454=ORIENTED_EDGE('',*,*,#1015,.T.);
#1455=ORIENTED_EDGE('',*,*,#1012,.T.);
#1456=ORIENTED_EDGE('',*,*,#1020,.T.);
#1457=ORIENTED_EDGE('',*,*,#1024,.T.);
#1458=ORIENTED_EDGE('',*,*,#1027,.T.);
#1459=ORIENTED_EDGE('',*,*,#1030,.T.);
#1460=ORIENTED_EDGE('',*,*,#1032,.T.);
#1461=ORIENTED_EDGE('',*,*,#1036,.T.);
#1462=ORIENTED_EDGE('',*,*,#1039,.T.);
#1463=ORIENTED_EDGE('',*,*,#1042,.T.);
#1464=ORIENTED_EDGE('',*,*,#1044,.T.);
#1465=ORIENTED_EDGE('',*,*,#1048,.T.);
#1466=ORIENTED_EDGE('',*,*,#1051,.T.);
#1467=ORIENTED_EDGE('',*,*,#1054,.T.);
#1468=ORIENTED_EDGE('',*,*,#1067,.T.);
#1469=ORIENTED_EDGE('',*,*,#1078,.T.);
#1470=ORIENTED_EDGE('',*,*,#1079,.T.);
#1471=ORIENTED_EDGE('',*,*,#1080,.F.);
#1472=ORIENTED_EDGE('',*,*,#1066,.T.);
#1473=ORIENTED_EDGE('',*,*,#1081,.T.);
#1474=ORIENTED_EDGE('',*,*,#1082,.T.);
#1475=ORIENTED_EDGE('',*,*,#1078,.F.);
#1476=ORIENTED_EDGE('',*,*,#1077,.T.);
#1477=ORIENTED_EDGE('',*,*,#1083,.F.);
#1478=ORIENTED_EDGE('',*,*,#1084,.F.);
#1479=ORIENTED_EDGE('',*,*,#1085,.F.);
#1480=ORIENTED_EDGE('',*,*,#1076,.T.);
#1481=ORIENTED_EDGE('',*,*,#1086,.T.);
#1482=ORIENTED_EDGE('',*,*,#1087,.T.);
#1483=ORIENTED_EDGE('',*,*,#1083,.T.);
#1484=ORIENTED_EDGE('',*,*,#1075,.T.);
#1485=ORIENTED_EDGE('',*,*,#1088,.F.);
#1486=ORIENTED_EDGE('',*,*,#1089,.F.);
#1487=ORIENTED_EDGE('',*,*,#1086,.F.);
#1488=ORIENTED_EDGE('',*,*,#1074,.T.);
#1489=ORIENTED_EDGE('',*,*,#1090,.T.);
#1490=ORIENTED_EDGE('',*,*,#1091,.T.);
#1491=ORIENTED_EDGE('',*,*,#1088,.T.);
#1492=ORIENTED_EDGE('',*,*,#1073,.T.);
#1493=ORIENTED_EDGE('',*,*,#1092,.F.);
#1494=ORIENTED_EDGE('',*,*,#1093,.F.);
#1495=ORIENTED_EDGE('',*,*,#1090,.F.);
#1496=ORIENTED_EDGE('',*,*,#1072,.T.);
#1497=ORIENTED_EDGE('',*,*,#1094,.T.);
#1498=ORIENTED_EDGE('',*,*,#1095,.T.);
#1499=ORIENTED_EDGE('',*,*,#1092,.T.);
#1500=ORIENTED_EDGE('',*,*,#1096,.T.);
#1501=ORIENTED_EDGE('',*,*,#1097,.T.);
#1502=ORIENTED_EDGE('',*,*,#1098,.T.);
#1503=ORIENTED_EDGE('',*,*,#1099,.T.);
#1504=ORIENTED_EDGE('',*,*,#1100,.T.);
#1505=ORIENTED_EDGE('',*,*,#1101,.T.);
#1506=ORIENTED_EDGE('',*,*,#1098,.F.);
#1507=ORIENTED_EDGE('',*,*,#1100,.F.);
#1508=ORIENTED_EDGE('',*,*,#1102,.T.);
#1509=ORIENTED_EDGE('',*,*,#1103,.F.);
#1510=ORIENTED_EDGE('',*,*,#1104,.T.);
#1511=ORIENTED_EDGE('',*,*,#1097,.F.);
#1512=ORIENTED_EDGE('',*,*,#1105,.F.);
#1513=ORIENTED_EDGE('',*,*,#1106,.F.);
#1514=ORIENTED_EDGE('',*,*,#1102,.F.);
#1515=ORIENTED_EDGE('',*,*,#1096,.F.);
#1516=ORIENTED_EDGE('',*,*,#1107,.T.);
#1517=ORIENTED_EDGE('',*,*,#1108,.F.);
#1518=ORIENTED_EDGE('',*,*,#1109,.T.);
#1519=ORIENTED_EDGE('',*,*,#1110,.F.);
#1520=ORIENTED_EDGE('',*,*,#1111,.T.);
#1521=ORIENTED_EDGE('',*,*,#1112,.F.);
#1522=ORIENTED_EDGE('',*,*,#1105,.T.);
#1523=ORIENTED_EDGE('',*,*,#1084,.T.);
#1524=ORIENTED_EDGE('',*,*,#1087,.F.);
#1525=ORIENTED_EDGE('',*,*,#1089,.T.);
#1526=ORIENTED_EDGE('',*,*,#1091,.F.);
#1527=ORIENTED_EDGE('',*,*,#1093,.T.);
#1528=ORIENTED_EDGE('',*,*,#1095,.F.);
#1529=ORIENTED_EDGE('',*,*,#1113,.T.);
#1530=ORIENTED_EDGE('',*,*,#1114,.F.);
#1531=ORIENTED_EDGE('',*,*,#1115,.T.);
#1532=ORIENTED_EDGE('',*,*,#1116,.T.);
#1533=ORIENTED_EDGE('',*,*,#1112,.T.);
#1534=ORIENTED_EDGE('',*,*,#1117,.T.);
#1535=ORIENTED_EDGE('',*,*,#1118,.T.);
#1536=ORIENTED_EDGE('',*,*,#1106,.T.);
#1537=ORIENTED_EDGE('',*,*,#1119,.T.);
#1538=ORIENTED_EDGE('',*,*,#1103,.T.);
#1539=ORIENTED_EDGE('',*,*,#1118,.F.);
#1540=ORIENTED_EDGE('',*,*,#1119,.F.);
#1541=ORIENTED_EDGE('',*,*,#1120,.T.);
#1542=ORIENTED_EDGE('',*,*,#1121,.F.);
#1543=ORIENTED_EDGE('',*,*,#1122,.T.);
#1544=ORIENTED_EDGE('',*,*,#1117,.F.);
#1545=ORIENTED_EDGE('',*,*,#1111,.F.);
#1546=ORIENTED_EDGE('',*,*,#1123,.F.);
#1547=ORIENTED_EDGE('',*,*,#1120,.F.);
#1548=ORIENTED_EDGE('',*,*,#1110,.T.);
#1549=ORIENTED_EDGE('',*,*,#1124,.T.);
#1550=ORIENTED_EDGE('',*,*,#1125,.T.);
#1551=ORIENTED_EDGE('',*,*,#1123,.T.);
#1552=ORIENTED_EDGE('',*,*,#1126,.T.);
#1553=ORIENTED_EDGE('',*,*,#1121,.T.);
#1554=ORIENTED_EDGE('',*,*,#1125,.F.);
#1555=ORIENTED_EDGE('',*,*,#1126,.F.);
#1556=ORIENTED_EDGE('',*,*,#1127,.T.);
#1557=ORIENTED_EDGE('',*,*,#1128,.F.);
#1558=ORIENTED_EDGE('',*,*,#1129,.F.);
#1559=ORIENTED_EDGE('',*,*,#1130,.T.);
#1560=ORIENTED_EDGE('',*,*,#1124,.F.);
#1561=ORIENTED_EDGE('',*,*,#1109,.F.);
#1562=ORIENTED_EDGE('',*,*,#1131,.F.);
#1563=ORIENTED_EDGE('',*,*,#1127,.F.);
#1564=ORIENTED_EDGE('',*,*,#1108,.T.);
#1565=ORIENTED_EDGE('',*,*,#1132,.T.);
#1566=ORIENTED_EDGE('',*,*,#1133,.T.);
#1567=ORIENTED_EDGE('',*,*,#1131,.T.);
#1568=ORIENTED_EDGE('',*,*,#1133,.F.);
#1569=ORIENTED_EDGE('',*,*,#1134,.T.);
#1570=ORIENTED_EDGE('',*,*,#1135,.T.);
#1571=ORIENTED_EDGE('',*,*,#1129,.T.);
#1572=ORIENTED_EDGE('',*,*,#1128,.T.);
#1573=ORIENTED_EDGE('',*,*,#1099,.F.);
#1574=ORIENTED_EDGE('',*,*,#1136,.F.);
#1575=ORIENTED_EDGE('',*,*,#1132,.F.);
#1576=ORIENTED_EDGE('',*,*,#1107,.F.);
#1577=ORIENTED_EDGE('',*,*,#1101,.F.);
#1578=ORIENTED_EDGE('',*,*,#1137,.T.);
#1579=ORIENTED_EDGE('',*,*,#1135,.F.);
#1580=ORIENTED_EDGE('',*,*,#1134,.F.);
#1581=ORIENTED_EDGE('',*,*,#1136,.T.);
#1582=ORIENTED_EDGE('',*,*,#1137,.F.);
#1583=ORIENTED_EDGE('',*,*,#1104,.F.);
#1584=ORIENTED_EDGE('',*,*,#1122,.F.);
#1585=ORIENTED_EDGE('',*,*,#1130,.F.);
#1586=ORIENTED_EDGE('',*,*,#1138,.T.);
#1587=ORIENTED_EDGE('',*,*,#1139,.T.);
#1588=ORIENTED_EDGE('',*,*,#1071,.T.);
#1589=ORIENTED_EDGE('',*,*,#1140,.F.);
#1590=ORIENTED_EDGE('',*,*,#1113,.F.);
#1591=ORIENTED_EDGE('',*,*,#1094,.F.);
#1592=ORIENTED_EDGE('',*,*,#1069,.T.);
#1593=ORIENTED_EDGE('',*,*,#1085,.T.);
#1594=ORIENTED_EDGE('',*,*,#1116,.F.);
#1595=ORIENTED_EDGE('',*,*,#1141,.T.);
#1596=ORIENTED_EDGE('',*,*,#1142,.F.);
#1597=ORIENTED_EDGE('',*,*,#1060,.T.);
#1598=ORIENTED_EDGE('',*,*,#1065,.T.);
#1599=ORIENTED_EDGE('',*,*,#1143,.T.);
#1600=ORIENTED_EDGE('',*,*,#1144,.T.);
#1601=ORIENTED_EDGE('',*,*,#1081,.F.);
#1602=ORIENTED_EDGE('',*,*,#1068,.T.);
#1603=ORIENTED_EDGE('',*,*,#1080,.T.);
#1604=ORIENTED_EDGE('',*,*,#1145,.T.);
#1605=ORIENTED_EDGE('',*,*,#1143,.F.);
#1606=ORIENTED_EDGE('',*,*,#1146,.T.);
#1607=ORIENTED_EDGE('',*,*,#1147,.T.);
#1608=ORIENTED_EDGE('',*,*,#1138,.F.);
#1609=ORIENTED_EDGE('',*,*,#1146,.F.);
#1610=ORIENTED_EDGE('',*,*,#1082,.F.);
#1611=ORIENTED_EDGE('',*,*,#1144,.F.);
#1612=ORIENTED_EDGE('',*,*,#1145,.F.);
#1613=ORIENTED_EDGE('',*,*,#1079,.F.);
#1614=ORIENTED_EDGE('',*,*,#1147,.F.);
#1615=ORIENTED_EDGE('',*,*,#1064,.T.);
#1616=ORIENTED_EDGE('',*,*,#1148,.T.);
#1617=ORIENTED_EDGE('',*,*,#1148,.F.);
#1618=ORIENTED_EDGE('',*,*,#1149,.F.);
#1619=ORIENTED_EDGE('',*,*,#1062,.T.);
#1620=ORIENTED_EDGE('',*,*,#1150,.T.);
#1621=ORIENTED_EDGE('',*,*,#1151,.F.);
#1622=ORIENTED_EDGE('',*,*,#1114,.T.);
#1623=ORIENTED_EDGE('',*,*,#1140,.T.);
#1624=ORIENTED_EDGE('',*,*,#1070,.T.);
#1625=ORIENTED_EDGE('',*,*,#1061,.T.);
#1626=ORIENTED_EDGE('',*,*,#1142,.T.);
#1627=ORIENTED_EDGE('',*,*,#1152,.F.);
#1628=ORIENTED_EDGE('',*,*,#1150,.F.);
#1629=ORIENTED_EDGE('',*,*,#1115,.F.);
#1630=ORIENTED_EDGE('',*,*,#1151,.T.);
#1631=ORIENTED_EDGE('',*,*,#1152,.T.);
#1632=ORIENTED_EDGE('',*,*,#1141,.F.);
#1633=ORIENTED_EDGE('',*,*,#1149,.T.);
#1634=ORIENTED_EDGE('',*,*,#1139,.F.);
#1635=PLANE('',#1805);
#1636=PLANE('',#1806);
#1637=PLANE('',#1807);
#1638=PLANE('',#1808);
#1639=PLANE('',#1809);
#1640=PLANE('',#1810);
#1641=PLANE('',#1811);
#1642=PLANE('',#1812);
#1643=PLANE('',#1813);
#1644=PLANE('',#1814);
#1645=PLANE('',#1815);
#1646=PLANE('',#1816);
#1647=PLANE('',#1817);
#1648=PLANE('',#1818);
#1649=PLANE('',#1819);
#1650=PLANE('',#1820);
#1651=PLANE('',#1821);
#1652=PLANE('',#1822);
#1653=PLANE('',#1823);
#1654=PLANE('',#1824);
#1655=PLANE('',#1825);
#1656=PLANE('',#1826);
#1657=PLANE('',#1827);
#1658=PLANE('',#1828);
#1659=PLANE('',#1829);
#1660=PLANE('',#1830);
#1661=PLANE('',#1831);
#1662=PLANE('',#1832);
#1663=PLANE('',#1833);
#1664=PLANE('',#1834);
#1665=PLANE('',#1835);
#1666=PLANE('',#1836);
#1667=PLANE('',#1837);
#1668=PLANE('',#1838);
#1669=PLANE('',#1839);
#1670=PLANE('',#1840);
#1671=PLANE('',#1841);
#1672=PLANE('',#1842);
#1673=PLANE('',#1846);
#1674=PLANE('',#1850);
#1675=PLANE('',#1851);
#1676=PLANE('',#1852);
#1677=PLANE('',#1854);
#1678=PLANE('',#1855);
#1679=PLANE('',#1861);
#1680=PLANE('',#1862);
#1681=PLANE('',#1863);
#1682=PLANE('',#1866);
#1683=PLANE('',#1869);
#1684=PLANE('',#1876);
#1685=PLANE('',#1877);
#1686=PLANE('',#1886);
#1687=PLANE('',#1890);
#1688=PLANE('',#1893);
#1689=PLANE('',#1895);
#1690=PLANE('',#1898);
#1691=PLANE('',#1901);
#1692=PLANE('',#1902);
#1693=PLANE('',#1907);
#1694=PLANE('',#1910);
#1695=PLANE('',#1915);
#1696=ADVANCED_FACE('',(#194),#1635,.F.);
#1697=ADVANCED_FACE('',(#195),#1636,.F.);
#1698=ADVANCED_FACE('',(#196),#1637,.F.);
#1699=ADVANCED_FACE('',(#197),#1638,.F.);
#1700=ADVANCED_FACE('',(#198),#1639,.F.);
#1701=ADVANCED_FACE('',(#199),#1640,.F.);
#1702=ADVANCED_FACE('',(#200),#1641,.F.);
#1703=ADVANCED_FACE('',(#201),#1642,.F.);
#1704=ADVANCED_FACE('',(#202),#1643,.F.);
#1705=ADVANCED_FACE('',(#203),#1644,.F.);
#1706=ADVANCED_FACE('',(#204),#1645,.F.);
#1707=ADVANCED_FACE('',(#205),#1646,.F.);
#1708=ADVANCED_FACE('',(#206),#1647,.F.);
#1709=ADVANCED_FACE('',(#207),#174,.F.);
#1710=ADVANCED_FACE('',(#208),#175,.F.);
#1711=ADVANCED_FACE('',(#209),#176,.F.);
#1712=ADVANCED_FACE('',(#210),#177,.F.);
#1713=ADVANCED_FACE('',(#211),#178,.F.);
#1714=ADVANCED_FACE('',(#212),#179,.F.);
#1715=ADVANCED_FACE('',(#213),#180,.F.);
#1716=ADVANCED_FACE('',(#214),#1648,.F.);
#1717=ADVANCED_FACE('',(#215),#1649,.F.);
#1718=ADVANCED_FACE('',(#216),#181,.F.);
#1719=ADVANCED_FACE('',(#217),#182,.F.);
#1720=ADVANCED_FACE('',(#218),#183,.F.);
#1721=ADVANCED_FACE('',(#219),#184,.F.);
#1722=ADVANCED_FACE('',(#220),#185,.F.);
#1723=ADVANCED_FACE('',(#221),#186,.F.);
#1724=ADVANCED_FACE('',(#222),#187,.F.);
#1725=ADVANCED_FACE('',(#223),#188,.F.);
#1726=ADVANCED_FACE('',(#224),#1650,.F.);
#1727=ADVANCED_FACE('',(#225),#1651,.F.);
#1728=ADVANCED_FACE('',(#226),#189,.F.);
#1729=ADVANCED_FACE('',(#227),#1652,.F.);
#1730=ADVANCED_FACE('',(#228),#1653,.F.);
#1731=ADVANCED_FACE('',(#229),#1654,.F.);
#1732=ADVANCED_FACE('',(#230),#1655,.F.);
#1733=ADVANCED_FACE('',(#231),#1656,.F.);
#1734=ADVANCED_FACE('',(#232),#1657,.F.);
#1735=ADVANCED_FACE('',(#233),#1658,.T.);
#1736=ADVANCED_FACE('',(#234),#1659,.T.);
#1737=ADVANCED_FACE('',(#235),#1660,.T.);
#1738=ADVANCED_FACE('',(#236),#1661,.T.);
#1739=ADVANCED_FACE('',(#237),#1662,.T.);
#1740=ADVANCED_FACE('',(#238),#1663,.T.);
#1741=ADVANCED_FACE('',(#239),#1664,.T.);
#1742=ADVANCED_FACE('',(#240),#1665,.T.);
#1743=ADVANCED_FACE('',(#241),#1666,.T.);
#1744=ADVANCED_FACE('',(#242),#1667,.T.);
#1745=ADVANCED_FACE('',(#243),#1668,.T.);
#1746=ADVANCED_FACE('',(#244),#1669,.T.);
#1747=ADVANCED_FACE('',(#245),#1670,.T.);
#1748=ADVANCED_FACE('',(#246),#1671,.T.);
#1749=ADVANCED_FACE('',(#247),#1672,.T.);
#1750=ADVANCED_FACE('',(#248,#32),#80,.F.);
#1751=ADVANCED_FACE('',(#249),#1673,.T.);
#1752=ADVANCED_FACE('',(#250,#33),#81,.F.);
#1753=ADVANCED_FACE('',(#251),#1674,.T.);
#1754=ADVANCED_FACE('',(#252),#1675,.T.);
#1755=ADVANCED_FACE('',(#253,#34),#1676,.T.);
#1756=ADVANCED_FACE('',(#254,#35),#1677,.T.);
#1757=ADVANCED_FACE('',(#255,#36,#37,#38,#39,#40,#41),#1678,.T.);
#1758=ADVANCED_FACE('',(#256),#1679,.F.);
#1759=ADVANCED_FACE('',(#257),#1680,.F.);
#1760=ADVANCED_FACE('',(#258),#1681,.F.);
#1761=ADVANCED_FACE('',(#259),#16,.F.);
#1762=ADVANCED_FACE('',(#260),#1682,.F.);
#1763=ADVANCED_FACE('',(#261),#17,.F.);
#1764=ADVANCED_FACE('',(#262),#1683,.F.);
#1765=ADVANCED_FACE('',(#263),#18,.F.);
#1766=ADVANCED_FACE('',(#264),#19,.T.);
#1767=ADVANCED_FACE('',(#265),#190,.F.);
#1768=ADVANCED_FACE('',(#266),#20,.T.);
#1769=ADVANCED_FACE('',(#267),#1684,.T.);
#1770=ADVANCED_FACE('',(#268,#42),#1685,.F.);
#1771=ADVANCED_FACE('',(#269),#21,.T.);
#1772=ADVANCED_FACE('',(#270),#191,.F.);
#1773=ADVANCED_FACE('',(#271),#22,.T.);
#1774=ADVANCED_FACE('',(#272),#1686,.T.);
#1775=ADVANCED_FACE('',(#273),#23,.T.);
#1776=ADVANCED_FACE('',(#274),#192,.F.);
#1777=ADVANCED_FACE('',(#275),#24,.T.);
#1778=ADVANCED_FACE('',(#276),#1687,.T.);
#1779=ADVANCED_FACE('',(#277),#25,.T.);
#1780=ADVANCED_FACE('',(#278),#193,.F.);
#1781=ADVANCED_FACE('',(#279),#1688,.T.);
#1782=ADVANCED_FACE('',(#280),#26,.T.);
#1783=ADVANCED_FACE('',(#281,#43,#44),#1689,.T.);
#1784=ADVANCED_FACE('',(#282),#1690,.F.);
#1785=ADVANCED_FACE('',(#283),#27,.T.);
#1786=ADVANCED_FACE('',(#284),#1691,.F.);
#1787=ADVANCED_FACE('',(#285),#1692,.F.);
#1788=ADVANCED_FACE('',(#286,#45),#82,.F.);
#1789=ADVANCED_FACE('',(#287,#46),#28,.F.);
#1790=ADVANCED_FACE('',(#288,#47),#1693,.F.);
#1791=ADVANCED_FACE('',(#289,#48),#83,.F.);
#1792=ADVANCED_FACE('',(#290,#49),#1694,.F.);
#1793=ADVANCED_FACE('',(#291),#29,.T.);
#1794=ADVANCED_FACE('',(#292),#30,.T.);
#1795=ADVANCED_FACE('',(#293),#1695,.F.);
#1796=ADVANCED_FACE('',(#294,#50),#31,.F.);
#1797=CLOSED_SHELL('',(#1696,#1697,#1698,#1699,#1700,#1701,#1702,#1703,
#1704,#1705,#1706,#1707,#1708,#1709,#1710,#1711,#1712,#1713,#1714,#1715,
#1716,#1717,#1718,#1719,#1720,#1721,#1722,#1723,#1724,#1725,#1726,#1727,
#1728,#1729,#1730,#1731,#1732,#1733,#1734,#1735,#1736,#1737,#1738,#1739,
#1740,#1741,#1742,#1743,#1744,#1745,#1746,#1747,#1748,#1749,#1750,#1751,
#1752,#1753,#1754,#1755,#1756,#1757,#1758,#1759,#1760,#1761,#1762,#1763,
#1764,#1765,#1766,#1767,#1768,#1769,#1770,#1771,#1772,#1773,#1774,#1775,
#1776,#1777,#1778,#1779,#1780,#1781,#1782,#1783,#1784,#1785,#1786,#1787,
#1788,#1789,#1790,#1791,#1792,#1793,#1794,#1795,#1796));
#1798=DATE_TIME_ROLE('creation_date');
#1799=APPLIED_DATE_AND_TIME_ASSIGNMENT(#1800,#1798,(#3276));
#1800=DATE_AND_TIME(#1801,#1802);
#1801=CALENDAR_DATE(2019,27,9);
#1802=LOCAL_TIME(12,31,4.,#1803);
#1803=COORDINATED_UNIVERSAL_TIME_OFFSET(0,0,.BEHIND.);
#1804=AXIS2_PLACEMENT_3D('placement',#2311,#1917,#1918);
#1805=AXIS2_PLACEMENT_3D('',#2312,#1919,#1920);
#1806=AXIS2_PLACEMENT_3D('',#2321,#1925,#1926);
#1807=AXIS2_PLACEMENT_3D('',#2327,#1930,#1931);
#1808=AXIS2_PLACEMENT_3D('',#2333,#1935,#1936);
#1809=AXIS2_PLACEMENT_3D('',#2339,#1940,#1941);
#1810=AXIS2_PLACEMENT_3D('',#2345,#1945,#1946);
#1811=AXIS2_PLACEMENT_3D('',#2351,#1950,#1951);
#1812=AXIS2_PLACEMENT_3D('',#2357,#1955,#1956);
#1813=AXIS2_PLACEMENT_3D('',#2363,#1960,#1961);
#1814=AXIS2_PLACEMENT_3D('',#2369,#1965,#1966);
#1815=AXIS2_PLACEMENT_3D('',#2375,#1970,#1971);
#1816=AXIS2_PLACEMENT_3D('',#2381,#1975,#1976);
#1817=AXIS2_PLACEMENT_3D('',#2384,#1979,#1980);
#1818=AXIS2_PLACEMENT_3D('',#2521,#1989,#1990);
#1819=AXIS2_PLACEMENT_3D('',#2527,#1994,#1995);
#1820=AXIS2_PLACEMENT_3D('',#2685,#2007,#2008);
#1821=AXIS2_PLACEMENT_3D('',#2691,#2012,#2013);
#1822=AXIS2_PLACEMENT_3D('',#2713,#2017,#2018);
#1823=AXIS2_PLACEMENT_3D('',#2714,#2019,#2020);
#1824=AXIS2_PLACEMENT_3D('',#2723,#2025,#2026);
#1825=AXIS2_PLACEMENT_3D('',#2729,#2030,#2031);
#1826=AXIS2_PLACEMENT_3D('',#2735,#2035,#2036);
#1827=AXIS2_PLACEMENT_3D('',#2738,#2039,#2040);
#1828=AXIS2_PLACEMENT_3D('',#2739,#2041,#2042);
#1829=AXIS2_PLACEMENT_3D('',#2748,#2047,#2048);
#1830=AXIS2_PLACEMENT_3D('',#2754,#2052,#2053);
#1831=AXIS2_PLACEMENT_3D('',#2760,#2057,#2058);
#1832=AXIS2_PLACEMENT_3D('',#2763,#2061,#2062);
#1833=AXIS2_PLACEMENT_3D('',#2764,#2063,#2064);
#1834=AXIS2_PLACEMENT_3D('',#2773,#2069,#2070);
#1835=AXIS2_PLACEMENT_3D('',#2779,#2074,#2075);
#1836=AXIS2_PLACEMENT_3D('',#2785,#2079,#2080);
#1837=AXIS2_PLACEMENT_3D('',#2788,#2083,#2084);
#1838=AXIS2_PLACEMENT_3D('',#2789,#2085,#2086);
#1839=AXIS2_PLACEMENT_3D('',#2798,#2091,#2092);
#1840=AXIS2_PLACEMENT_3D('',#2804,#2096,#2097);
#1841=AXIS2_PLACEMENT_3D('',#2810,#2101,#2102);
#1842=AXIS2_PLACEMENT_3D('',#2813,#2105,#2106);
#1843=AXIS2_PLACEMENT_3D('',#2814,#2107,#2108);
#1844=AXIS2_PLACEMENT_3D('',#2816,#2109,#2110);
#1845=AXIS2_PLACEMENT_3D('',#2818,#2111,#2112);
#1846=AXIS2_PLACEMENT_3D('',#2819,#2113,#2114);
#1847=AXIS2_PLACEMENT_3D('',#2820,#2115,#2116);
#1848=AXIS2_PLACEMENT_3D('',#2822,#2117,#2118);
#1849=AXIS2_PLACEMENT_3D('',#2824,#2119,#2120);
#1850=AXIS2_PLACEMENT_3D('',#2825,#2121,#2122);
#1851=AXIS2_PLACEMENT_3D('',#2826,#2123,#2124);
#1852=AXIS2_PLACEMENT_3D('',#2835,#2129,#2130);
#1853=AXIS2_PLACEMENT_3D('',#2837,#2131,#2132);
#1854=AXIS2_PLACEMENT_3D('',#2838,#2133,#2134);
#1855=AXIS2_PLACEMENT_3D('',#2847,#2139,#2140);
#1856=AXIS2_PLACEMENT_3D('',#2849,#2141,#2142);
#1857=AXIS2_PLACEMENT_3D('',#2851,#2143,#2144);
#1858=AXIS2_PLACEMENT_3D('',#2855,#2146,#2147);
#1859=AXIS2_PLACEMENT_3D('',#2859,#2149,#2150);
#1860=AXIS2_PLACEMENT_3D('',#2863,#2152,#2153);
#1861=AXIS2_PLACEMENT_3D('',#2865,#2155,#2156);
#1862=AXIS2_PLACEMENT_3D('',#2871,#2160,#2161);
#1863=AXIS2_PLACEMENT_3D('',#2875,#2164,#2165);
#1864=AXIS2_PLACEMENT_3D('',#2881,#2169,#2170);
#1865=AXIS2_PLACEMENT_3D('',#2884,#2172,#2173);
#1866=AXIS2_PLACEMENT_3D('',#2885,#2174,#2175);
#1867=AXIS2_PLACEMENT_3D('',#2889,#2178,#2179);
#1868=AXIS2_PLACEMENT_3D('',#2892,#2181,#2182);
#1869=AXIS2_PLACEMENT_3D('',#2893,#2183,#2184);
#1870=AXIS2_PLACEMENT_3D('',#2897,#2187,#2188);
#1871=AXIS2_PLACEMENT_3D('',#2900,#2190,#2191);
#1872=AXIS2_PLACEMENT_3D('',#2901,#2192,#2193);
#1873=AXIS2_PLACEMENT_3D('',#2904,#2194,#2195);
#1874=AXIS2_PLACEMENT_3D('',#2908,#2197,#2198);
#1875=AXIS2_PLACEMENT_3D('',#2974,#2200,#2201);
#1876=AXIS2_PLACEMENT_3D('',#2988,#2204,#2205);
#1877=AXIS2_PLACEMENT_3D('',#2992,#2208,#2209);
#1878=AXIS2_PLACEMENT_3D('',#2996,#2211,#2212);
#1879=AXIS2_PLACEMENT_3D('',#3000,#2214,#2215);
#1880=AXIS2_PLACEMENT_3D('',#3003,#2217,#2218);
#1881=AXIS2_PLACEMENT_3D('',#3007,#2220,#2221);
#1882=AXIS2_PLACEMENT_3D('',#3010,#2223,#2224);
#1883=AXIS2_PLACEMENT_3D('',#3011,#2225,#2226);
#1884=AXIS2_PLACEMENT_3D('',#3014,#2228,#2229);
#1885=AXIS2_PLACEMENT_3D('',#3069,#2230,#2231);
#1886=AXIS2_PLACEMENT_3D('',#3083,#2234,#2235);
#1887=AXIS2_PLACEMENT_3D('',#3085,#2237,#2238);
#1888=AXIS2_PLACEMENT_3D('',#3088,#2240,#2241);
#1889=AXIS2_PLACEMENT_3D('',#3143,#2242,#2243);
#1890=AXIS2_PLACEMENT_3D('',#3161,#2246,#2247);
#1891=AXIS2_PLACEMENT_3D('',#3163,#2249,#2250);
#1892=AXIS2_PLACEMENT_3D('',#3166,#2252,#2253);
#1893=AXIS2_PLACEMENT_3D('',#3220,#2254,#2255);
#1894=AXIS2_PLACEMENT_3D('',#3222,#2257,#2258);
#1895=AXIS2_PLACEMENT_3D('',#3224,#2260,#2261);
#1896=AXIS2_PLACEMENT_3D('',#3226,#2262,#2263);
#1897=AXIS2_PLACEMENT_3D('',#3228,#2264,#2265);
#1898=AXIS2_PLACEMENT_3D('',#3229,#2266,#2267);
#1899=AXIS2_PLACEMENT_3D('',#3231,#2269,#2270);
#1900=AXIS2_PLACEMENT_3D('',#3234,#2272,#2273);
#1901=AXIS2_PLACEMENT_3D('',#3235,#2274,#2275);
#1902=AXIS2_PLACEMENT_3D('',#3239,#2278,#2279);
#1903=AXIS2_PLACEMENT_3D('',#3241,#2281,#2282);
#1904=AXIS2_PLACEMENT_3D('',#3243,#2283,#2284);
#1905=AXIS2_PLACEMENT_3D('',#3245,#2285,#2286);
#1906=AXIS2_PLACEMENT_3D('',#3246,#2287,#2288);
#1907=AXIS2_PLACEMENT_3D('',#3247,#2289,#2290);
#1908=AXIS2_PLACEMENT_3D('',#3248,#2291,#2292);
#1909=AXIS2_PLACEMENT_3D('',#3250,#2293,#2294);
#1910=AXIS2_PLACEMENT_3D('',#3251,#2295,#2296);
#1911=AXIS2_PLACEMENT_3D('',#3253,#2297,#2298);
#1912=AXIS2_PLACEMENT_3D('',#3254,#2299,#2300);
#1913=AXIS2_PLACEMENT_3D('',#3256,#2301,#2302);
#1914=AXIS2_PLACEMENT_3D('',#3258,#2304,#2305);
#1915=AXIS2_PLACEMENT_3D('',#3260,#2307,#2308);
#1916=AXIS2_PLACEMENT_3D('',#3261,#2309,#2310);
#1917=DIRECTION('axis',(0.,0.,1.));
#1918=DIRECTION('refdir',(1.,0.,0.));
#1919=DIRECTION('center_axis',(1.,0.,0.));
#1920=DIRECTION('ref_axis',(0.,1.,0.));
#1921=DIRECTION('',(0.,1.,0.));
#1922=DIRECTION('',(0.,0.,1.));
#1923=DIRECTION('',(0.,1.,0.));
#1924=DIRECTION('',(0.,0.,1.));
#1925=DIRECTION('center_axis',(0.,-1.,0.));
#1926=DIRECTION('ref_axis',(1.,0.,0.));
#1927=DIRECTION('',(1.,0.,0.));
#1928=DIRECTION('',(0.,0.,1.));
#1929=DIRECTION('',(1.,0.,0.));
#1930=DIRECTION('center_axis',(1.,0.,0.));
#1931=DIRECTION('ref_axis',(0.,1.,0.));
#1932=DIRECTION('',(0.,1.,0.));
#1933=DIRECTION('',(0.,0.,1.));
#1934=DIRECTION('',(0.,1.,0.));
#1935=DIRECTION('center_axis',(0.,-1.,0.));
#1936=DIRECTION('ref_axis',(1.,0.,0.));
#1937=DIRECTION('',(1.,0.,0.));
#1938=DIRECTION('',(0.,0.,1.));
#1939=DIRECTION('',(1.,0.,0.));
#1940=DIRECTION('center_axis',(-1.,0.,0.));
#1941=DIRECTION('ref_axis',(0.,-1.,0.));
#1942=DIRECTION('',(0.,-1.,0.));
#1943=DIRECTION('',(0.,0.,1.));
#1944=DIRECTION('',(0.,-1.,0.));
#1945=DIRECTION('center_axis',(0.,-1.,0.));
#1946=DIRECTION('ref_axis',(1.,0.,0.));
#1947=DIRECTION('',(1.,0.,0.));
#1948=DIRECTION('',(0.,0.,1.));
#1949=DIRECTION('',(1.,0.,0.));
#1950=DIRECTION('center_axis',(-1.,0.,0.));
#1951=DIRECTION('ref_axis',(0.,-1.,0.));
#1952=DIRECTION('',(0.,-1.,0.));
#1953=DIRECTION('',(0.,0.,1.));
#1954=DIRECTION('',(0.,-1.,0.));
#1955=DIRECTION('center_axis',(-4.09693538269325E-16,1.,0.));
#1956=DIRECTION('ref_axis',(-1.,-3.99680288865056E-16,0.));
#1957=DIRECTION('',(-1.,-4.09693538269325E-16,0.));
#1958=DIRECTION('',(0.,0.,1.));
#1959=DIRECTION('',(-1.,-4.09693538269325E-16,0.));
#1960=DIRECTION('center_axis',(-1.,0.,0.));
#1961=DIRECTION('ref_axis',(0.,-1.,0.));
#1962=DIRECTION('',(0.,-1.,0.));
#1963=DIRECTION('',(0.,0.,1.));
#1964=DIRECTION('',(0.,-1.,0.));
#1965=DIRECTION('center_axis',(0.,1.,0.));
#1966=DIRECTION('ref_axis',(-1.,0.,0.));
#1967=DIRECTION('',(-1.,0.,0.));
#1968=DIRECTION('',(0.,0.,1.));
#1969=DIRECTION('',(-1.,0.,0.));
#1970=DIRECTION('center_axis',(1.,0.,0.));
#1971=DIRECTION('ref_axis',(0.,1.,0.));
#1972=DIRECTION('',(0.,1.,0.));
#1973=DIRECTION('',(0.,0.,1.));
#1974=DIRECTION('',(0.,1.,0.));
#1975=DIRECTION('center_axis',(-4.09693538269326E-16,1.,0.));
#1976=DIRECTION('ref_axis',(-1.,-3.99680288865056E-16,0.));
#1977=DIRECTION('',(-1.,-4.09693538269326E-16,0.));
#1978=DIRECTION('',(-1.,-4.09693538269326E-16,0.));
#1979=DIRECTION('center_axis',(0.,0.,1.));
#1980=DIRECTION('ref_axis',(1.,0.,0.));
#1981=DIRECTION('',(0.,0.,1.));
#1982=DIRECTION('',(0.,0.,1.));
#1983=DIRECTION('',(0.,0.,1.));
#1984=DIRECTION('',(0.,0.,1.));
#1985=DIRECTION('',(0.,0.,1.));
#1986=DIRECTION('',(0.,0.,1.));
#1987=DIRECTION('',(0.,0.,1.));
#1988=DIRECTION('',(0.,0.,1.));
#1989=DIRECTION('center_axis',(0.,1.,0.));
#1990=DIRECTION('ref_axis',(-1.,0.,0.));
#1991=DIRECTION('',(-1.,0.,0.));
#1992=DIRECTION('',(0.,0.,1.));
#1993=DIRECTION('',(-1.,0.,0.));
#1994=DIRECTION('center_axis',(1.,0.,0.));
#1995=DIRECTION('ref_axis',(0.,1.,0.));
#1996=DIRECTION('',(0.,1.,0.));
#1997=DIRECTION('',(0.,0.,1.));
#1998=DIRECTION('',(0.,1.,0.));
#1999=DIRECTION('',(0.,0.,1.));
#2000=DIRECTION('',(0.,0.,1.));
#2001=DIRECTION('',(0.,0.,1.));
#2002=DIRECTION('',(0.,0.,1.));
#2003=DIRECTION('',(0.,0.,1.));
#2004=DIRECTION('',(0.,0.,1.));
#2005=DIRECTION('',(0.,0.,1.));
#2006=DIRECTION('',(0.,0.,1.));
#2007=DIRECTION('center_axis',(0.,-1.,0.));
#2008=DIRECTION('ref_axis',(1.,0.,0.));
#2009=DIRECTION('',(1.,0.,0.));
#2010=DIRECTION('',(0.,0.,1.));
#2011=DIRECTION('',(1.,0.,0.));
#2012=DIRECTION('center_axis',(-1.,0.,0.));
#2013=DIRECTION('ref_axis',(0.,-1.,0.));
#2014=DIRECTION('',(0.,-1.,0.));
#2015=DIRECTION('',(0.,0.,1.));
#2016=DIRECTION('',(0.,-1.,0.));
#2017=DIRECTION('center_axis',(0.,0.,1.));
#2018=DIRECTION('ref_axis',(1.,0.,0.));
#2019=DIRECTION('center_axis',(1.,0.,0.));
#2020=DIRECTION('ref_axis',(0.,1.,0.));
#2021=DIRECTION('',(0.,1.,0.));
#2022=DIRECTION('',(0.,0.,1.));
#2023=DIRECTION('',(0.,1.,0.));
#2024=DIRECTION('',(0.,0.,1.));
#2025=DIRECTION('center_axis',(0.,-1.,0.));
#2026=DIRECTION('ref_axis',(1.,0.,0.));
#2027=DIRECTION('',(1.,0.,0.));
#2028=DIRECTION('',(0.,0.,1.));
#2029=DIRECTION('',(1.,0.,0.));
#2030=DIRECTION('center_axis',(-1.,0.,0.));
#2031=DIRECTION('ref_axis',(0.,-1.,0.));
#2032=DIRECTION('',(0.,-1.,0.));
#2033=DIRECTION('',(0.,0.,1.));
#2034=DIRECTION('',(0.,-1.,0.));
#2035=DIRECTION('center_axis',(-3.66706421834215E-16,1.,0.));
#2036=DIRECTION('ref_axis',(-1.,-3.5527136788005E-16,0.));
#2037=DIRECTION('',(-1.,-3.66706421834215E-16,0.));
#2038=DIRECTION('',(-1.,-3.66706421834215E-16,0.));
#2039=DIRECTION('center_axis',(0.,0.,1.));
#2040=DIRECTION('ref_axis',(1.,0.,0.));
#2041=DIRECTION('center_axis',(0.,-1.,0.));
#2042=DIRECTION('ref_axis',(-1.,0.,0.));
#2043=DIRECTION('',(1.,0.,0.));
#2044=DIRECTION('',(0.,0.,-1.));
#2045=DIRECTION('',(-1.,0.,0.));
#2046=DIRECTION('',(0.,0.,-1.));
#2047=DIRECTION('center_axis',(1.,0.,0.));
#2048=DIRECTION('ref_axis',(0.,-1.,0.));
#2049=DIRECTION('',(0.,1.,0.));
#2050=DIRECTION('',(0.,-1.,0.));
#2051=DIRECTION('',(0.,0.,-1.));
#2052=DIRECTION('center_axis',(0.,1.,0.));
#2053=DIRECTION('ref_axis',(1.,0.,0.));
#2054=DIRECTION('',(-1.,0.,0.));
#2055=DIRECTION('',(1.,0.,0.));
#2056=DIRECTION('',(0.,0.,-1.));
#2057=DIRECTION('center_axis',(-1.,0.,0.));
#2058=DIRECTION('ref_axis',(0.,1.,0.));
#2059=DIRECTION('',(0.,-1.,0.));
#2060=DIRECTION('',(0.,1.,0.));
#2061=DIRECTION('center_axis',(0.,0.,-1.));
#2062=DIRECTION('ref_axis',(-1.,0.,0.));
#2063=DIRECTION('center_axis',(0.,-1.,0.));
#2064=DIRECTION('ref_axis',(-1.,0.,0.));
#2065=DIRECTION('',(1.,0.,0.));
#2066=DIRECTION('',(0.,0.,-1.));
#2067=DIRECTION('',(-1.,0.,0.));
#2068=DIRECTION('',(0.,0.,-1.));
#2069=DIRECTION('center_axis',(1.,0.,0.));
#2070=DIRECTION('ref_axis',(0.,-1.,0.));
#2071=DIRECTION('',(0.,1.,0.));
#2072=DIRECTION('',(0.,-1.,0.));
#2073=DIRECTION('',(0.,0.,-1.));
#2074=DIRECTION('center_axis',(0.,1.,0.));
#2075=DIRECTION('ref_axis',(1.,0.,0.));
#2076=DIRECTION('',(-1.,0.,0.));
#2077=DIRECTION('',(1.,0.,0.));
#2078=DIRECTION('',(0.,0.,-1.));
#2079=DIRECTION('center_axis',(-1.,0.,0.));
#2080=DIRECTION('ref_axis',(0.,1.,0.));
#2081=DIRECTION('',(0.,-1.,0.));
#2082=DIRECTION('',(0.,1.,0.));
#2083=DIRECTION('center_axis',(0.,0.,-1.));
#2084=DIRECTION('ref_axis',(-1.,0.,0.));
#2085=DIRECTION('center_axis',(0.,-1.,0.));
#2086=DIRECTION('ref_axis',(-1.,0.,0.));
#2087=DIRECTION('',(1.,0.,0.));
#2088=DIRECTION('',(0.,0.,-1.));
#2089=DIRECTION('',(-1.,0.,0.));
#2090=DIRECTION('',(0.,0.,-1.));
#2091=DIRECTION('center_axis',(1.,0.,0.));
#2092=DIRECTION('ref_axis',(0.,-1.,0.));
#2093=DIRECTION('',(0.,1.,0.));
#2094=DIRECTION('',(0.,-1.,0.));
#2095=DIRECTION('',(0.,0.,-1.));
#2096=DIRECTION('center_axis',(0.,1.,0.));
#2097=DIRECTION('ref_axis',(1.,0.,0.));
#2098=DIRECTION('',(-1.,0.,0.));
#2099=DIRECTION('',(1.,0.,0.));
#2100=DIRECTION('',(0.,0.,-1.));
#2101=DIRECTION('center_axis',(-1.,0.,0.));
#2102=DIRECTION('ref_axis',(0.,1.,0.));
#2103=DIRECTION('',(0.,-1.,0.));
#2104=DIRECTION('',(0.,1.,0.));
#2105=DIRECTION('center_axis',(0.,0.,-1.));
#2106=DIRECTION('ref_axis',(-1.,0.,0.));
#2107=DIRECTION('center_axis',(0.,0.,1.));
#2108=DIRECTION('ref_axis',(0.,-1.,0.));
#2109=DIRECTION('center_axis',(0.,0.,1.));
#2110=DIRECTION('ref_axis',(0.,-1.,0.));
#2111=DIRECTION('center_axis',(0.,0.,-1.));
#2112=DIRECTION('ref_axis',(0.,-1.,0.));
#2113=DIRECTION('center_axis',(0.,0.,1.));
#2114=DIRECTION('ref_axis',(1.,0.,0.));
#2115=DIRECTION('center_axis',(0.,0.,1.));
#2116=DIRECTION('ref_axis',(0.,-1.,0.));
#2117=DIRECTION('center_axis',(0.,0.,1.));
#2118=DIRECTION('ref_axis',(0.,-1.,0.));
#2119=DIRECTION('center_axis',(0.,0.,-1.));
#2120=DIRECTION('ref_axis',(0.,-1.,0.));
#2121=DIRECTION('center_axis',(0.,0.,1.));
#2122=DIRECTION('ref_axis',(1.,0.,0.));
#2123=DIRECTION('center_axis',(0.,1.,0.));
#2124=DIRECTION('ref_axis',(1.,0.,0.));
#2125=DIRECTION('',(0.,0.,-1.));
#2126=DIRECTION('',(-1.,0.,0.));
#2127=DIRECTION('',(0.,0.,1.));
#2128=DIRECTION('',(1.,0.,0.));
#2129=DIRECTION('center_axis',(0.,0.,1.));
#2130=DIRECTION('ref_axis',(1.,0.,0.));
#2131=DIRECTION('center_axis',(0.,0.,-1.));
#2132=DIRECTION('ref_axis',(1.,0.,0.));
#2133=DIRECTION('center_axis',(0.,0.,1.));
#2134=DIRECTION('ref_axis',(1.,0.,0.));
#2135=DIRECTION('',(2.77777019302983E-6,-0.999999999996142,0.));
#2136=DIRECTION('',(0.999999999996142,2.7777701936917E-6,0.));
#2137=DIRECTION('',(-2.77777019330739E-6,0.999999999996142,0.));
#2138=DIRECTION('',(-0.999999999996142,-2.7777701940333E-6,0.));
#2139=DIRECTION('center_axis',(0.,0.,-1.));
#2140=DIRECTION('ref_axis',(-1.,0.,0.));
#2141=DIRECTION('center_axis',(0.,0.,-1.));
#2142=DIRECTION('ref_axis',(0.469272805787374,-0.883053245137826,0.));
#2143=DIRECTION('center_axis',(0.,0.,-1.));
#2144=DIRECTION('ref_axis',(-0.630070328384206,-0.776538074591207,0.));
#2145=DIRECTION('',(-1.,0.,0.));
#2146=DIRECTION('center_axis',(0.,0.,1.));
#2147=DIRECTION('ref_axis',(0.707106781186548,0.707106781186547,0.));
#2148=DIRECTION('',(0.,1.,0.));
#2149=DIRECTION('center_axis',(0.,0.,1.));
#2150=DIRECTION('ref_axis',(0.707106781186548,-0.707106781186548,0.));
#2151=DIRECTION('',(1.,0.,0.));
#2152=DIRECTION('center_axis',(0.,0.,1.));
#2153=DIRECTION('ref_axis',(-0.707106781186548,-0.707106781186547,0.));
#2154=DIRECTION('',(0.,-1.,0.));
#2155=DIRECTION('center_axis',(-0.999999999996142,-2.77777019330739E-6,
0.));
#2156=DIRECTION('ref_axis',(2.77777019330738E-6,-0.999999999996142,0.));
#2157=DIRECTION('',(0.,0.,1.));
#2158=DIRECTION('',(2.77777019330739E-6,-0.999999999996142,0.));
#2159=DIRECTION('',(0.,0.,1.));
#2160=DIRECTION('center_axis',(-2.7777701936917E-6,0.999999999996142,0.));
#2161=DIRECTION('ref_axis',(-0.999999999996142,-2.77777019386249E-6,0.));
#2162=DIRECTION('',(0.,0.,1.));
#2163=DIRECTION('',(-0.999999999996142,-2.7777701936917E-6,0.));
#2164=DIRECTION('center_axis',(-1.,0.,0.));
#2165=DIRECTION('ref_axis',(0.,-1.,0.));
#2166=DIRECTION('',(0.,0.,1.));
#2167=DIRECTION('',(0.,-1.,0.));
#2168=DIRECTION('',(0.,0.,1.));
#2169=DIRECTION('center_axis',(0.,0.,1.));
#2170=DIRECTION('ref_axis',(-0.707106781186548,-0.707106781186547,0.));
#2171=DIRECTION('',(0.,0.,-1.));
#2172=DIRECTION('center_axis',(0.,0.,-1.));
#2173=DIRECTION('ref_axis',(-0.707106781186548,-0.707106781186547,0.));
#2174=DIRECTION('center_axis',(0.,-1.,0.));
#2175=DIRECTION('ref_axis',(1.,0.,0.));
#2176=DIRECTION('',(0.,0.,1.));
#2177=DIRECTION('',(1.,0.,0.));
#2178=DIRECTION('center_axis',(0.,0.,-1.));
#2179=DIRECTION('ref_axis',(0.707106781186548,-0.707106781186548,0.));
#2180=DIRECTION('',(0.,0.,-1.));
#2181=DIRECTION('center_axis',(0.,0.,-1.));
#2182=DIRECTION('ref_axis',(0.707106781186548,-0.707106781186548,0.));
#2183=DIRECTION('center_axis',(1.,0.,0.));
#2184=DIRECTION('ref_axis',(0.,1.,0.));
#2185=DIRECTION('',(0.,0.,1.));
#2186=DIRECTION('',(0.,1.,0.));
#2187=DIRECTION('center_axis',(0.,0.,1.));
#2188=DIRECTION('ref_axis',(0.707106781186548,0.707106781186547,0.));
#2189=DIRECTION('',(0.,0.,-1.));
#2190=DIRECTION('center_axis',(0.,0.,-1.));
#2191=DIRECTION('ref_axis',(0.707106781186548,0.707106781186547,0.));
#2192=DIRECTION('center_axis',(0.,0.,1.));
#2193=DIRECTION('ref_axis',(0.707106781186547,-0.707106781186548,0.));
#2194=DIRECTION('center_axis',(0.,0.,1.));
#2195=DIRECTION('ref_axis',(0.707106781186547,-0.707106781186548,0.));
#2196=DIRECTION('',(0.,0.,1.));
#2197=DIRECTION('center_axis',(0.,0.,-1.));
#2198=DIRECTION('ref_axis',(1.,0.,0.));
#2199=DIRECTION('',(0.,0.,-1.));
#2200=DIRECTION('center_axis',(0.,1.,0.));
#2201=DIRECTION('ref_axis',(0.707106781186548,0.,0.707106781186547));
#2202=DIRECTION('',(0.,1.,0.));
#2203=DIRECTION('',(0.,-1.,0.));
#2204=DIRECTION('center_axis',(1.,0.,0.));
#2205=DIRECTION('ref_axis',(0.,1.,0.));
#2206=DIRECTION('',(0.,-1.,0.));
#2207=DIRECTION('',(0.,0.,-1.));
#2208=DIRECTION('center_axis',(0.,0.,1.));
#2209=DIRECTION('ref_axis',(1.,0.,0.));
#2210=DIRECTION('',(-1.,0.,0.));
#2211=DIRECTION('center_axis',(0.,0.,1.));
#2212=DIRECTION('ref_axis',(-0.707106781186547,-0.707106781186548,0.));
#2213=DIRECTION('',(0.,1.,0.));
#2214=DIRECTION('center_axis',(0.,0.,1.));
#2215=DIRECTION('ref_axis',(-0.707106781186547,0.707106781186548,0.));
#2216=DIRECTION('',(1.,0.,0.));
#2217=DIRECTION('center_axis',(0.,0.,1.));
#2218=DIRECTION('ref_axis',(0.707106781186547,0.707106781186548,0.));
#2219=DIRECTION('',(-1.,0.,0.));
#2220=DIRECTION('center_axis',(0.,0.,1.));
#2221=DIRECTION('ref_axis',(-0.630070328384206,-0.776538074591207,0.));
#2222=DIRECTION('',(-1.,0.,0.));
#2223=DIRECTION('center_axis',(0.,0.,-1.));
#2224=DIRECTION('ref_axis',(0.469272805787374,-0.883053245137826,0.));
#2225=DIRECTION('center_axis',(0.,0.,-1.));
#2226=DIRECTION('ref_axis',(0.707106781186547,0.707106781186548,0.));
#2227=DIRECTION('',(0.,0.,1.));
#2228=DIRECTION('center_axis',(0.,0.,-1.));
#2229=DIRECTION('ref_axis',(0.,1.,0.));
#2230=DIRECTION('center_axis',(-1.,0.,0.));
#2231=DIRECTION('ref_axis',(0.,0.707106781186549,0.707106781186546));
#2232=DIRECTION('',(-1.,0.,0.));
#2233=DIRECTION('',(1.,0.,0.));
#2234=DIRECTION('center_axis',(0.,1.,0.));
#2235=DIRECTION('ref_axis',(-1.,0.,0.));
#2236=DIRECTION('',(0.,0.,-1.));
#2237=DIRECTION('center_axis',(0.,0.,-1.));
#2238=DIRECTION('ref_axis',(-0.707106781186547,0.707106781186548,0.));
#2239=DIRECTION('',(0.,0.,1.));
#2240=DIRECTION('center_axis',(0.,0.,-1.));
#2241=DIRECTION('ref_axis',(-1.,0.,0.));
#2242=DIRECTION('center_axis',(0.,-1.,0.));
#2243=DIRECTION('ref_axis',(-0.707106781186548,0.,0.707106781186547));
#2244=DIRECTION('',(0.,-1.,0.));
#2245=DIRECTION('',(0.,1.,0.));
#2246=DIRECTION('center_axis',(-1.,0.,0.));
#2247=DIRECTION('ref_axis',(0.,-1.,0.));
#2248=DIRECTION('',(0.,0.,-1.));
#2249=DIRECTION('center_axis',(0.,0.,1.));
#2250=DIRECTION('ref_axis',(-0.707106781186547,-0.707106781186548,0.));
#2251=DIRECTION('',(0.,0.,1.));
#2252=DIRECTION('center_axis',(0.,0.,-1.));
#2253=DIRECTION('ref_axis',(0.,-1.,0.));
#2254=DIRECTION('center_axis',(0.,-1.,0.));
#2255=DIRECTION('ref_axis',(1.,0.,0.));
#2256=DIRECTION('',(1.,0.,0.));
#2257=DIRECTION('center_axis',(1.,0.,0.));
#2258=DIRECTION('ref_axis',(0.,-0.707106781186549,0.707106781186546));
#2259=DIRECTION('',(-1.,0.,0.));
#2260=DIRECTION('center_axis',(0.,0.,1.));
#2261=DIRECTION('ref_axis',(1.,-4.2351647362715E-22,0.));
#2262=DIRECTION('center_axis',(0.,0.,-1.));
#2263=DIRECTION('ref_axis',(-1.,0.,0.));
#2264=DIRECTION('center_axis',(0.,0.,-1.));
#2265=DIRECTION('ref_axis',(-1.,0.,0.));
#2266=DIRECTION('center_axis',(0.,1.,0.));
#2267=DIRECTION('ref_axis',(-1.,0.,0.));
#2268=DIRECTION('',(0.,0.,1.));
#2269=DIRECTION('center_axis',(0.,0.,1.));
#2270=DIRECTION('ref_axis',(0.469272805787374,-0.883053245137826,0.));
#2271=DIRECTION('',(0.,0.,-1.));
#2272=DIRECTION('center_axis',(0.824549619378765,-0.502536308789486,0.259952271639567));
#2273=DIRECTION('ref_axis',(0.525142425960446,0.508752636671196,-0.682199521501213));
#2274=DIRECTION('center_axis',(0.999999999996142,2.77777019302983E-6,0.));
#2275=DIRECTION('ref_axis',(-2.77777019341841E-6,0.999999999996142,0.));
#2276=DIRECTION('',(0.,0.,1.));
#2277=DIRECTION('',(-2.77777019302983E-6,0.999999999996142,0.));
#2278=DIRECTION('center_axis',(2.7777701940333E-6,-0.999999999996142,0.));
#2279=DIRECTION('ref_axis',(0.999999999996142,2.77777019430658E-6,0.));
#2280=DIRECTION('',(0.999999999996142,2.7777701940333E-6,0.));
#2281=DIRECTION('center_axis',(0.,0.,-1.));
#2282=DIRECTION('ref_axis',(-1.,0.,0.));
#2283=DIRECTION('center_axis',(0.,0.,1.));
#2284=DIRECTION('ref_axis',(-1.,0.,0.));
#2285=DIRECTION('center_axis',(0.,0.,-1.));
#2286=DIRECTION('ref_axis',(-1.,0.,0.));
#2287=DIRECTION('center_axis',(0.,0.,-1.));
#2288=DIRECTION('ref_axis',(-1.,0.,0.));
#2289=DIRECTION('center_axis',(0.,0.,1.));
#2290=DIRECTION('ref_axis',(1.,0.,0.));
#2291=DIRECTION('center_axis',(0.,0.,-1.));
#2292=DIRECTION('ref_axis',(1.,0.,0.));
#2293=DIRECTION('center_axis',(0.,0.,1.));
#2294=DIRECTION('ref_axis',(1.,0.,0.));
#2295=DIRECTION('center_axis',(0.,0.,1.));
#2296=DIRECTION('ref_axis',(1.,0.,0.));
#2297=DIRECTION('center_axis',(0.,0.,-1.));
#2298=DIRECTION('ref_axis',(-1.,0.,0.));
#2299=DIRECTION('center_axis',(0.,0.,1.));
#2300=DIRECTION('ref_axis',(-0.630070328384206,-0.776538074591207,0.));
#2301=DIRECTION('center_axis',(-0.707106781186548,0.,0.707106781186547));
#2302=DIRECTION('ref_axis',(-0.707106781186547,0.,-0.707106781186548));
#2303=DIRECTION('',(0.,0.,1.));
#2304=DIRECTION('center_axis',(-1.,0.,0.));
#2305=DIRECTION('ref_axis',(0.,-0.776538074591207,-0.630070328384206));
#2306=DIRECTION('',(-1.,0.,0.));
#2307=DIRECTION('center_axis',(0.,1.,0.));
#2308=DIRECTION('ref_axis',(-1.,0.,0.));
#2309=DIRECTION('center_axis',(0.,0.,-1.));
#2310=DIRECTION('ref_axis',(-1.,0.,0.));
#2311=CARTESIAN_POINT('',(0.,0.,0.));
#2312=CARTESIAN_POINT('Origin',(-3.01177379280745,1.81781683446316,-0.237499999999999));
#2313=CARTESIAN_POINT('',(-3.01177379280745,1.81781683446316,-0.237499999999999));
#2314=CARTESIAN_POINT('',(-3.01177379280745,2.03337599488756,-0.237499999999999));
#2315=CARTESIAN_POINT('',(-3.01177379280745,0.908908417231581,-0.2375));
#2316=CARTESIAN_POINT('',(-3.01177379280745,1.81781683446316,-0.0374999999999993));
#2317=CARTESIAN_POINT('',(-3.01177379280745,1.81781683446316,-0.237499999999999));
#2318=CARTESIAN_POINT('',(-3.01177379280745,2.03337599488756,-0.0374999999999993));
#2319=CARTESIAN_POINT('',(-3.01177379280745,1.81781683446316,-0.0374999999999993));
#2320=CARTESIAN_POINT('',(-3.01177379280745,2.03337599488756,-0.237499999999999));
#2321=CARTESIAN_POINT('Origin',(-3.68924543985556,1.81781683446316,-0.237499999999999));
#2322=CARTESIAN_POINT('',(-3.68924543985556,1.81781683446316,-0.237499999999999));
#2323=CARTESIAN_POINT('',(-1.84462271992778,1.81781683446316,-0.2375));
#2324=CARTESIAN_POINT('',(-3.68924543985556,1.81781683446316,-0.0374999999999993));
#2325=CARTESIAN_POINT('',(-3.68924543985556,1.81781683446316,-0.237499999999999));
#2326=CARTESIAN_POINT('',(-3.68924543985556,1.81781683446316,-0.0374999999999993));
#2327=CARTESIAN_POINT('Origin',(-3.68924543985556,1.14034518741505,-0.237499999999999));
#2328=CARTESIAN_POINT('',(-3.68924543985556,1.14034518741505,-0.237499999999999));
#2329=CARTESIAN_POINT('',(-3.68924543985556,0.570172593707525,-0.2375));
#2330=CARTESIAN_POINT('',(-3.68924543985556,1.14034518741505,-0.0374999999999993));
#2331=CARTESIAN_POINT('',(-3.68924543985556,1.14034518741505,-0.237499999999999));
#2332=CARTESIAN_POINT('',(-3.68924543985556,1.14034518741505,-0.0374999999999993));
#2333=CARTESIAN_POINT('Origin',(-3.91290832811546,1.14034518741505,-0.237499999999999));
#2334=CARTESIAN_POINT('',(-3.91290832811546,1.14034518741505,-0.237499999999999));
#2335=CARTESIAN_POINT('',(-1.95645416405773,1.14034518741505,-0.2375));
#2336=CARTESIAN_POINT('',(-3.91290832811546,1.14034518741505,-0.0374999999999993));
#2337=CARTESIAN_POINT('',(-3.91290832811546,1.14034518741505,-0.237499999999999));
#2338=CARTESIAN_POINT('',(-3.91290832811546,1.14034518741505,-0.0374999999999993));
#2339=CARTESIAN_POINT('Origin',(-3.91290832811546,1.81781683446316,-0.237499999999999));
#2340=CARTESIAN_POINT('',(-3.91290832811546,1.81781683446316,-0.237499999999999));
#2341=CARTESIAN_POINT('',(-3.91290832811546,0.908908417231581,-0.2375));
#2342=CARTESIAN_POINT('',(-3.91290832811546,1.81781683446316,-0.0374999999999993));
#2343=CARTESIAN_POINT('',(-3.91290832811546,1.81781683446316,-0.237499999999999));
#2344=CARTESIAN_POINT('',(-3.91290832811546,1.81781683446316,-0.0374999999999993));
#2345=CARTESIAN_POINT('Origin',(-4.59037997516358,1.81781683446316,-0.237499999999999));
#2346=CARTESIAN_POINT('',(-4.59037997516358,1.81781683446316,-0.237499999999999));
#2347=CARTESIAN_POINT('',(-2.29518998758179,1.81781683446316,-0.2375));
#2348=CARTESIAN_POINT('',(-4.59037997516358,1.81781683446316,-0.0374999999999993));
#2349=CARTESIAN_POINT('',(-4.59037997516358,1.81781683446316,-0.237499999999999));
#2350=CARTESIAN_POINT('',(-4.59037997516358,1.81781683446316,-0.0374999999999993));
#2351=CARTESIAN_POINT('Origin',(-4.59037997516358,2.03337599488756,-0.237499999999999));
#2352=CARTESIAN_POINT('',(-4.59037997516358,2.03337599488756,-0.237499999999999));
#2353=CARTESIAN_POINT('',(-4.59037997516358,1.01668799744378,-0.2375));
#2354=CARTESIAN_POINT('',(-4.59037997516358,2.03337599488756,-0.0374999999999993));
#2355=CARTESIAN_POINT('',(-4.59037997516358,2.03337599488756,-0.237499999999999));
#2356=CARTESIAN_POINT('',(-4.59037997516358,2.03337599488756,-0.0374999999999993));
#2357=CARTESIAN_POINT('Origin',(-3.91290832811546,2.03337599488756,-0.237499999999999));
#2358=CARTESIAN_POINT('',(-3.91290832811546,2.03337599488756,-0.237499999999999));
#2359=CARTESIAN_POINT('',(-1.95645416405773,2.03337599488756,-0.2375));
#2360=CARTESIAN_POINT('',(-3.91290832811546,2.03337599488756,-0.0374999999999993));
#2361=CARTESIAN_POINT('',(-3.91290832811546,2.03337599488756,-0.237499999999999));
#2362=CARTESIAN_POINT('',(-3.91290832811546,2.03337599488756,-0.0374999999999993));
#2363=CARTESIAN_POINT('Origin',(-3.91290832811546,2.71084764193567,-0.237499999999999));
#2364=CARTESIAN_POINT('',(-3.91290832811546,2.71084764193567,-0.237499999999999));
#2365=CARTESIAN_POINT('',(-3.91290832811546,1.35542382096784,-0.2375));
#2366=CARTESIAN_POINT('',(-3.91290832811546,2.71084764193567,-0.0374999999999993));
#2367=CARTESIAN_POINT('',(-3.91290832811546,2.71084764193567,-0.237499999999999));
#2368=CARTESIAN_POINT('',(-3.91290832811546,2.71084764193567,-0.0374999999999993));
#2369=CARTESIAN_POINT('Origin',(-3.68924543985556,2.71084764193567,-0.237499999999999));
#2370=CARTESIAN_POINT('',(-3.68924543985556,2.71084764193567,-0.237499999999999));
#2371=CARTESIAN_POINT('',(-1.84462271992778,2.71084764193567,-0.2375));
#2372=CARTESIAN_POINT('',(-3.68924543985556,2.71084764193567,-0.0374999999999993));
#2373=CARTESIAN_POINT('',(-3.68924543985556,2.71084764193567,-0.237499999999999));
#2374=CARTESIAN_POINT('',(-3.68924543985556,2.71084764193567,-0.0374999999999993));
#2375=CARTESIAN_POINT('Origin',(-3.68924543985556,2.03337599488756,-0.237499999999999));
#2376=CARTESIAN_POINT('',(-3.68924543985556,2.03337599488756,-0.237499999999999));
#2377=CARTESIAN_POINT('',(-3.68924543985556,1.01668799744378,-0.2375));
#2378=CARTESIAN_POINT('',(-3.68924543985556,2.03337599488756,-0.0374999999999993));
#2379=CARTESIAN_POINT('',(-3.68924543985556,2.03337599488756,-0.237499999999999));
#2380=CARTESIAN_POINT('',(-3.68924543985556,2.03337599488756,-0.0374999999999993));
#2381=CARTESIAN_POINT('Origin',(-3.01177379280745,2.03337599488756,-0.237499999999999));
#2382=CARTESIAN_POINT('',(-1.50588689640372,2.03337599488756,-0.2375));
#2383=CARTESIAN_POINT('',(-3.01177379280745,2.03337599488756,-0.0374999999999993));
#2384=CARTESIAN_POINT('Origin',(-3.80107688398551,1.92559641467536,-0.0374999999999993));
#2385=CARTESIAN_POINT('Ctrl Pts',(-5.91128761235069,2.65574229265425,-0.237499999999999));
#2386=CARTESIAN_POINT('Ctrl Pts',(-5.91128761235069,2.65574229265425,-0.0374999999999993));
#2387=CARTESIAN_POINT('Ctrl Pts',(-6.00691160080963,2.74326255327769,-0.237499999999999));
#2388=CARTESIAN_POINT('Ctrl Pts',(-6.00691160080963,2.74326255327769,-0.0374999999999993));
#2389=CARTESIAN_POINT('Ctrl Pts',(-6.25002343587474,2.83726579616953,-0.237499999999999));
#2390=CARTESIAN_POINT('Ctrl Pts',(-6.25002343587474,2.83726579616953,-0.0374999999999993));
#2391=CARTESIAN_POINT('Ctrl Pts',(-6.43316768495713,2.83726579616953,-0.237499999999999));
#2392=CARTESIAN_POINT('Ctrl Pts',(-6.43316768495713,2.83726579616953,-0.0374999999999993));
#2393=CARTESIAN_POINT('',(-5.91128761235069,2.65574229265425,-0.237499999999999));
#2394=CARTESIAN_POINT('',(-6.43316768495713,2.83726579616953,-0.237499999999999));
#2395=CARTESIAN_POINT('Ctrl Pts',(-5.91128761235069,2.65574229265425,-0.237499999999999));
#2396=CARTESIAN_POINT('Ctrl Pts',(-6.00691160080963,2.74326255327769,-0.237499999999999));
#2397=CARTESIAN_POINT('Ctrl Pts',(-6.25002343587474,2.83726579616953,-0.237499999999999));
#2398=CARTESIAN_POINT('Ctrl Pts',(-6.43316768495713,2.83726579616953,-0.237499999999999));
#2399=CARTESIAN_POINT('',(-5.91128761235069,2.65574229265425,-0.0374999999999993));
#2400=CARTESIAN_POINT('',(-5.91128761235069,2.65574229265425,-0.237499999999999));
#2401=CARTESIAN_POINT('',(-6.43316768495713,2.83726579616953,-0.0374999999999993));
#2402=CARTESIAN_POINT('Ctrl Pts',(-5.91128761235069,2.65574229265425,-0.0374999999999993));
#2403=CARTESIAN_POINT('Ctrl Pts',(-6.00691160080963,2.74326255327769,-0.0374999999999993));
#2404=CARTESIAN_POINT('Ctrl Pts',(-6.25002343587474,2.83726579616953,-0.0374999999999993));
#2405=CARTESIAN_POINT('Ctrl Pts',(-6.43316768495713,2.83726579616953,-0.0374999999999993));
#2406=CARTESIAN_POINT('',(-6.43316768495713,2.83726579616953,-0.237499999999999));
#2407=CARTESIAN_POINT('Ctrl Pts',(-5.7297641088354,2.23110695407385,-0.237499999999999));
#2408=CARTESIAN_POINT('Ctrl Pts',(-5.7297641088354,2.23110695407385,-0.0374999999999993));
#2409=CARTESIAN_POINT('Ctrl Pts',(-5.7297641088354,2.34942138047221,-0.237499999999999));
#2410=CARTESIAN_POINT('Ctrl Pts',(-5.7297641088354,2.34942138047221,-0.0374999999999993));
#2411=CARTESIAN_POINT('Ctrl Pts',(-5.82538809729435,2.57632575986631,-0.237499999999999));
#2412=CARTESIAN_POINT('Ctrl Pts',(-5.82538809729435,2.57632575986631,-0.0374999999999993));
#2413=CARTESIAN_POINT('Ctrl Pts',(-5.91128761235069,2.65574229265425,-0.237499999999999));
#2414=CARTESIAN_POINT('Ctrl Pts',(-5.91128761235069,2.65574229265425,-0.0374999999999993));
#2415=CARTESIAN_POINT('',(-5.7297641088354,2.23110695407385,-0.237499999999999));
#2416=CARTESIAN_POINT('Ctrl Pts',(-5.7297641088354,2.23110695407385,-0.237499999999999));
#2417=CARTESIAN_POINT('Ctrl Pts',(-5.7297641088354,2.34942138047221,-0.237499999999999));
#2418=CARTESIAN_POINT('Ctrl Pts',(-5.82538809729435,2.57632575986631,-0.237499999999999));
#2419=CARTESIAN_POINT('Ctrl Pts',(-5.91128761235069,2.65574229265425,-0.237499999999999));
#2420=CARTESIAN_POINT('',(-5.7297641088354,2.23110695407385,-0.0374999999999993));
#2421=CARTESIAN_POINT('',(-5.7297641088354,2.23110695407385,-0.237499999999999));
#2422=CARTESIAN_POINT('Ctrl Pts',(-5.7297641088354,2.23110695407385,-0.0374999999999993));
#2423=CARTESIAN_POINT('Ctrl Pts',(-5.7297641088354,2.34942138047221,-0.0374999999999993));
#2424=CARTESIAN_POINT('Ctrl Pts',(-5.82538809729435,2.57632575986631,-0.0374999999999993));
#2425=CARTESIAN_POINT('Ctrl Pts',(-5.91128761235069,2.65574229265425,-0.0374999999999993));
#2426=CARTESIAN_POINT('Ctrl Pts',(-6.12684677277509,1.72705508270552,-0.237499999999999));
#2427=CARTESIAN_POINT('Ctrl Pts',(-6.12684677277509,1.72705508270552,-0.0374999999999993));
#2428=CARTESIAN_POINT('Ctrl Pts',(-5.92101208575329,1.79026415982245,-0.237499999999999));
#2429=CARTESIAN_POINT('Ctrl Pts',(-5.92101208575329,1.79026415982245,-0.0374999999999993));
#2430=CARTESIAN_POINT('Ctrl Pts',(-5.7297641088354,2.04472121385727,-0.237499999999999));
#2431=CARTESIAN_POINT('Ctrl Pts',(-5.7297641088354,2.04472121385727,-0.0374999999999993));
#2432=CARTESIAN_POINT('Ctrl Pts',(-5.7297641088354,2.23110695407385,-0.237499999999999));
#2433=CARTESIAN_POINT('Ctrl Pts',(-5.7297641088354,2.23110695407385,-0.0374999999999993));
#2434=CARTESIAN_POINT('',(-6.12684677277509,1.72705508270552,-0.237499999999999));
#2435=CARTESIAN_POINT('Ctrl Pts',(-6.12684677277509,1.72705508270552,-0.237499999999999));
#2436=CARTESIAN_POINT('Ctrl Pts',(-5.92101208575329,1.79026415982245,-0.237499999999999));
#2437=CARTESIAN_POINT('Ctrl Pts',(-5.7297641088354,2.04472121385727,-0.237499999999999));
#2438=CARTESIAN_POINT('Ctrl Pts',(-5.7297641088354,2.23110695407385,-0.237499999999999));
#2439=CARTESIAN_POINT('',(-6.12684677277509,1.72705508270552,-0.0374999999999993));
#2440=CARTESIAN_POINT('',(-6.12684677277509,1.72705508270552,-0.237499999999999));
#2441=CARTESIAN_POINT('Ctrl Pts',(-6.12684677277509,1.72705508270552,-0.0374999999999993));
#2442=CARTESIAN_POINT('Ctrl Pts',(-5.92101208575329,1.79026415982245,-0.0374999999999993));
#2443=CARTESIAN_POINT('Ctrl Pts',(-5.7297641088354,2.04472121385727,-0.0374999999999993));
#2444=CARTESIAN_POINT('Ctrl Pts',(-5.7297641088354,2.23110695407385,-0.0374999999999993));
#2445=CARTESIAN_POINT('Ctrl Pts',(-6.53689540125157,1.62170662084397,-0.237499999999999));
#2446=CARTESIAN_POINT('Ctrl Pts',(-6.53689540125157,1.62170662084397,-0.0374999999999993));
#2447=CARTESIAN_POINT('Ctrl Pts',(-6.45261663176234,1.64439705878338,-0.237499999999999));
#2448=CARTESIAN_POINT('Ctrl Pts',(-6.45261663176234,1.64439705878338,-0.0374999999999993));
#2449=CARTESIAN_POINT('Ctrl Pts',(-6.20788405113012,1.70274389919901,-0.237499999999999));
#2450=CARTESIAN_POINT('Ctrl Pts',(-6.20788405113012,1.70274389919901,-0.0374999999999993));
#2451=CARTESIAN_POINT('Ctrl Pts',(-6.12684677277509,1.72705508270552,-0.237499999999999));
#2452=CARTESIAN_POINT('Ctrl Pts',(-6.12684677277509,1.72705508270552,-0.0374999999999993));
#2453=CARTESIAN_POINT('',(-6.53689540125157,1.62170662084397,-0.237499999999999));
#2454=CARTESIAN_POINT('Ctrl Pts',(-6.53689540125157,1.62170662084397,-0.237499999999999));
#2455=CARTESIAN_POINT('Ctrl Pts',(-6.45261663176234,1.64439705878338,-0.237499999999999));
#2456=CARTESIAN_POINT('Ctrl Pts',(-6.20788405113012,1.70274389919901,-0.237499999999999));
#2457=CARTESIAN_POINT('Ctrl Pts',(-6.12684677277509,1.72705508270552,-0.237499999999999));
#2458=CARTESIAN_POINT('',(-6.53689540125157,1.62170662084397,-0.0374999999999993));
#2459=CARTESIAN_POINT('',(-6.53689540125157,1.62170662084397,-0.237499999999999));
#2460=CARTESIAN_POINT('Ctrl Pts',(-6.53689540125157,1.62170662084397,-0.0374999999999993));
#2461=CARTESIAN_POINT('Ctrl Pts',(-6.45261663176234,1.64439705878338,-0.0374999999999993));
#2462=CARTESIAN_POINT('Ctrl Pts',(-6.20788405113012,1.70274389919901,-0.0374999999999993));
#2463=CARTESIAN_POINT('Ctrl Pts',(-6.12684677277509,1.72705508270552,-0.0374999999999993));
#2464=CARTESIAN_POINT('Ctrl Pts',(-6.79783543755479,1.31052347196063,-0.237499999999999));
#2465=CARTESIAN_POINT('Ctrl Pts',(-6.79783543755479,1.31052347196063,-0.0374999999999993));
#2466=CARTESIAN_POINT('Ctrl Pts',(-6.79783543755479,1.43694162619449,-0.237499999999999));
#2467=CARTESIAN_POINT('Ctrl Pts',(-6.79783543755479,1.43694162619449,-0.0374999999999993));
#2468=CARTESIAN_POINT('Ctrl Pts',(-6.66331355548543,1.58767096393486,-0.237499999999999));
#2469=CARTESIAN_POINT('Ctrl Pts',(-6.66331355548543,1.58767096393486,-0.0374999999999993));
#2470=CARTESIAN_POINT('Ctrl Pts',(-6.53689540125157,1.62170662084397,-0.237499999999999));
#2471=CARTESIAN_POINT('Ctrl Pts',(-6.53689540125157,1.62170662084397,-0.0374999999999993));
#2472=CARTESIAN_POINT('',(-6.79783543755479,1.31052347196063,-0.237499999999999));
#2473=CARTESIAN_POINT('Ctrl Pts',(-6.79783543755479,1.31052347196063,-0.237499999999999));
#2474=CARTESIAN_POINT('Ctrl Pts',(-6.79783543755479,1.43694162619449,-0.237499999999999));
#2475=CARTESIAN_POINT('Ctrl Pts',(-6.66331355548543,1.58767096393486,-0.237499999999999));
#2476=CARTESIAN_POINT('Ctrl Pts',(-6.53689540125157,1.62170662084397,-0.237499999999999));
#2477=CARTESIAN_POINT('',(-6.79783543755479,1.31052347196063,-0.0374999999999993));
#2478=CARTESIAN_POINT('',(-6.79783543755479,1.31052347196063,-0.237499999999999));
#2479=CARTESIAN_POINT('Ctrl Pts',(-6.79783543755479,1.31052347196063,-0.0374999999999993));
#2480=CARTESIAN_POINT('Ctrl Pts',(-6.79783543755479,1.43694162619449,-0.0374999999999993));
#2481=CARTESIAN_POINT('Ctrl Pts',(-6.66331355548543,1.58767096393486,-0.0374999999999993));
#2482=CARTESIAN_POINT('Ctrl Pts',(-6.53689540125157,1.62170662084397,-0.0374999999999993));
#2483=CARTESIAN_POINT('Ctrl Pts',(-6.3845453179441,0.996098831943083,-0.237499999999999));
#2484=CARTESIAN_POINT('Ctrl Pts',(-6.3845453179441,0.996098831943083,-0.0374999999999993));
#2485=CARTESIAN_POINT('Ctrl Pts',(-6.56931031259359,0.996098831943083,-0.237499999999999));
#2486=CARTESIAN_POINT('Ctrl Pts',(-6.56931031259359,0.996098831943083,-0.0374999999999993));
#2487=CARTESIAN_POINT('Ctrl Pts',(-6.79783543755479,1.16951860762286,-0.237499999999999));
#2488=CARTESIAN_POINT('Ctrl Pts',(-6.79783543755479,1.16951860762286,-0.0374999999999993));
#2489=CARTESIAN_POINT('Ctrl Pts',(-6.79783543755479,1.31052347196063,-0.237499999999999));
#2490=CARTESIAN_POINT('Ctrl Pts',(-6.79783543755479,1.31052347196063,-0.0374999999999993));
#2491=CARTESIAN_POINT('',(-6.3845453179441,0.996098831943083,-0.237499999999999));
#2492=CARTESIAN_POINT('Ctrl Pts',(-6.3845453179441,0.996098831943083,-0.237499999999999));
#2493=CARTESIAN_POINT('Ctrl Pts',(-6.56931031259359,0.996098831943083,-0.237499999999999));
#2494=CARTESIAN_POINT('Ctrl Pts',(-6.79783543755479,1.16951860762286,-0.237499999999999));
#2495=CARTESIAN_POINT('Ctrl Pts',(-6.79783543755479,1.31052347196063,-0.237499999999999));
#2496=CARTESIAN_POINT('',(-6.3845453179441,0.996098831943083,-0.0374999999999993));
#2497=CARTESIAN_POINT('',(-6.3845453179441,0.996098831943083,-0.237499999999999));
#2498=CARTESIAN_POINT('Ctrl Pts',(-6.3845453179441,0.996098831943083,-0.0374999999999993));
#2499=CARTESIAN_POINT('Ctrl Pts',(-6.56931031259359,0.996098831943083,-0.0374999999999993));
#2500=CARTESIAN_POINT('Ctrl Pts',(-6.79783543755479,1.16951860762286,-0.0374999999999993));
#2501=CARTESIAN_POINT('Ctrl Pts',(-6.79783543755479,1.31052347196063,-0.0374999999999993));
#2502=CARTESIAN_POINT('Ctrl Pts',(-5.82700884286145,1.21327873793458,-0.237499999999999));
#2503=CARTESIAN_POINT('Ctrl Pts',(-5.82700884286145,1.21327873793458,-0.0374999999999993));
#2504=CARTESIAN_POINT('Ctrl Pts',(-5.92263283132039,1.12575847731114,-0.237499999999999));
#2505=CARTESIAN_POINT('Ctrl Pts',(-5.92263283132039,1.12575847731114,-0.0374999999999993));
#2506=CARTESIAN_POINT('Ctrl Pts',(-6.22085001566693,0.996098831943083,-0.237499999999999));
#2507=CARTESIAN_POINT('Ctrl Pts',(-6.22085001566693,0.996098831943083,-0.0374999999999993));
#2508=CARTESIAN_POINT('Ctrl Pts',(-6.3845453179441,0.996098831943083,-0.237499999999999));
#2509=CARTESIAN_POINT('Ctrl Pts',(-6.3845453179441,0.996098831943083,-0.0374999999999993));
#2510=CARTESIAN_POINT('',(-5.82700884286145,1.21327873793458,-0.237499999999999));
#2511=CARTESIAN_POINT('Ctrl Pts',(-5.82700884286145,1.21327873793458,-0.237499999999999));
#2512=CARTESIAN_POINT('Ctrl Pts',(-5.92263283132039,1.12575847731114,-0.237499999999999));
#2513=CARTESIAN_POINT('Ctrl Pts',(-6.22085001566693,0.996098831943083,-0.237499999999999));
#2514=CARTESIAN_POINT('Ctrl Pts',(-6.3845453179441,0.996098831943083,-0.237499999999999));
#2515=CARTESIAN_POINT('',(-5.82700884286145,1.21327873793458,-0.0374999999999993));
#2516=CARTESIAN_POINT('',(-5.82700884286145,1.21327873793458,-0.237499999999999));
#2517=CARTESIAN_POINT('Ctrl Pts',(-5.82700884286145,1.21327873793458,-0.0374999999999993));
#2518=CARTESIAN_POINT('Ctrl Pts',(-5.92263283132039,1.12575847731114,-0.0374999999999993));
#2519=CARTESIAN_POINT('Ctrl Pts',(-6.22085001566693,0.996098831943083,-0.0374999999999993));
#2520=CARTESIAN_POINT('Ctrl Pts',(-6.3845453179441,0.996098831943083,-0.0374999999999993));
#2521=CARTESIAN_POINT('Origin',(-5.80755989605624,1.21327873793458,-0.237499999999999));
#2522=CARTESIAN_POINT('',(-5.80755989605624,1.21327873793458,-0.237499999999999));
#2523=CARTESIAN_POINT('',(-2.90377994802812,1.21327873793458,-0.2375));
#2524=CARTESIAN_POINT('',(-5.80755989605624,1.21327873793458,-0.0374999999999993));
#2525=CARTESIAN_POINT('',(-5.80755989605624,1.21327873793458,-0.237499999999999));
#2526=CARTESIAN_POINT('',(-5.80755989605624,1.21327873793458,-0.0374999999999993));
#2527=CARTESIAN_POINT('Origin',(-5.80755989605624,0.895612606782836,-0.237499999999999));
#2528=CARTESIAN_POINT('',(-5.80755989605624,0.895612606782836,-0.237499999999999));
#2529=CARTESIAN_POINT('',(-5.80755989605624,0.447806303391418,-0.2375));
#2530=CARTESIAN_POINT('',(-5.80755989605624,0.895612606782836,-0.0374999999999993));
#2531=CARTESIAN_POINT('',(-5.80755989605624,0.895612606782836,-0.237499999999999));
#2532=CARTESIAN_POINT('',(-5.80755989605624,0.895612606782836,-0.0374999999999993));
#2533=CARTESIAN_POINT('Ctrl Pts',(-6.40237351918221,0.765952961414776,-0.237499999999999));
#2534=CARTESIAN_POINT('Ctrl Pts',(-6.40237351918221,0.765952961414776,-0.0374999999999993));
#2535=CARTESIAN_POINT('Ctrl Pts',(-6.23381598020373,0.765952961414776,-0.237499999999999));
#2536=CARTESIAN_POINT('Ctrl Pts',(-6.23381598020373,0.765952961414776,-0.0374999999999993));
#2537=CARTESIAN_POINT('Ctrl Pts',(-5.9355987958572,0.832403529665907,-0.237499999999999));
#2538=CARTESIAN_POINT('Ctrl Pts',(-5.9355987958572,0.832403529665907,-0.0374999999999993));
#2539=CARTESIAN_POINT('Ctrl Pts',(-5.80755989605624,0.895612606782836,-0.237499999999999));
#2540=CARTESIAN_POINT('Ctrl Pts',(-5.80755989605624,0.895612606782836,-0.0374999999999993));
#2541=CARTESIAN_POINT('',(-6.40237351918221,0.765952961414776,-0.237499999999999));
#2542=CARTESIAN_POINT('Ctrl Pts',(-6.40237351918221,0.765952961414776,-0.237499999999999));
#2543=CARTESIAN_POINT('Ctrl Pts',(-6.23381598020373,0.765952961414776,-0.237499999999999));
#2544=CARTESIAN_POINT('Ctrl Pts',(-5.9355987958572,0.832403529665907,-0.237499999999999));
#2545=CARTESIAN_POINT('Ctrl Pts',(-5.80755989605624,0.895612606782836,-0.237499999999999));
#2546=CARTESIAN_POINT('',(-6.40237351918221,0.765952961414776,-0.0374999999999993));
#2547=CARTESIAN_POINT('',(-6.40237351918221,0.765952961414776,-0.237499999999999));
#2548=CARTESIAN_POINT('Ctrl Pts',(-6.40237351918221,0.765952961414776,-0.0374999999999993));
#2549=CARTESIAN_POINT('Ctrl Pts',(-6.23381598020373,0.765952961414776,-0.0374999999999993));
#2550=CARTESIAN_POINT('Ctrl Pts',(-5.9355987958572,0.832403529665907,-0.0374999999999993));
#2551=CARTESIAN_POINT('Ctrl Pts',(-5.80755989605624,0.895612606782836,-0.0374999999999993));
#2552=CARTESIAN_POINT('Ctrl Pts',(-7.07498292952902,1.33807614660134,-0.237499999999999));
#2553=CARTESIAN_POINT('Ctrl Pts',(-7.07498292952902,1.33807614660134,-0.0374999999999993));
#2554=CARTESIAN_POINT('Ctrl Pts',(-7.07498292952902,1.09496431153623,-0.237499999999999));
#2555=CARTESIAN_POINT('Ctrl Pts',(-7.07498292952902,1.09496431153623,-0.0374999999999993));
#2556=CARTESIAN_POINT('Ctrl Pts',(-6.69572846682745,0.765952961414776,-0.237499999999999));
#2557=CARTESIAN_POINT('Ctrl Pts',(-6.69572846682745,0.765952961414776,-0.0374999999999993));
#2558=CARTESIAN_POINT('Ctrl Pts',(-6.40237351918221,0.765952961414776,-0.237499999999999));
#2559=CARTESIAN_POINT('Ctrl Pts',(-6.40237351918221,0.765952961414776,-0.0374999999999993));
#2560=CARTESIAN_POINT('',(-7.07498292952902,1.33807614660134,-0.237499999999999));
#2561=CARTESIAN_POINT('Ctrl Pts',(-7.07498292952902,1.33807614660134,-0.237499999999999));
#2562=CARTESIAN_POINT('Ctrl Pts',(-7.07498292952902,1.09496431153623,-0.237499999999999));
#2563=CARTESIAN_POINT('Ctrl Pts',(-6.69572846682745,0.765952961414776,-0.237499999999999));
#2564=CARTESIAN_POINT('Ctrl Pts',(-6.40237351918221,0.765952961414776,-0.237499999999999));
#2565=CARTESIAN_POINT('',(-7.07498292952902,1.33807614660134,-0.0374999999999993));
#2566=CARTESIAN_POINT('',(-7.07498292952902,1.33807614660134,-0.237499999999999));
#2567=CARTESIAN_POINT('Ctrl Pts',(-7.07498292952902,1.33807614660134,-0.0374999999999993));
#2568=CARTESIAN_POINT('Ctrl Pts',(-7.07498292952902,1.09496431153623,-0.0374999999999993));
#2569=CARTESIAN_POINT('Ctrl Pts',(-6.69572846682745,0.765952961414776,-0.0374999999999993));
#2570=CARTESIAN_POINT('Ctrl Pts',(-6.40237351918221,0.765952961414776,-0.0374999999999993));
#2571=CARTESIAN_POINT('Ctrl Pts',(-6.94532328416096,1.69950240806481,-0.237499999999999));
#2572=CARTESIAN_POINT('Ctrl Pts',(-6.94532328416096,1.69950240806481,-0.0374999999999993));
#2573=CARTESIAN_POINT('Ctrl Pts',(-7.00691161571079,1.63305183981368,-0.237499999999999));
#2574=CARTESIAN_POINT('Ctrl Pts',(-7.00691161571079,1.63305183981368,-0.0374999999999993));
#2575=CARTESIAN_POINT('Ctrl Pts',(-7.07498292952902,1.45476982743259,-0.237499999999999));
#2576=CARTESIAN_POINT('Ctrl Pts',(-7.07498292952902,1.45476982743259,-0.0374999999999993));
#2577=CARTESIAN_POINT('Ctrl Pts',(-7.07498292952902,1.33807614660134,-0.237499999999999));
#2578=CARTESIAN_POINT('Ctrl Pts',(-7.07498292952902,1.33807614660134,-0.0374999999999993));
#2579=CARTESIAN_POINT('',(-6.94532328416096,1.69950240806481,-0.237499999999999));
#2580=CARTESIAN_POINT('Ctrl Pts',(-6.94532328416096,1.69950240806481,-0.237499999999999));
#2581=CARTESIAN_POINT('Ctrl Pts',(-7.00691161571079,1.63305183981368,-0.237499999999999));
#2582=CARTESIAN_POINT('Ctrl Pts',(-7.07498292952902,1.45476982743259,-0.237499999999999));
#2583=CARTESIAN_POINT('Ctrl Pts',(-7.07498292952902,1.33807614660134,-0.237499999999999));
#2584=CARTESIAN_POINT('',(-6.94532328416096,1.69950240806481,-0.0374999999999993));
#2585=CARTESIAN_POINT('',(-6.94532328416096,1.69950240806481,-0.237499999999999));
#2586=CARTESIAN_POINT('Ctrl Pts',(-6.94532328416096,1.69950240806481,-0.0374999999999993));
#2587=CARTESIAN_POINT('Ctrl Pts',(-7.00691161571079,1.63305183981368,-0.0374999999999993));
#2588=CARTESIAN_POINT('Ctrl Pts',(-7.07498292952902,1.45476982743259,-0.0374999999999993));
#2589=CARTESIAN_POINT('Ctrl Pts',(-7.07498292952902,1.33807614660134,-0.0374999999999993));
#2590=CARTESIAN_POINT('Ctrl Pts',(-6.61469118847241,1.87616367487879,-0.237499999999999));
#2591=CARTESIAN_POINT('Ctrl Pts',(-6.61469118847241,1.87616367487879,-0.0374999999999993));
#2592=CARTESIAN_POINT('Ctrl Pts',(-6.71841890476686,1.84861100023808,-0.237499999999999));
#2593=CARTESIAN_POINT('Ctrl Pts',(-6.71841890476686,1.84861100023808,-0.0374999999999993));
#2594=CARTESIAN_POINT('Ctrl Pts',(-6.88211420704403,1.76595297631594,-0.237499999999999));
#2595=CARTESIAN_POINT('Ctrl Pts',(-6.88211420704403,1.76595297631594,-0.0374999999999993));
#2596=CARTESIAN_POINT('Ctrl Pts',(-6.94532328416096,1.69950240806481,-0.237499999999999));
#2597=CARTESIAN_POINT('Ctrl Pts',(-6.94532328416096,1.69950240806481,-0.0374999999999993));
#2598=CARTESIAN_POINT('',(-6.61469118847241,1.87616367487879,-0.237499999999999));
#2599=CARTESIAN_POINT('Ctrl Pts',(-6.61469118847241,1.87616367487879,-0.237499999999999));
#2600=CARTESIAN_POINT('Ctrl Pts',(-6.71841890476686,1.84861100023808,-0.237499999999999));
#2601=CARTESIAN_POINT('Ctrl Pts',(-6.88211420704403,1.76595297631594,-0.237499999999999));
#2602=CARTESIAN_POINT('Ctrl Pts',(-6.94532328416096,1.69950240806481,-0.237499999999999));
#2603=CARTESIAN_POINT('',(-6.61469118847241,1.87616367487879,-0.0374999999999993));
#2604=CARTESIAN_POINT('',(-6.61469118847241,1.87616367487879,-0.237499999999999));
#2605=CARTESIAN_POINT('Ctrl Pts',(-6.61469118847241,1.87616367487879,-0.0374999999999993));
#2606=CARTESIAN_POINT('Ctrl Pts',(-6.71841890476686,1.84861100023808,-0.0374999999999993));
#2607=CARTESIAN_POINT('Ctrl Pts',(-6.88211420704403,1.76595297631594,-0.0374999999999993));
#2608=CARTESIAN_POINT('Ctrl Pts',(-6.94532328416096,1.69950240806481,-0.0374999999999993));
#2609=CARTESIAN_POINT('Ctrl Pts',(-6.25326492700894,1.96692542663643,-0.237499999999999));
#2610=CARTESIAN_POINT('Ctrl Pts',(-6.25326492700894,1.96692542663643,-0.0374999999999993));
#2611=CARTESIAN_POINT('Ctrl Pts',(-6.34564742433368,1.94099349756282,-0.237499999999999));
#2612=CARTESIAN_POINT('Ctrl Pts',(-6.34564742433368,1.94099349756282,-0.0374999999999993));
#2613=CARTESIAN_POINT('Ctrl Pts',(-6.49961825320826,1.9053370950866,-0.237499999999999));
#2614=CARTESIAN_POINT('Ctrl Pts',(-6.49961825320826,1.9053370950866,-0.0374999999999993));
#2615=CARTESIAN_POINT('Ctrl Pts',(-6.61469118847241,1.87616367487879,-0.237499999999999));
#2616=CARTESIAN_POINT('Ctrl Pts',(-6.61469118847241,1.87616367487879,-0.0374999999999993));
#2617=CARTESIAN_POINT('',(-6.25326492700894,1.96692542663643,-0.237499999999999));
#2618=CARTESIAN_POINT('Ctrl Pts',(-6.25326492700894,1.96692542663643,-0.237499999999999));
#2619=CARTESIAN_POINT('Ctrl Pts',(-6.34564742433368,1.94099349756282,-0.237499999999999));
#2620=CARTESIAN_POINT('Ctrl Pts',(-6.49961825320826,1.9053370950866,-0.237499999999999));
#2621=CARTESIAN_POINT('Ctrl Pts',(-6.61469118847241,1.87616367487879,-0.237499999999999));
#2622=CARTESIAN_POINT('',(-6.25326492700894,1.96692542663643,-0.0374999999999993));
#2623=CARTESIAN_POINT('',(-6.25326492700894,1.96692542663643,-0.237499999999999));
#2624=CARTESIAN_POINT('Ctrl Pts',(-6.25326492700894,1.96692542663643,-0.0374999999999993));
#2625=CARTESIAN_POINT('Ctrl Pts',(-6.34564742433368,1.94099349756282,-0.0374999999999993));
#2626=CARTESIAN_POINT('Ctrl Pts',(-6.49961825320826,1.9053370950866,-0.0374999999999993));
#2627=CARTESIAN_POINT('Ctrl Pts',(-6.61469118847241,1.87616367487879,-0.0374999999999993));
#2628=CARTESIAN_POINT('Ctrl Pts',(-6.00691160080963,2.27324633881847,-0.237499999999999));
#2629=CARTESIAN_POINT('Ctrl Pts',(-6.00691160080963,2.27324633881847,-0.0374999999999993));
#2630=CARTESIAN_POINT('Ctrl Pts',(-6.00691160080963,2.15331116685302,-0.237499999999999));
#2631=CARTESIAN_POINT('Ctrl Pts',(-6.00691160080963,2.15331116685302,-0.0374999999999993));
#2632=CARTESIAN_POINT('Ctrl Pts',(-6.12522602720798,2.00420257467975,-0.237499999999999));
#2633=CARTESIAN_POINT('Ctrl Pts',(-6.12522602720798,2.00420257467975,-0.0374999999999993));
#2634=CARTESIAN_POINT('Ctrl Pts',(-6.25326492700894,1.96692542663643,-0.237499999999999));
#2635=CARTESIAN_POINT('Ctrl Pts',(-6.25326492700894,1.96692542663643,-0.0374999999999993));
#2636=CARTESIAN_POINT('',(-6.00691160080963,2.27324633881847,-0.237499999999999));
#2637=CARTESIAN_POINT('Ctrl Pts',(-6.00691160080963,2.27324633881847,-0.237499999999999));
#2638=CARTESIAN_POINT('Ctrl Pts',(-6.00691160080963,2.15331116685302,-0.237499999999999));
#2639=CARTESIAN_POINT('Ctrl Pts',(-6.12522602720798,2.00420257467975,-0.237499999999999));
#2640=CARTESIAN_POINT('Ctrl Pts',(-6.25326492700894,1.96692542663643,-0.237499999999999));
#2641=CARTESIAN_POINT('',(-6.00691160080963,2.27324633881847,-0.0374999999999993));
#2642=CARTESIAN_POINT('',(-6.00691160080963,2.27324633881847,-0.237499999999999));
#2643=CARTESIAN_POINT('Ctrl Pts',(-6.00691160080963,2.27324633881847,-0.0374999999999993));
#2644=CARTESIAN_POINT('Ctrl Pts',(-6.00691160080963,2.15331116685302,-0.0374999999999993));
#2645=CARTESIAN_POINT('Ctrl Pts',(-6.12522602720798,2.00420257467975,-0.0374999999999993));
#2646=CARTESIAN_POINT('Ctrl Pts',(-6.25326492700894,1.96692542663643,-0.0374999999999993));
#2647=CARTESIAN_POINT('Ctrl Pts',(-6.45261663176234,2.60711992564123,-0.237499999999999));
#2648=CARTESIAN_POINT('Ctrl Pts',(-6.45261663176234,2.60711992564123,-0.0374999999999993));
#2649=CARTESIAN_POINT('Ctrl Pts',(-6.23219523463663,2.60711992564123,-0.237499999999999));
#2650=CARTESIAN_POINT('Ctrl Pts',(-6.23219523463663,2.60711992564123,-0.0374999999999993));
#2651=CARTESIAN_POINT('Ctrl Pts',(-6.00691160080963,2.42397567655884,-0.237499999999999));
#2652=CARTESIAN_POINT('Ctrl Pts',(-6.00691160080963,2.42397567655884,-0.0374999999999993));
#2653=CARTESIAN_POINT('Ctrl Pts',(-6.00691160080963,2.27324633881847,-0.237499999999999));
#2654=CARTESIAN_POINT('Ctrl Pts',(-6.00691160080963,2.27324633881847,-0.0374999999999993));
#2655=CARTESIAN_POINT('',(-6.45261663176234,2.60711992564123,-0.237499999999999));
#2656=CARTESIAN_POINT('Ctrl Pts',(-6.45261663176234,2.60711992564123,-0.237499999999999));
#2657=CARTESIAN_POINT('Ctrl Pts',(-6.23219523463663,2.60711992564123,-0.237499999999999));
#2658=CARTESIAN_POINT('Ctrl Pts',(-6.00691160080963,2.42397567655884,-0.237499999999999));
#2659=CARTESIAN_POINT('Ctrl Pts',(-6.00691160080963,2.27324633881847,-0.237499999999999));
#2660=CARTESIAN_POINT('',(-6.45261663176234,2.60711992564123,-0.0374999999999993));
#2661=CARTESIAN_POINT('',(-6.45261663176234,2.60711992564123,-0.237499999999999));
#2662=CARTESIAN_POINT('Ctrl Pts',(-6.45261663176234,2.60711992564123,-0.0374999999999993));
#2663=CARTESIAN_POINT('Ctrl Pts',(-6.23219523463663,2.60711992564123,-0.0374999999999993));
#2664=CARTESIAN_POINT('Ctrl Pts',(-6.00691160080963,2.42397567655884,-0.0374999999999993));
#2665=CARTESIAN_POINT('Ctrl Pts',(-6.00691160080963,2.27324633881847,-0.0374999999999993));
#2666=CARTESIAN_POINT('Ctrl Pts',(-7.07012069282772,2.34780063490511,-0.237499999999999));
#2667=CARTESIAN_POINT('Ctrl Pts',(-7.07012069282772,2.34780063490511,-0.0374999999999993));
#2668=CARTESIAN_POINT('Ctrl Pts',(-6.93884030189256,2.47097729800476,-0.237499999999999));
#2669=CARTESIAN_POINT('Ctrl Pts',(-6.93884030189256,2.47097729800476,-0.0374999999999993));
#2670=CARTESIAN_POINT('Ctrl Pts',(-6.60658746063691,2.60711992564123,-0.237499999999999));
#2671=CARTESIAN_POINT('Ctrl Pts',(-6.60658746063691,2.60711992564123,-0.0374999999999993));
#2672=CARTESIAN_POINT('Ctrl Pts',(-6.45261663176234,2.60711992564123,-0.237499999999999));
#2673=CARTESIAN_POINT('Ctrl Pts',(-6.45261663176234,2.60711992564123,-0.0374999999999993));
#2674=CARTESIAN_POINT('',(-7.07012069282772,2.34780063490511,-0.237499999999999));
#2675=CARTESIAN_POINT('Ctrl Pts',(-7.07012069282772,2.34780063490511,-0.237499999999999));
#2676=CARTESIAN_POINT('Ctrl Pts',(-6.93884030189256,2.47097729800476,-0.237499999999999));
#2677=CARTESIAN_POINT('Ctrl Pts',(-6.60658746063691,2.60711992564123,-0.237499999999999));
#2678=CARTESIAN_POINT('Ctrl Pts',(-6.45261663176234,2.60711992564123,-0.237499999999999));
#2679=CARTESIAN_POINT('',(-7.07012069282772,2.34780063490511,-0.0374999999999993));
#2680=CARTESIAN_POINT('',(-7.07012069282772,2.34780063490511,-0.237499999999999));
#2681=CARTESIAN_POINT('Ctrl Pts',(-7.07012069282772,2.34780063490511,-0.0374999999999993));
#2682=CARTESIAN_POINT('Ctrl Pts',(-6.93884030189256,2.47097729800476,-0.0374999999999993));
#2683=CARTESIAN_POINT('Ctrl Pts',(-6.60658746063691,2.60711992564123,-0.0374999999999993));
#2684=CARTESIAN_POINT('Ctrl Pts',(-6.45261663176234,2.60711992564123,-0.0374999999999993));
#2685=CARTESIAN_POINT('Origin',(-7.08956963963293,2.34780063490511,-0.237499999999999));
#2686=CARTESIAN_POINT('',(-7.08956963963293,2.34780063490511,-0.237499999999999));
#2687=CARTESIAN_POINT('',(-3.54478481981646,2.34780063490511,-0.2375));
#2688=CARTESIAN_POINT('',(-7.08956963963293,2.34780063490511,-0.0374999999999993));
#2689=CARTESIAN_POINT('',(-7.08956963963293,2.34780063490511,-0.237499999999999));
#2690=CARTESIAN_POINT('',(-7.08956963963293,2.34780063490511,-0.0374999999999993));
#2691=CARTESIAN_POINT('Origin',(-7.08956963963293,2.68167422172786,-0.237499999999999));
#2692=CARTESIAN_POINT('',(-7.08956963963293,2.68167422172786,-0.237499999999999));
#2693=CARTESIAN_POINT('',(-7.08956963963293,1.34083711086393,-0.2375));
#2694=CARTESIAN_POINT('',(-7.08956963963293,2.68167422172786,-0.0374999999999993));
#2695=CARTESIAN_POINT('',(-7.08956963963293,2.68167422172786,-0.237499999999999));
#2696=CARTESIAN_POINT('',(-7.08956963963293,2.68167422172786,-0.0374999999999993));
#2697=CARTESIAN_POINT('Ctrl Pts',(-6.43316768495713,2.83726579616953,-0.237499999999999));
#2698=CARTESIAN_POINT('Ctrl Pts',(-6.43316768495713,2.83726579616953,-0.0374999999999993));
#2699=CARTESIAN_POINT('Ctrl Pts',(-6.65034759094863,2.83726579616953,-0.237499999999999));
#2700=CARTESIAN_POINT('Ctrl Pts',(-6.65034759094863,2.83726579616953,-0.0374999999999993));
#2701=CARTESIAN_POINT('Ctrl Pts',(-6.95504775756357,2.74650404441189,-0.237499999999999));
#2702=CARTESIAN_POINT('Ctrl Pts',(-6.95504775756357,2.74650404441189,-0.0374999999999993));
#2703=CARTESIAN_POINT('Ctrl Pts',(-7.08956963963293,2.68167422172786,-0.237499999999999));
#2704=CARTESIAN_POINT('Ctrl Pts',(-7.08956963963293,2.68167422172786,-0.0374999999999993));
#2705=CARTESIAN_POINT('Ctrl Pts',(-6.43316768495713,2.83726579616953,-0.237499999999999));
#2706=CARTESIAN_POINT('Ctrl Pts',(-6.65034759094863,2.83726579616953,-0.237499999999999));
#2707=CARTESIAN_POINT('Ctrl Pts',(-6.95504775756357,2.74650404441189,-0.237499999999999));
#2708=CARTESIAN_POINT('Ctrl Pts',(-7.08956963963293,2.68167422172786,-0.237499999999999));
#2709=CARTESIAN_POINT('Ctrl Pts',(-6.43316768495713,2.83726579616953,-0.0374999999999993));
#2710=CARTESIAN_POINT('Ctrl Pts',(-6.65034759094863,2.83726579616953,-0.0374999999999993));
#2711=CARTESIAN_POINT('Ctrl Pts',(-6.95504775756357,2.74650404441189,-0.0374999999999993));
#2712=CARTESIAN_POINT('Ctrl Pts',(-7.08956963963293,2.68167422172786,-0.0374999999999993));
#2713=CARTESIAN_POINT('Origin',(-6.42007819867889,1.81505431890337,-0.0374999999999993));
#2714=CARTESIAN_POINT('Origin',(-1.06363762115235,1.80485086992636,-0.237499999999999));
#2715=CARTESIAN_POINT('',(-1.06363762115235,1.80485086992636,-0.237499999999999));
#2716=CARTESIAN_POINT('',(-1.06363762115235,2.04796270499147,-0.237499999999999));
#2717=CARTESIAN_POINT('',(-1.06363762115235,0.902425434963178,-0.2375));
#2718=CARTESIAN_POINT('',(-1.06363762115235,1.80485086992636,-0.0374999999999993));
#2719=CARTESIAN_POINT('',(-1.06363762115235,1.80485086992636,-0.237499999999999));
#2720=CARTESIAN_POINT('',(-1.06363762115235,2.04796270499147,-0.0374999999999993));
#2721=CARTESIAN_POINT('',(-1.06363762115235,1.80485086992636,-0.0374999999999993));
#2722=CARTESIAN_POINT('',(-1.06363762115235,2.04796270499147,-0.237499999999999));
#2723=CARTESIAN_POINT('Origin',(-1.8205258009884,1.80485086992636,-0.237499999999999));
#2724=CARTESIAN_POINT('',(-1.8205258009884,1.80485086992636,-0.237499999999999));
#2725=CARTESIAN_POINT('',(-0.910262900494199,1.80485086992636,-0.2375));
#2726=CARTESIAN_POINT('',(-1.8205258009884,1.80485086992636,-0.0374999999999993));
#2727=CARTESIAN_POINT('',(-1.8205258009884,1.80485086992636,-0.237499999999999));
#2728=CARTESIAN_POINT('',(-1.8205258009884,1.80485086992636,-0.0374999999999993));
#2729=CARTESIAN_POINT('Origin',(-1.8205258009884,2.04796270499147,-0.237499999999999));
#2730=CARTESIAN_POINT('',(-1.8205258009884,2.04796270499147,-0.237499999999999));
#2731=CARTESIAN_POINT('',(-1.8205258009884,1.02398135249573,-0.2375));
#2732=CARTESIAN_POINT('',(-1.8205258009884,2.04796270499147,-0.0374999999999993));
#2733=CARTESIAN_POINT('',(-1.8205258009884,2.04796270499147,-0.237499999999999));
#2734=CARTESIAN_POINT('',(-1.8205258009884,2.04796270499147,-0.0374999999999993));
#2735=CARTESIAN_POINT('Origin',(-1.06363762115235,2.04796270499147,-0.237499999999999));
#2736=CARTESIAN_POINT('',(-0.531818810576175,2.04796270499147,-0.2375));
#2737=CARTESIAN_POINT('',(-1.06363762115235,2.04796270499147,-0.0374999999999993));
#2738=CARTESIAN_POINT('Origin',(-1.44208171107037,1.92640678745891,-0.0374999999999993));
#2739=CARTESIAN_POINT('Origin',(-3.11746887349546,3.15628295361973,-0.237499999999999));
#2740=CARTESIAN_POINT('',(-4.76002402214972,3.15628295361973,-0.237499999999999));
#2741=CARTESIAN_POINT('',(-3.11746887349546,3.15628295361973,-0.237499999999999));
#2742=CARTESIAN_POINT('',(-1.55873443674773,3.15628295361973,-0.2375));
#2743=CARTESIAN_POINT('',(-4.76002402214972,3.15628295361973,-0.437499999999999));
#2744=CARTESIAN_POINT('',(-4.76002402214972,3.15628295361973,-0.237499999999999));
#2745=CARTESIAN_POINT('',(-3.11746887349546,3.15628295361973,-0.437499999999999));
#2746=CARTESIAN_POINT('',(-4.76002402214972,3.15628295361973,-0.437499999999999));
#2747=CARTESIAN_POINT('',(-3.11746887349546,3.15628295361973,-0.237499999999999));
#2748=CARTESIAN_POINT('Origin',(-3.11746887349546,4.2366801606823,-0.237499999999999));
#2749=CARTESIAN_POINT('',(-3.11746887349546,4.2366801606823,-0.237499999999999));
#2750=CARTESIAN_POINT('',(-3.11746887349546,2.11834008034115,-0.2375));
#2751=CARTESIAN_POINT('',(-3.11746887349546,4.2366801606823,-0.437499999999999));
#2752=CARTESIAN_POINT('',(-3.11746887349546,3.15628295361973,-0.437499999999999));
#2753=CARTESIAN_POINT('',(-3.11746887349546,4.2366801606823,-0.237499999999999));
#2754=CARTESIAN_POINT('Origin',(-4.76002402214972,4.2366801606823,-0.237499999999999));
#2755=CARTESIAN_POINT('',(-4.76002402214972,4.2366801606823,-0.237499999999999));
#2756=CARTESIAN_POINT('',(-2.38001201107486,4.2366801606823,-0.2375));
#2757=CARTESIAN_POINT('',(-4.76002402214972,4.2366801606823,-0.437499999999999));
#2758=CARTESIAN_POINT('',(-3.11746887349546,4.2366801606823,-0.437499999999999));
#2759=CARTESIAN_POINT('',(-4.76002402214972,4.2366801606823,-0.237499999999999));
#2760=CARTESIAN_POINT('Origin',(-4.76002402214972,3.15628295361973,-0.237499999999999));
#2761=CARTESIAN_POINT('',(-4.76002402214972,1.57814147680986,-0.2375));
#2762=CARTESIAN_POINT('',(-4.76002402214972,4.2366801606823,-0.437499999999999));
#2763=CARTESIAN_POINT('Origin',(-3.93874644782259,3.69648155715102,-0.437499999999999));
#2764=CARTESIAN_POINT('Origin',(-5.55055858567316,3.15628295361973,-0.237499999999999));
#2765=CARTESIAN_POINT('',(-7.19311373432742,3.15628295361973,-0.237499999999999));
#2766=CARTESIAN_POINT('',(-5.55055858567316,3.15628295361973,-0.237499999999999));
#2767=CARTESIAN_POINT('',(-2.77527929283658,3.15628295361973,-0.2375));
#2768=CARTESIAN_POINT('',(-7.19311373432742,3.15628295361973,-0.437499999999999));
#2769=CARTESIAN_POINT('',(-7.19311373432742,3.15628295361973,-0.237499999999999));
#2770=CARTESIAN_POINT('',(-5.55055858567316,3.15628295361973,-0.437499999999999));
#2771=CARTESIAN_POINT('',(-7.19311373432742,3.15628295361973,-0.437499999999999));
#2772=CARTESIAN_POINT('',(-5.55055858567316,3.15628295361973,-0.237499999999999));
#2773=CARTESIAN_POINT('Origin',(-5.55055858567316,4.2366801606823,-0.237499999999999));
#2774=CARTESIAN_POINT('',(-5.55055858567316,4.2366801606823,-0.237499999999999));
#2775=CARTESIAN_POINT('',(-5.55055858567316,2.11834008034115,-0.2375));
#2776=CARTESIAN_POINT('',(-5.55055858567316,4.2366801606823,-0.437499999999999));
#2777=CARTESIAN_POINT('',(-5.55055858567316,3.15628295361973,-0.437499999999999));
#2778=CARTESIAN_POINT('',(-5.55055858567316,4.2366801606823,-0.237499999999999));
#2779=CARTESIAN_POINT('Origin',(-7.19311373432742,4.2366801606823,-0.237499999999999));
#2780=CARTESIAN_POINT('',(-7.19311373432742,4.2366801606823,-0.237499999999999));
#2781=CARTESIAN_POINT('',(-3.59655686716371,4.2366801606823,-0.2375));
#2782=CARTESIAN_POINT('',(-7.19311373432742,4.2366801606823,-0.437499999999999));
#2783=CARTESIAN_POINT('',(-5.55055858567316,4.2366801606823,-0.437499999999999));
#2784=CARTESIAN_POINT('',(-7.19311373432742,4.2366801606823,-0.237499999999999));
#2785=CARTESIAN_POINT('Origin',(-7.19311373432742,3.15628295361973,-0.237499999999999));
#2786=CARTESIAN_POINT('',(-7.19311373432742,1.57814147680986,-0.2375));
#2787=CARTESIAN_POINT('',(-7.19311373432742,4.2366801606823,-0.437499999999999));
#2788=CARTESIAN_POINT('Origin',(-6.37183616000029,3.69648155715102,-0.437499999999999));
#2789=CARTESIAN_POINT('Origin',(-0.605325704965426,3.15628295361973,-0.237499999999999));
#2790=CARTESIAN_POINT('',(-2.24788085361968,3.15628295361973,-0.237499999999999));
#2791=CARTESIAN_POINT('',(-0.605325704965426,3.15628295361973,-0.237499999999999));
#2792=CARTESIAN_POINT('',(-0.302662852482713,3.15628295361973,-0.2375));
#2793=CARTESIAN_POINT('',(-2.24788085361968,3.15628295361973,-0.437499999999999));
#2794=CARTESIAN_POINT('',(-2.24788085361968,3.15628295361973,-0.237499999999999));
#2795=CARTESIAN_POINT('',(-0.605325704965426,3.15628295361973,-0.437499999999999));
#2796=CARTESIAN_POINT('',(-2.24788085361968,3.15628295361973,-0.437499999999999));
#2797=CARTESIAN_POINT('',(-0.605325704965426,3.15628295361973,-0.237499999999999));
#2798=CARTESIAN_POINT('Origin',(-0.605325704965426,4.2366801606823,-0.237499999999999));
#2799=CARTESIAN_POINT('',(-0.605325704965426,4.2366801606823,-0.237499999999999));
#2800=CARTESIAN_POINT('',(-0.605325704965426,2.11834008034115,-0.2375));
#2801=CARTESIAN_POINT('',(-0.605325704965426,4.2366801606823,-0.437499999999999));
#2802=CARTESIAN_POINT('',(-0.605325704965426,3.15628295361973,-0.437499999999999));
#2803=CARTESIAN_POINT('',(-0.605325704965426,4.2366801606823,-0.237499999999999));
#2804=CARTESIAN_POINT('Origin',(-2.24788085361968,4.2366801606823,-0.237499999999999));
#2805=CARTESIAN_POINT('',(-2.24788085361968,4.2366801606823,-0.237499999999999));
#2806=CARTESIAN_POINT('',(-1.12394042680984,4.2366801606823,-0.2375));
#2807=CARTESIAN_POINT('',(-2.24788085361968,4.2366801606823,-0.437499999999999));
#2808=CARTESIAN_POINT('',(-0.605325704965426,4.2366801606823,-0.437499999999999));
#2809=CARTESIAN_POINT('',(-2.24788085361968,4.2366801606823,-0.237499999999999));
#2810=CARTESIAN_POINT('Origin',(-2.24788085361968,3.15628295361973,-0.237499999999999));
#2811=CARTESIAN_POINT('',(-2.24788085361968,1.57814147680986,-0.2375));
#2812=CARTESIAN_POINT('',(-2.24788085361968,4.2366801606823,-0.437499999999999));
#2813=CARTESIAN_POINT('Origin',(-1.42660327929255,3.69648155715102,-0.437499999999999));
#2814=CARTESIAN_POINT('Origin',(-4.80676309466449,-1.03729687988383,10.794));
#2815=CARTESIAN_POINT('',(-4.80676309466449,0.55739519728231,6.794));
#2816=CARTESIAN_POINT('Origin',(-4.80676309466449,-1.03729687988383,6.794));
#2817=CARTESIAN_POINT('',(-4.80676309466449,1.26270312011617,10.794));
#2818=CARTESIAN_POINT('Origin',(-4.80676309466449,-1.03729687988383,10.794));
#2819=CARTESIAN_POINT('Origin',(-4.80676309466449,-1.03729687988383,6.794));
#2820=CARTESIAN_POINT('Origin',(3.5799675801539,-1.03432889374585,10.794));
#2821=CARTESIAN_POINT('',(3.5799675801539,0.610363183420291,6.79400000000001));
#2822=CARTESIAN_POINT('Origin',(3.5799675801539,-1.03432889374585,6.794));
#2823=CARTESIAN_POINT('',(3.5799675801539,1.31567110625415,10.794));
#2824=CARTESIAN_POINT('Origin',(3.5799675801539,-1.03432889374585,10.794));
#2825=CARTESIAN_POINT('Origin',(3.5799675801539,-1.03432889374585,6.79400000000001));
#2826=CARTESIAN_POINT('Origin',(-8.31854975005669,5.28212108510966,5.));
#2827=CARTESIAN_POINT('',(-7.10725512478394,5.28212108511974,3.4667730590702));
#2828=CARTESIAN_POINT('',(-7.1072551248109,5.28212108510966,-0.2375));
#2829=CARTESIAN_POINT('',(-7.1072551248109,5.28212108510966,0.));
#2830=CARTESIAN_POINT('',(-1.70519008422638,5.28212108510966,3.46677305911682));
#2831=CARTESIAN_POINT('',(-2.17196314334321,5.28212108510966,3.46677305911682));
#2832=CARTESIAN_POINT('',(-1.70519008422638,5.28212108510966,-0.2375));
#2833=CARTESIAN_POINT('',(-1.70519008422638,5.28212108510966,0.));
#2834=CARTESIAN_POINT('',(8.31854975005669,5.28212108510966,-0.2375));
#2835=CARTESIAN_POINT('Origin',(0.,0.,10.794));
#2836=CARTESIAN_POINT('',(-7.41276309466449,-1.03729687988383,10.794));
#2837=CARTESIAN_POINT('Origin',(-4.80676309466449,-1.03729687988383,10.794));
#2838=CARTESIAN_POINT('Origin',(0.,0.,10.794));
#2839=CARTESIAN_POINT('',(7.09024022573364,3.82846950060615,10.794));
#2840=CARTESIAN_POINT('',(7.09026244789518,-4.17153049936297,10.794));
#2841=CARTESIAN_POINT('',(7.09025665409128,-2.08575540213773,10.794));
#2842=CARTESIAN_POINT('',(0.340240225759686,3.82845075065734,10.794));
#2843=CARTESIAN_POINT('',(3.42011479559042,3.82845930584112,10.794));
#2844=CARTESIAN_POINT('',(0.340262447921233,-4.17154924931178,10.794));
#2845=CARTESIAN_POINT('',(0.340245543036564,1.91422584789802,10.794));
#2846=CARTESIAN_POINT('',(0.170137017764513,-4.17154972188113,10.794));
#2847=CARTESIAN_POINT('Origin',(0.,0.,-0.2375));
#2848=CARTESIAN_POINT('',(-8.16601529474442,4.88894270151118,-0.2375));
#2849=CARTESIAN_POINT('Origin',(-8.30456090631916,6.88413820910269,-0.2375));
#2850=CARTESIAN_POINT('',(-0.911822486574793,5.11803171882704,-0.2375));
#2851=CARTESIAN_POINT('Origin',(-0.911822486574793,7.11803171882704,-0.2375));
#2852=CARTESIAN_POINT('',(7.16601529474442,5.11803171882704,-0.2375));
#2853=CARTESIAN_POINT('',(4.18300764737221,5.11803171882704,-0.2375));
#2854=CARTESIAN_POINT('',(8.16601529474442,4.11803171882704,-0.2375));
#2855=CARTESIAN_POINT('Origin',(7.16601529474442,4.11803171882704,-0.2375));
#2856=CARTESIAN_POINT('',(8.16601529474442,-4.11803171882704,-0.2375));
#2857=CARTESIAN_POINT('',(8.16601529474442,-2.55901585941352,-0.2375));
#2858=CARTESIAN_POINT('',(7.16601529474442,-5.11803171882704,-0.2375));
#2859=CARTESIAN_POINT('Origin',(7.16601529474442,-4.11803171882704,-0.2375));
#2860=CARTESIAN_POINT('',(-7.16601529474442,-5.11803171882704,-0.2375));
#2861=CARTESIAN_POINT('',(-4.18300764737221,-5.11803171882704,-0.2375));
#2862=CARTESIAN_POINT('',(-8.16601529474442,-4.11803171882704,-0.2375));
#2863=CARTESIAN_POINT('Origin',(-7.16601529474442,-4.11803171882704,-0.2375));
#2864=CARTESIAN_POINT('',(-8.16601529474442,2.55901585941352,-0.2375));
#2865=CARTESIAN_POINT('Origin',(0.340240225759686,3.82845075065734,5.));
#2866=CARTESIAN_POINT('',(0.340240225759687,3.82845075065734,11.5));
#2867=CARTESIAN_POINT('',(0.340240225759686,3.82845075065734,5.));
#2868=CARTESIAN_POINT('',(0.340262447921234,-4.17154924931178,11.5));
#2869=CARTESIAN_POINT('',(0.340240225759686,3.82845075065734,11.5));
#2870=CARTESIAN_POINT('',(0.340262447921233,-4.17154924931178,5.));
#2871=CARTESIAN_POINT('Origin',(6.8402402257346,3.8284688061636,5.));
#2872=CARTESIAN_POINT('',(7.09024022573364,3.82846950060615,11.5));
#2873=CARTESIAN_POINT('',(7.09024022573364,3.82846950060615,5.));
#2874=CARTESIAN_POINT('',(6.8402402257346,3.8284688061636,11.5));
#2875=CARTESIAN_POINT('Origin',(-8.16601529474442,5.11803171882704,0.));
#2876=CARTESIAN_POINT('',(-8.16601529474442,-4.11803171882704,-0.75));
#2877=CARTESIAN_POINT('',(-8.16601529474442,-4.11803171882704,0.));
#2878=CARTESIAN_POINT('',(-8.16601529474442,4.88894270151118,-0.75));
#2879=CARTESIAN_POINT('',(-8.16601529474442,2.55901585941352,-0.75));
#2880=CARTESIAN_POINT('',(-8.16601529474442,4.88894270151118,0.));
#2881=CARTESIAN_POINT('Origin',(-7.16601529474442,-4.11803171882704,0.));
#2882=CARTESIAN_POINT('',(-7.16601529474442,-5.11803171882704,-0.75));
#2883=CARTESIAN_POINT('',(-7.16601529474442,-5.11803171882704,0.));
#2884=CARTESIAN_POINT('Origin',(-7.16601529474442,-4.11803171882704,-0.75));
#2885=CARTESIAN_POINT('Origin',(-8.36601529474442,-5.11803171882704,0.));
#2886=CARTESIAN_POINT('',(7.16601529474442,-5.11803171882704,-0.75));
#2887=CARTESIAN_POINT('',(7.16601529474442,-5.11803171882704,0.));
#2888=CARTESIAN_POINT('',(-4.18300764737221,-5.11803171882704,-0.75));
#2889=CARTESIAN_POINT('Origin',(7.16601529474442,-4.11803171882704,0.));
#2890=CARTESIAN_POINT('',(8.16601529474442,-4.11803171882704,-0.75));
#2891=CARTESIAN_POINT('',(8.16601529474442,-4.11803171882704,0.));
#2892=CARTESIAN_POINT('Origin',(7.16601529474442,-4.11803171882704,-0.75));
#2893=CARTESIAN_POINT('Origin',(8.16601529474442,-5.11803171882704,0.));
#2894=CARTESIAN_POINT('',(8.16601529474442,4.11803171882704,-0.75));
#2895=CARTESIAN_POINT('',(8.16601529474442,4.11803171882704,0.));
#2896=CARTESIAN_POINT('',(8.16601529474442,-2.55901585941352,-0.75));
#2897=CARTESIAN_POINT('Origin',(7.16601529474442,4.11803171882704,0.));
#2898=CARTESIAN_POINT('',(7.16601529474442,5.11803171882704,-0.75));
#2899=CARTESIAN_POINT('',(7.16601529474442,5.11803171882704,0.));
#2900=CARTESIAN_POINT('Origin',(7.16601529474442,4.11803171882704,-0.75));
#2901=CARTESIAN_POINT('Origin',(7.85,-4.75,0.));
#2902=CARTESIAN_POINT('',(7.85,-5.75,-0.75));
#2903=CARTESIAN_POINT('',(8.85,-4.75,-0.75));
#2904=CARTESIAN_POINT('Origin',(7.85,-4.75,-0.75));
#2905=CARTESIAN_POINT('',(8.85,-4.75,11.3));
#2906=CARTESIAN_POINT('',(8.85,-4.75,0.));
#2907=CARTESIAN_POINT('',(7.85,-5.75,11.3));
#2908=CARTESIAN_POINT('Origin',(7.85,-4.75,11.3));
#2909=CARTESIAN_POINT('',(7.85,-5.75,0.));
#2910=CARTESIAN_POINT('Ctrl Pts',(8.85,-4.75,11.3));
#2911=CARTESIAN_POINT('Ctrl Pts',(8.85,-4.75,11.4510722250501));
#2912=CARTESIAN_POINT('Ctrl Pts',(8.78871129414863,-4.73978521569126,11.754089535653));
#2913=CARTESIAN_POINT('Ctrl Pts',(8.57062103692989,-4.70343683948795,12.1003287438433));
#2914=CARTESIAN_POINT('Ctrl Pts',(8.19785058576544,-4.64130843096056,12.4117383484436));
#2915=CARTESIAN_POINT('Ctrl Pts',(7.87549656623305,-4.58758276103731,12.4977768450807));
#2916=CARTESIAN_POINT('Ctrl Pts',(7.6579834061013,-4.55133056768368,12.4999805118023));
#2917=CARTESIAN_POINT('Ctrl Pts',(7.65399094005237,-4.5506651566756,12.5));
#2918=CARTESIAN_POINT('Ctrl Pts',(7.64999999999999,-4.55,12.5));
#2919=CARTESIAN_POINT('Ctrl Pts',(8.85,-5.04919930034189,11.3));
#2920=CARTESIAN_POINT('Ctrl Pts',(8.85,-5.04919930034189,11.4893050183727));
#2921=CARTESIAN_POINT('Ctrl Pts',(8.75341694352966,-5.00120015882462,11.861249004678));
#2922=CARTESIAN_POINT('Ctrl Pts',(8.48268363643385,-4.88008638708886,12.1959690795415));
#2923=CARTESIAN_POINT('Ctrl Pts',(8.10986316440768,-4.72757356836513,12.4448809269363));
#2924=CARTESIAN_POINT('Ctrl Pts',(7.83921576431791,-4.62314801949139,12.4982668112759));
#2925=CARTESIAN_POINT('Ctrl Pts',(7.65672221115182,-4.55260058889132,12.499989380416));
#2926=CARTESIAN_POINT('Ctrl Pts',(7.65335745750419,-4.55129863922359,12.5));
#2927=CARTESIAN_POINT('Ctrl Pts',(7.64999999999999,-4.55,12.5));
#2928=CARTESIAN_POINT('Ctrl Pts',(8.59893151251471,-5.56727275203198,11.3));
#2929=CARTESIAN_POINT('Ctrl Pts',(8.59893151251471,-5.56727275203198,11.5221518585251));
#2930=CARTESIAN_POINT('Ctrl Pts',(8.49489003735363,-5.45646989358704,11.9520899015685));
#2931=CARTESIAN_POINT('Ctrl Pts',(8.24781309525604,-5.19135673414964,12.2720362959884));
#2932=CARTESIAN_POINT('Ctrl Pts',(7.95895529362225,-4.88065212869832,12.4692091467925));
#2933=CARTESIAN_POINT('Ctrl Pts',(7.77693747150405,-4.68583096681895,12.498618180004));
#2934=CARTESIAN_POINT('Ctrl Pts',(7.65450027861956,-4.55481775690032,12.4999962271132));
#2935=CARTESIAN_POINT('Ctrl Pts',(7.65224886304486,-4.55240723368259,12.5));
#2936=CARTESIAN_POINT('Ctrl Pts',(7.64999999999999,-4.55,12.5));
#2937=CARTESIAN_POINT('Ctrl Pts',(8.07439947525641,-5.75,11.3));
#2938=CARTESIAN_POINT('Ctrl Pts',(8.07439947525641,-5.75,11.4793671961125));
#2939=CARTESIAN_POINT('Ctrl Pts',(8.03614838751645,-5.66256802209976,11.8335137865248));
#2940=CARTESIAN_POINT('Ctrl Pts',(7.93680131479658,-5.40563513141243,12.1716698443999));
#2941=CARTESIAN_POINT('Ctrl Pts',(7.80669202511493,-5.03261879007154,12.4366487209967));
#2942=CARTESIAN_POINT('Ctrl Pts',(7.7144060689897,-4.74845121820667,12.4981466817514));
#2943=CARTESIAN_POINT('Ctrl Pts',(7.65228127668929,-4.55703551079585,12.4999871347034));
#2944=CARTESIAN_POINT('Ctrl Pts',(7.65114026858554,-4.55351582814158,12.5));
#2945=CARTESIAN_POINT('Ctrl Pts',(7.64999999999999,-4.55,12.5));
#2946=CARTESIAN_POINT('Ctrl Pts',(7.85,-5.75,11.3));
#2947=CARTESIAN_POINT('Ctrl Pts',(7.85,-5.75,11.4510722250501));
#2948=CARTESIAN_POINT('Ctrl Pts',(7.83978521569142,-5.68871129414757,11.754089535653));
#2949=CARTESIAN_POINT('Ctrl Pts',(7.80343683948827,-5.47062103692769,12.1003287438433));
#2950=CARTESIAN_POINT('Ctrl Pts',(7.74130843096086,-5.09785058576334,12.4117383484436));
#2951=CARTESIAN_POINT('Ctrl Pts',(7.68758276103867,-4.77549656622377,12.4977768450806));
#2952=CARTESIAN_POINT('Ctrl Pts',(7.65133056768355,-4.55798340610208,12.4999805118023));
#2953=CARTESIAN_POINT('Ctrl Pts',(7.6506651566744,-4.55399094005258,12.5));
#2954=CARTESIAN_POINT('Ctrl Pts',(7.64999999999999,-4.55,12.5));
#2955=CARTESIAN_POINT('',(7.65,-4.55,12.5));
#2956=CARTESIAN_POINT('Ctrl Pts',(8.85,-4.75,11.3));
#2957=CARTESIAN_POINT('Ctrl Pts',(8.85,-4.75,11.4510722250501));
#2958=CARTESIAN_POINT('Ctrl Pts',(8.78871129414863,-4.73978521569126,11.754089535653));
#2959=CARTESIAN_POINT('Ctrl Pts',(8.57062103692989,-4.70343683948795,12.1003287438433));
#2960=CARTESIAN_POINT('Ctrl Pts',(8.19785058576544,-4.64130843096056,12.4117383484436));
#2961=CARTESIAN_POINT('Ctrl Pts',(7.87549656623305,-4.58758276103731,12.4977768450807));
#2962=CARTESIAN_POINT('Ctrl Pts',(7.6579834061013,-4.55133056768368,12.4999805118023));
#2963=CARTESIAN_POINT('Ctrl Pts',(7.65399094005237,-4.5506651566756,12.5));
#2964=CARTESIAN_POINT('Ctrl Pts',(7.64999999999999,-4.55,12.5));
#2965=CARTESIAN_POINT('Ctrl Pts',(7.64999999999999,-4.55,12.5));
#2966=CARTESIAN_POINT('Ctrl Pts',(7.6506651566744,-4.55399094005258,12.5));
#2967=CARTESIAN_POINT('Ctrl Pts',(7.65133056768355,-4.55798340610208,12.4999805118023));
#2968=CARTESIAN_POINT('Ctrl Pts',(7.68758276103867,-4.77549656622377,12.4977768450806));
#2969=CARTESIAN_POINT('Ctrl Pts',(7.74130843096086,-5.09785058576334,12.4117383484436));
#2970=CARTESIAN_POINT('Ctrl Pts',(7.80343683948827,-5.47062103692769,12.1003287438433));
#2971=CARTESIAN_POINT('Ctrl Pts',(7.83978521569142,-5.68871129414757,11.754089535653));
#2972=CARTESIAN_POINT('Ctrl Pts',(7.85,-5.75,11.4510722250501));
#2973=CARTESIAN_POINT('Ctrl Pts',(7.85,-5.75,11.3));
#2974=CARTESIAN_POINT('Origin',(7.65,-2.99999965277873,11.3));
#2975=CARTESIAN_POINT('',(8.85,4.75,11.3));
#2976=CARTESIAN_POINT('',(8.85,-2.99999965277873,11.3));
#2977=CARTESIAN_POINT('',(7.65,4.55,12.5));
#2978=CARTESIAN_POINT('Ctrl Pts',(7.65,4.55,12.5));
#2979=CARTESIAN_POINT('Ctrl Pts',(7.65398272473968,4.55066378745683,12.5));
#2980=CARTESIAN_POINT('Ctrl Pts',(7.6579669737746,4.55132782896249,12.4999805925463));
#2981=CARTESIAN_POINT('Ctrl Pts',(7.87547521305622,4.58757920217589,12.497781459711));
#2982=CARTESIAN_POINT('Ctrl Pts',(8.19783820703484,4.64130636783912,12.4117449510751));
#2983=CARTESIAN_POINT('Ctrl Pts',(8.57061415768137,4.70343569294686,12.1003369116691));
#2984=CARTESIAN_POINT('Ctrl Pts',(8.78870909742476,4.73978484957078,11.7540968562015));
#2985=CARTESIAN_POINT('Ctrl Pts',(8.85,4.75,11.4510746183784));
#2986=CARTESIAN_POINT('Ctrl Pts',(8.85,4.75,11.3));
#2987=CARTESIAN_POINT('',(7.65,-2.99999965277873,12.5));
#2988=CARTESIAN_POINT('Origin',(8.85,-6.,0.));
#2989=CARTESIAN_POINT('',(8.85,4.75,-0.75));
#2990=CARTESIAN_POINT('',(8.85,6.,-0.75));
#2991=CARTESIAN_POINT('',(8.85,4.75,0.));
#2992=CARTESIAN_POINT('Origin',(0.,0.,-0.75));
#2993=CARTESIAN_POINT('',(-7.85,-5.75,-0.75));
#2994=CARTESIAN_POINT('',(9.35,-5.75,-0.75));
#2995=CARTESIAN_POINT('',(-8.85,-4.75,-0.75));
#2996=CARTESIAN_POINT('Origin',(-7.85,-4.75,-0.75));
#2997=CARTESIAN_POINT('',(-8.85,4.75,-0.75));
#2998=CARTESIAN_POINT('',(-8.85,-6.,-0.75));
#2999=CARTESIAN_POINT('',(-7.85,5.75,-0.75));
#3000=CARTESIAN_POINT('Origin',(-7.85,4.75,-0.75));
#3001=CARTESIAN_POINT('',(7.85,5.75,-0.75));
#3002=CARTESIAN_POINT('',(-9.35,5.75,-0.75));
#3003=CARTESIAN_POINT('Origin',(7.85,4.75,-0.75));
#3004=CARTESIAN_POINT('',(-0.911822486574793,5.11803171882704,-0.75));
#3005=CARTESIAN_POINT('',(4.18300764737221,5.11803171882704,-0.75));
#3006=CARTESIAN_POINT('',(-1.77722204761554,5.31495556964463,-0.75));
#3007=CARTESIAN_POINT('Origin',(-0.911822486574793,7.11803171882704,-0.75));
#3008=CARTESIAN_POINT('',(-7.06453435659395,5.31495556964463,-0.75));
#3009=CARTESIAN_POINT('',(-1.0859815716716,5.31495556964463,-0.75));
#3010=CARTESIAN_POINT('Origin',(-8.30456090631916,6.88413820910269,-0.75));
#3011=CARTESIAN_POINT('Origin',(7.85,4.75,0.));
#3012=CARTESIAN_POINT('',(7.85,5.75,11.3));
#3013=CARTESIAN_POINT('',(7.85,5.75,0.));
#3014=CARTESIAN_POINT('Origin',(7.85,4.75,11.3));
#3015=CARTESIAN_POINT('Ctrl Pts',(7.85,5.75,11.3));
#3016=CARTESIAN_POINT('Ctrl Pts',(7.85,5.75,11.4510746183784));
#3017=CARTESIAN_POINT('Ctrl Pts',(7.83978484957079,5.68870909742454,11.7540968562015));
#3018=CARTESIAN_POINT('Ctrl Pts',(7.80343569294689,5.4706141576809,12.1003369116691));
#3019=CARTESIAN_POINT('Ctrl Pts',(7.74130636783914,5.09783820703439,12.4117449510751));
#3020=CARTESIAN_POINT('Ctrl Pts',(7.68757920217603,4.77547521305421,12.4977814597109));
#3021=CARTESIAN_POINT('Ctrl Pts',(7.65132782896243,4.55796697377476,12.4999805925463));
#3022=CARTESIAN_POINT('Ctrl Pts',(7.65066378745658,4.55398272473972,12.5));
#3023=CARTESIAN_POINT('Ctrl Pts',(7.65,4.55,12.5));
#3024=CARTESIAN_POINT('Ctrl Pts',(8.14919930034188,5.75,11.3));
#3025=CARTESIAN_POINT('Ctrl Pts',(8.14919930034188,5.75,11.4893080173956));
#3026=CARTESIAN_POINT('Ctrl Pts',(8.1011984528479,5.65341347142324,11.8612574701996));
#3027=CARTESIAN_POINT('Ctrl Pts',(7.98008303183988,5.3826758197953,12.1959760986389));
#3028=CARTESIAN_POINT('Ctrl Pts',(7.82756914122368,5.00985191712233,12.4448854126013));
#3029=CARTESIAN_POINT('Ctrl Pts',(7.7231410615568,4.73919778110901,12.4982699263862));
#3030=CARTESIAN_POINT('Ctrl Pts',(7.65259523643223,4.55670837554169,12.4999894306848));
#3031=CARTESIAN_POINT('Ctrl Pts',(7.65129596598669,4.55335054620965,12.5));
#3032=CARTESIAN_POINT('Ctrl Pts',(7.65,4.55,12.5));
#3033=CARTESIAN_POINT('Ctrl Pts',(8.6672727520313,5.49893151251415,11.3));
#3034=CARTESIAN_POINT('Ctrl Pts',(8.6672727520313,5.49893151251415,11.5221553779169));
#3035=CARTESIAN_POINT('Ctrl Pts',(8.55646597410977,5.39488636565586,11.9520992592958));
#3036=CARTESIAN_POINT('Ctrl Pts',(8.29134958088222,5.14780644489768,12.2720422352868));
#3037=CARTESIAN_POINT('Ctrl Pts',(7.98064354483781,4.85894730946391,12.4692119991397));
#3038=CARTESIAN_POINT('Ctrl Pts',(7.78581804710245,4.67692540185763,12.4986201687375));
#3039=CARTESIAN_POINT('Ctrl Pts',(7.65480784077141,4.55449101586935,12.4999962541754));
#3040=CARTESIAN_POINT('Ctrl Pts',(7.65240227841439,4.55224423378202,12.5));
#3041=CARTESIAN_POINT('Ctrl Pts',(7.65,4.55,12.5));
#3042=CARTESIAN_POINT('Ctrl Pts',(8.85,4.97439947525641,11.3));
#3043=CARTESIAN_POINT('Ctrl Pts',(8.85,4.97439947525641,11.4793700376977));
#3044=CARTESIAN_POINT('Ctrl Pts',(8.76256488895493,4.93614703480211,11.8335219629113));
#3045=CARTESIAN_POINT('Ctrl Pts',(8.50562756015367,4.83679852151292,12.1716771705922));
#3046=CARTESIAN_POINT('Ctrl Pts',(8.13260725542005,4.70668818489555,12.4366537400563));
#3047=CARTESIAN_POINT('Ctrl Pts',(7.84843238760861,4.61439995638496,12.4981501718777));
#3048=CARTESIAN_POINT('Ctrl Pts',(7.65702102986555,4.55227658115371,12.4999871926436));
#3049=CARTESIAN_POINT('Ctrl Pts',(7.65350859084209,4.55113792135439,12.5));
#3050=CARTESIAN_POINT('Ctrl Pts',(7.65,4.55,12.5));
#3051=CARTESIAN_POINT('Ctrl Pts',(8.85,4.75,11.3));
#3052=CARTESIAN_POINT('Ctrl Pts',(8.85,4.75,11.4510746183784));
#3053=CARTESIAN_POINT('Ctrl Pts',(8.78870909742476,4.73978484957078,11.7540968562015));
#3054=CARTESIAN_POINT('Ctrl Pts',(8.57061415768137,4.70343569294686,12.1003369116691));
#3055=CARTESIAN_POINT('Ctrl Pts',(8.19783820703484,4.64130636783912,12.4117449510751));
#3056=CARTESIAN_POINT('Ctrl Pts',(7.87547521305622,4.58757920217589,12.497781459711));
#3057=CARTESIAN_POINT('Ctrl Pts',(7.6579669737746,4.55132782896249,12.4999805925463));
#3058=CARTESIAN_POINT('Ctrl Pts',(7.65398272473968,4.55066378745683,12.5));
#3059=CARTESIAN_POINT('Ctrl Pts',(7.65,4.55,12.5));
#3060=CARTESIAN_POINT('Ctrl Pts',(7.85,5.75,11.3));
#3061=CARTESIAN_POINT('Ctrl Pts',(7.85,5.75,11.4510746183784));
#3062=CARTESIAN_POINT('Ctrl Pts',(7.83978484957079,5.68870909742454,11.7540968562015));
#3063=CARTESIAN_POINT('Ctrl Pts',(7.80343569294689,5.4706141576809,12.1003369116691));
#3064=CARTESIAN_POINT('Ctrl Pts',(7.74130636783914,5.09783820703439,12.4117449510751));
#3065=CARTESIAN_POINT('Ctrl Pts',(7.68757920217603,4.77547521305421,12.4977814597109));
#3066=CARTESIAN_POINT('Ctrl Pts',(7.65132782896243,4.55796697377476,12.4999805925463));
#3067=CARTESIAN_POINT('Ctrl Pts',(7.65066378745658,4.55398272473972,12.5));
#3068=CARTESIAN_POINT('Ctrl Pts',(7.65,4.55,12.5));
#3069=CARTESIAN_POINT('Origin',(4.79999999999952,4.55,11.3));
#3070=CARTESIAN_POINT('',(-7.85,5.75,11.3));
#3071=CARTESIAN_POINT('',(4.79999999999952,5.75,11.3));
#3072=CARTESIAN_POINT('',(-7.65,4.55,12.5));
#3073=CARTESIAN_POINT('Ctrl Pts',(-7.64999999999999,4.55,12.5));
#3074=CARTESIAN_POINT('Ctrl Pts',(-7.65066530407253,4.55399182443705,12.5));
#3075=CARTESIAN_POINT('Ctrl Pts',(-7.6513308625086,4.55798517505187,12.4999805031007));
#3076=CARTESIAN_POINT('Ctrl Pts',(-7.68758314415567,4.7754988649364,12.4977763482445));
#3077=CARTESIAN_POINT('Ctrl Pts',(-7.74130865319691,5.09785191918214,12.4117376370832));
#3078=CARTESIAN_POINT('Ctrl Pts',(-7.80343696294035,5.47062177764268,12.100327864208));
#3079=CARTESIAN_POINT('Ctrl Pts',(-7.83978525508179,5.68871153049103,11.7540887477024));
#3080=CARTESIAN_POINT('Ctrl Pts',(-7.85,5.75,11.4510719674014));
#3081=CARTESIAN_POINT('Ctrl Pts',(-7.85,5.75,11.3));
#3082=CARTESIAN_POINT('',(4.79999999999952,4.55,12.5));
#3083=CARTESIAN_POINT('Origin',(9.35,5.75,0.));
#3084=CARTESIAN_POINT('',(-7.85,5.75,0.));
#3085=CARTESIAN_POINT('Origin',(-7.85,4.75,0.));
#3086=CARTESIAN_POINT('',(-8.85,4.75,11.3));
#3087=CARTESIAN_POINT('',(-8.85,4.75,0.));
#3088=CARTESIAN_POINT('Origin',(-7.85,4.75,11.3));
#3089=CARTESIAN_POINT('Ctrl Pts',(-8.85,4.75,11.3));
#3090=CARTESIAN_POINT('Ctrl Pts',(-8.85,4.75,11.4510719674014));
#3091=CARTESIAN_POINT('Ctrl Pts',(-8.7887115304907,4.73978525508184,11.7540887477024));
#3092=CARTESIAN_POINT('Ctrl Pts',(-8.57062177764204,4.70343696294044,12.100327864208));
#3093=CARTESIAN_POINT('Ctrl Pts',(-8.19785191918144,4.64130865319702,12.4117376370832));
#3094=CARTESIAN_POINT('Ctrl Pts',(-7.8754988649338,4.58758314415605,12.4977763482445));
#3095=CARTESIAN_POINT('Ctrl Pts',(-7.65798517505169,4.55133086250865,12.4999805031007));
#3096=CARTESIAN_POINT('Ctrl Pts',(-7.65399182443699,4.55066530407289,12.5));
#3097=CARTESIAN_POINT('Ctrl Pts',(-7.64999999999999,4.55,12.5));
#3098=CARTESIAN_POINT('Ctrl Pts',(-8.85,5.04919930034189,11.3));
#3099=CARTESIAN_POINT('Ctrl Pts',(-8.85,5.04919930034189,11.4893046955192));
#3100=CARTESIAN_POINT('Ctrl Pts',(-8.75341731715449,5.00120034241163,11.8612480934317));
#3101=CARTESIAN_POINT('Ctrl Pts',(-8.48268447812406,4.88008674838892,12.1959683235619));
#3102=CARTESIAN_POINT('Ctrl Pts',(-8.10986437599029,4.72757404527609,12.4448804435934));
#3103=CARTESIAN_POINT('Ctrl Pts',(-7.83921770025067,4.62314876853518,12.498266475872));
#3104=CARTESIAN_POINT('Ctrl Pts',(-7.65672370056371,4.55260116508654,12.4999893749981));
#3105=CARTESIAN_POINT('Ctrl Pts',(-7.65335820151042,4.5512989269994,12.5));
#3106=CARTESIAN_POINT('Ctrl Pts',(-7.64999999999999,4.55,12.5));
#3107=CARTESIAN_POINT('Ctrl Pts',(-8.59893151251478,5.56727275203205,11.3));
#3108=CARTESIAN_POINT('Ctrl Pts',(-8.59893151251478,5.56727275203205,11.5221514796525));
#3109=CARTESIAN_POINT('Ctrl Pts',(-8.49489043249129,5.45647031538973,11.9520888942411));
#3110=CARTESIAN_POINT('Ctrl Pts',(-8.24781381139144,5.19135750444143,12.272035656251));
#3111=CARTESIAN_POINT('Ctrl Pts',(-7.95895615372561,4.88065305340702,12.4692088393782));
#3112=CARTESIAN_POINT('Ctrl Pts',(-7.77693877083869,4.68583235767423,12.4986179658621));
#3113=CARTESIAN_POINT('Ctrl Pts',(-7.65450127576027,4.5548188243772,12.4999962241958));
#3114=CARTESIAN_POINT('Ctrl Pts',(-7.65224936138893,4.55240776712079,12.5));
#3115=CARTESIAN_POINT('Ctrl Pts',(-7.64999999999999,4.55,12.5));
#3116=CARTESIAN_POINT('Ctrl Pts',(-8.07439947525641,5.75,11.3));
#3117=CARTESIAN_POINT('Ctrl Pts',(-8.07439947525641,5.75,11.4793668902078));
#3118=CARTESIAN_POINT('Ctrl Pts',(-8.03614853308427,5.6625683592399,11.8335129064142));
#3119=CARTESIAN_POINT('Ctrl Pts',(-7.93680161557942,5.40563594667236,12.1716690553623));
#3120=CARTESIAN_POINT('Ctrl Pts',(-7.80669243879574,5.03262003259985,12.4366481802018));
#3121=CARTESIAN_POINT('Ctrl Pts',(-7.7144067270265,4.74845324537,12.4981463059748));
#3122=CARTESIAN_POINT('Ctrl Pts',(-7.65228178216662,4.55703706967639,12.499987128459));
#3123=CARTESIAN_POINT('Ctrl Pts',(-7.65114052126745,4.55351660724217,12.5));
#3124=CARTESIAN_POINT('Ctrl Pts',(-7.64999999999999,4.55,12.5));
#3125=CARTESIAN_POINT('Ctrl Pts',(-7.85,5.75,11.3));
#3126=CARTESIAN_POINT('Ctrl Pts',(-7.85,5.75,11.4510719674014));
#3127=CARTESIAN_POINT('Ctrl Pts',(-7.83978525508179,5.68871153049103,11.7540887477024));
#3128=CARTESIAN_POINT('Ctrl Pts',(-7.80343696294035,5.47062177764268,12.100327864208));
#3129=CARTESIAN_POINT('Ctrl Pts',(-7.74130865319691,5.09785191918214,12.4117376370832));
#3130=CARTESIAN_POINT('Ctrl Pts',(-7.68758314415567,4.7754988649364,12.4977763482445));
#3131=CARTESIAN_POINT('Ctrl Pts',(-7.6513308625086,4.55798517505187,12.4999805031007));
#3132=CARTESIAN_POINT('Ctrl Pts',(-7.65066530407253,4.55399182443705,12.5));
#3133=CARTESIAN_POINT('Ctrl Pts',(-7.64999999999999,4.55,12.5));
#3134=CARTESIAN_POINT('Ctrl Pts',(-8.85,4.75,11.3));
#3135=CARTESIAN_POINT('Ctrl Pts',(-8.85,4.75,11.4510719674014));
#3136=CARTESIAN_POINT('Ctrl Pts',(-8.7887115304907,4.73978525508184,11.7540887477024));
#3137=CARTESIAN_POINT('Ctrl Pts',(-8.57062177764204,4.70343696294044,12.100327864208));
#3138=CARTESIAN_POINT('Ctrl Pts',(-8.19785191918144,4.64130865319702,12.4117376370832));
#3139=CARTESIAN_POINT('Ctrl Pts',(-7.8754988649338,4.58758314415605,12.4977763482445));
#3140=CARTESIAN_POINT('Ctrl Pts',(-7.65798517505169,4.55133086250865,12.4999805031007));
#3141=CARTESIAN_POINT('Ctrl Pts',(-7.65399182443699,4.55066530407289,12.5));
#3142=CARTESIAN_POINT('Ctrl Pts',(-7.64999999999999,4.55,12.5));
#3143=CARTESIAN_POINT('Origin',(-7.65,3.00000034722127,11.3));
#3144=CARTESIAN_POINT('',(-8.85,-4.75,11.3));
#3145=CARTESIAN_POINT('',(-8.85,3.00000034722127,11.3));
#3146=CARTESIAN_POINT('',(-7.67820231485182,-4.55470038580857,12.4996217976751));
#3147=CARTESIAN_POINT('Ctrl Pts',(-7.67820231485182,-4.55470038580857,12.4996217976751));
#3148=CARTESIAN_POINT('Ctrl Pts',(-7.99218652510526,-4.60703108751602,12.491514149922));
#3149=CARTESIAN_POINT('Ctrl Pts',(-8.42618179014071,-4.67936363169024,12.3233661585641));
#3150=CARTESIAN_POINT('Ctrl Pts',(-8.79014494080026,-4.74002415679967,11.7547787214528));
#3151=CARTESIAN_POINT('Ctrl Pts',(-8.85,-4.75,11.4510719684718));
#3152=CARTESIAN_POINT('Ctrl Pts',(-8.85,-4.75,11.3));
#3153=CARTESIAN_POINT('',(-7.65,-4.55,12.5));
#3154=CARTESIAN_POINT('Ctrl Pts',(-7.65,-4.55,12.5));
#3155=CARTESIAN_POINT('Ctrl Pts',(-7.65399182076289,-4.55066530346051,12.5));
#3156=CARTESIAN_POINT('Ctrl Pts',(-7.65799620439453,-4.55133270073245,12.4999882001287));
#3157=CARTESIAN_POINT('Ctrl Pts',(-7.66737741517503,-4.55289623586249,12.4998664711216));
#3158=CARTESIAN_POINT('Ctrl Pts',(-7.67278836133272,-4.55379806022208,12.4997615958772));
#3159=CARTESIAN_POINT('Ctrl Pts',(-7.67820231485182,-4.55470038580857,12.4996217976751));
#3160=CARTESIAN_POINT('',(-7.65,3.00000034722127,12.5));
#3161=CARTESIAN_POINT('Origin',(-8.85,6.,0.));
#3162=CARTESIAN_POINT('',(-8.85,-4.75,0.));
#3163=CARTESIAN_POINT('Origin',(-7.85,-4.75,0.));
#3164=CARTESIAN_POINT('',(-7.85,-5.75,11.3));
#3165=CARTESIAN_POINT('',(-7.85,-5.75,0.));
#3166=CARTESIAN_POINT('Origin',(-7.85,-4.75,11.3));
#3167=CARTESIAN_POINT('Ctrl Pts',(-7.65,-4.55,12.5));
#3168=CARTESIAN_POINT('Ctrl Pts',(-7.65399182178602,-4.55066530253756,12.5));
#3169=CARTESIAN_POINT('Ctrl Pts',(-7.65799620628266,-4.55133269874715,12.4999881994305));
#3170=CARTESIAN_POINT('Ctrl Pts',(-7.98098606842808,-4.60516425082879,12.4957971484288));
#3171=CARTESIAN_POINT('Ctrl Pts',(-8.42244232778334,-4.67874017042343,12.3292081496871));
#3172=CARTESIAN_POINT('Ctrl Pts',(-8.79014783292921,-4.7400242291038,11.7547741200929));
#3173=CARTESIAN_POINT('Ctrl Pts',(-8.85000230887202,-4.74999992567472,11.4510601858075));
#3174=CARTESIAN_POINT('Ctrl Pts',(-8.84999999986629,-4.74999954191756,11.2999825033957));
#3175=CARTESIAN_POINT('Ctrl Pts',(-7.65,-4.55,12.5));
#3176=CARTESIAN_POINT('Ctrl Pts',(-7.65332352879924,-4.55126815990694,12.5));
#3177=CARTESIAN_POINT('Ctrl Pts',(-7.65676290435717,-4.55262947608695,12.5004442771851));
#3178=CARTESIAN_POINT('Ctrl Pts',(-7.92769156444893,-4.65762118008914,12.4897997331368));
#3179=CARTESIAN_POINT('Ctrl Pts',(-8.30363706346932,-4.80103417663302,12.4103990693274));
#3180=CARTESIAN_POINT('Ctrl Pts',(-8.75548917752886,-5.00187021207869,11.8632915058033));
#3181=CARTESIAN_POINT('Ctrl Pts',(-8.85119665067622,-5.05010189947072,11.4888757212136));
#3182=CARTESIAN_POINT('Ctrl Pts',(-8.850000008062,-5.04919889372376,11.2999781234086));
#3183=CARTESIAN_POINT('Ctrl Pts',(-7.65,-4.55,12.5));
#3184=CARTESIAN_POINT('Ctrl Pts',(-7.65225481643981,-4.55243382642393,12.5));
#3185=CARTESIAN_POINT('Ctrl Pts',(-7.65449946000352,-4.55479913091768,12.500444687698));
#3186=CARTESIAN_POINT('Ctrl Pts',(-7.83677244408977,-4.74987638568919,12.4881332603698));
#3187=CARTESIAN_POINT('Ctrl Pts',(-8.08405734505286,-5.01574506231831,12.4718043151054));
#3188=CARTESIAN_POINT('Ctrl Pts',(-8.4950567771885,-5.45679503922076,11.9584916077777));
#3189=CARTESIAN_POINT('Ctrl Pts',(-8.60022321430013,-5.56866182778178,11.5228011928579));
#3190=CARTESIAN_POINT('Ctrl Pts',(-8.59893151330596,-5.56727277367967,11.2999741939933));
#3191=CARTESIAN_POINT('Ctrl Pts',(-7.65,-4.55,12.5));
#3192=CARTESIAN_POINT('Ctrl Pts',(-7.65111744564175,-4.5534906019391,12.5));
#3193=CARTESIAN_POINT('Ctrl Pts',(-7.65230528191759,-4.55707122970171,12.5003302578545));
#3194=CARTESIAN_POINT('Ctrl Pts',(-7.74450695439537,-4.84101518342106,12.4912990857818));
#3195=CARTESIAN_POINT('Ctrl Pts',(-7.87046069123099,-5.23333836493452,12.390101349701));
#3196=CARTESIAN_POINT('Ctrl Pts',(-8.03640874805197,-5.66415383513024,11.8361621712064));
#3197=CARTESIAN_POINT('Ctrl Pts',(-8.07507644143199,-5.75089806218655,11.4794218413753));
#3198=CARTESIAN_POINT('Ctrl Pts',(-8.07439909098271,-5.75000000276211,11.2999792184049));
#3199=CARTESIAN_POINT('Ctrl Pts',(-7.65,-4.55,12.5));
#3200=CARTESIAN_POINT('Ctrl Pts',(-7.65066530253739,-4.55399182178604,12.5));
#3201=CARTESIAN_POINT('Ctrl Pts',(-7.6513326987471,-4.55799620628284,12.4999881994305));
#3202=CARTESIAN_POINT('Ctrl Pts',(-7.70516425083007,-4.88098606841864,12.4957971484288));
#3203=CARTESIAN_POINT('Ctrl Pts',(-7.77874017042331,-5.32244232778407,12.3292081496871));
#3204=CARTESIAN_POINT('Ctrl Pts',(-7.8400242291041,-5.69014783292693,11.7547741200929));
#3205=CARTESIAN_POINT('Ctrl Pts',(-7.84999992567472,-5.75000230887202,11.4510601858075));
#3206=CARTESIAN_POINT('Ctrl Pts',(-7.84999954191756,-5.74999999986629,11.2999825033957));
#3207=CARTESIAN_POINT('',(-7.6547003858091,-4.57820231485439,12.499621797675));
#3208=CARTESIAN_POINT('Ctrl Pts',(-7.85,-5.75,11.3));
#3209=CARTESIAN_POINT('Ctrl Pts',(-7.85,-5.75,11.4510719684718));
#3210=CARTESIAN_POINT('Ctrl Pts',(-7.84002415679997,-5.69014494079798,11.7547787214528));
#3211=CARTESIAN_POINT('Ctrl Pts',(-7.77936363169025,-5.3261817901421,12.3233661585631));
#3212=CARTESIAN_POINT('Ctrl Pts',(-7.7070310875176,-4.89218652509813,12.4915141499212));
#3213=CARTESIAN_POINT('Ctrl Pts',(-7.65470038580911,-4.57820231485439,12.499621797675));
#3214=CARTESIAN_POINT('Ctrl Pts',(-7.65470038580911,-4.57820231485439,12.499621797675));
#3215=CARTESIAN_POINT('Ctrl Pts',(-7.65379806022243,-4.57278836133445,12.4997615958772));
#3216=CARTESIAN_POINT('Ctrl Pts',(-7.65289623586265,-4.56737741517593,12.4998664711216));
#3217=CARTESIAN_POINT('Ctrl Pts',(-7.65133270073241,-4.55799620439471,12.4999882001287));
#3218=CARTESIAN_POINT('Ctrl Pts',(-7.65066530346034,-4.55399182076292,12.5));
#3219=CARTESIAN_POINT('Ctrl Pts',(-7.65,-4.55,12.5));
#3220=CARTESIAN_POINT('Origin',(-9.35,-5.75,0.));
#3221=CARTESIAN_POINT('',(-4.55000000000048,-5.75,11.3));
#3222=CARTESIAN_POINT('Origin',(-4.55000000000048,-4.55,11.3));
#3223=CARTESIAN_POINT('',(-4.55000000000048,-4.55,12.5));
#3224=CARTESIAN_POINT('Origin',(0.249999999999035,6.94442548257457E-7,12.5));
#3225=CARTESIAN_POINT('',(5.9299675801539,-1.03432889374585,12.5));
#3226=CARTESIAN_POINT('Origin',(3.5799675801539,-1.03432889374585,12.5));
#3227=CARTESIAN_POINT('',(-2.50676309466449,-1.03729687988383,12.5));
#3228=CARTESIAN_POINT('Origin',(-4.80676309466449,-1.03729687988383,12.5));
#3229=CARTESIAN_POINT('Origin',(8.36601529474442,5.11803171882704,0.));
#3230=CARTESIAN_POINT('',(-0.911822486574793,5.11803171882704,0.));
#3231=CARTESIAN_POINT('Origin',(-8.30456090631916,6.88413820910269,0.));
#3232=CARTESIAN_POINT('',(-7.06453435659395,5.31495556964463,3.39474109572767));
#3233=CARTESIAN_POINT('',(-7.06453435659395,5.31495556964463,0.));
#3234=CARTESIAN_POINT('Origin',(-6.6739445369579,6.03114286611881,3.54034256717936));
#3235=CARTESIAN_POINT('Origin',(7.09026244789518,-4.17153049936297,5.));
#3236=CARTESIAN_POINT('',(7.09026244789518,-4.17153049936297,11.5));
#3237=CARTESIAN_POINT('',(7.09026244789518,-4.17153049936297,5.));
#3238=CARTESIAN_POINT('',(7.09026244789518,-4.17153049936297,11.5));
#3239=CARTESIAN_POINT('Origin',(0.340262447921233,-4.17154924931178,5.));
#3240=CARTESIAN_POINT('',(0.340262447921233,-4.17154924931178,11.5));
#3241=CARTESIAN_POINT('Origin',(3.5799675801539,-1.03432889374585,11.625));
#3242=CARTESIAN_POINT('',(5.9299675801539,-1.03432889374585,11.75));
#3243=CARTESIAN_POINT('Origin',(3.5799675801539,-1.03432889374585,11.75));
#3244=CARTESIAN_POINT('',(6.1799675801539,-1.03432889374585,11.5));
#3245=CARTESIAN_POINT('Origin',(3.5799675801539,-1.03432889374585,11.5));
#3246=CARTESIAN_POINT('Origin',(3.5799675801539,-1.03432889374585,13.));
#3247=CARTESIAN_POINT('Origin',(3.59025133682792,-0.171540221574089,11.5));
#3248=CARTESIAN_POINT('Origin',(-4.80676309466449,-1.03729687988383,10.75));
#3249=CARTESIAN_POINT('',(-7.20676309466449,-1.03729687988383,11.));
#3250=CARTESIAN_POINT('Origin',(-4.80676309466449,-1.03729687988383,11.));
#3251=CARTESIAN_POINT('Origin',(-4.80676309466449,-1.03729687988383,11.));
#3252=CARTESIAN_POINT('',(-7.10676309466449,-1.03729687988383,11.));
#3253=CARTESIAN_POINT('Origin',(-4.80676309466449,-1.03729687988383,11.));
#3254=CARTESIAN_POINT('Origin',(-0.911822486574793,7.11803171882704,0.));
#3255=CARTESIAN_POINT('',(-1.77722204761554,5.31495556964463,3.39474109572767));
#3256=CARTESIAN_POINT('Origin',(-0.911822486574793,7.11803171882704,4.26014065676841));
#3257=CARTESIAN_POINT('',(-1.77722204761554,5.31495556964463,0.));
#3258=CARTESIAN_POINT('Origin',(-2.17196314334321,7.11803171882704,4.26014065676841));
#3259=CARTESIAN_POINT('',(-2.17196314334321,5.31495556964463,3.39474109572767));
#3260=CARTESIAN_POINT('Origin',(-2.17196314334321,5.31495556964463,0.));
#3261=CARTESIAN_POINT('Origin',(-4.80676309466449,-1.03729687988383,13.));
#3262=UNCERTAINTY_MEASURE_WITH_UNIT(LENGTH_MEASURE(0.01),#3266,
'DISTANCE_ACCURACY_VALUE',
'Maximum model space distance between geometric entities at asserted c
onnectivities');
#3263=UNCERTAINTY_MEASURE_WITH_UNIT(LENGTH_MEASURE(1.E-6),#3266,
'DISTANCE_ACCURACY_VALUE',
'Maximum model space distance between geometric entities at asserted c
onnectivities');
#3264=(
GEOMETRIC_REPRESENTATION_CONTEXT(3)
GLOBAL_UNCERTAINTY_ASSIGNED_CONTEXT((#3262))
GLOBAL_UNIT_ASSIGNED_CONTEXT((#3266,#3269,#3267))
REPRESENTATION_CONTEXT('','3D')
);
#3265=(
GEOMETRIC_REPRESENTATION_CONTEXT(3)
GLOBAL_UNCERTAINTY_ASSIGNED_CONTEXT((#3263))
GLOBAL_UNIT_ASSIGNED_CONTEXT((#3266,#3269,#3267))
REPRESENTATION_CONTEXT('','3D')
);
#3266=(
LENGTH_UNIT()
NAMED_UNIT(*)
SI_UNIT(.MILLI.,.METRE.)
);
#3267=(
NAMED_UNIT(*)
SI_UNIT($,.STERADIAN.)
SOLID_ANGLE_UNIT()
);
#3268=DIMENSIONAL_EXPONENTS(0.,0.,0.,0.,0.,0.,0.);
#3269=(
CONVERSION_BASED_UNIT('degree',#3271)
NAMED_UNIT(#3268)
PLANE_ANGLE_UNIT()
);
#3270=(
NAMED_UNIT(*)
PLANE_ANGLE_UNIT()
SI_UNIT($,.RADIAN.)
);
#3271=PLANE_ANGLE_MEASURE_WITH_UNIT(PLANE_ANGLE_MEASURE(0.01745329252),
#3270);
#3272=SHAPE_DEFINITION_REPRESENTATION(#3273,#3274);
#3273=PRODUCT_DEFINITION_SHAPE('',$,#3276);
#3274=SHAPE_REPRESENTATION('',(#1804),#3264);
#3275=PRODUCT_DEFINITION_CONTEXT('part definition',#3280,'design');
#3276=PRODUCT_DEFINITION('js4f','js4f',#3277,#3275);
#3277=PRODUCT_DEFINITION_FORMATION('',$,#3282);
#3278=PRODUCT_RELATED_PRODUCT_CATEGORY('js4f','js4f',(#3282));
#3279=APPLICATION_PROTOCOL_DEFINITION('international standard',
'automotive_design',2009,#3280);
#3280=APPLICATION_CONTEXT(
'Core Data for Automotive Mechanical Design Process');
#3281=PRODUCT_CONTEXT('part definition',#3280,'mechanical');
#3282=PRODUCT('js4f','js4f',$,(#3281));
#3283=PRESENTATION_STYLE_ASSIGNMENT((#3285));
#3284=PRESENTATION_STYLE_ASSIGNMENT((#3286));
#3285=SURFACE_STYLE_USAGE(.BOTH.,#3287);
#3286=SURFACE_STYLE_USAGE(.BOTH.,#3288);
#3287=SURFACE_SIDE_STYLE('',(#3289));
#3288=SURFACE_SIDE_STYLE('',(#3290));
#3289=SURFACE_STYLE_FILL_AREA(#3291);
#3290=SURFACE_STYLE_FILL_AREA(#3292);
#3291=FILL_AREA_STYLE('',(#3293));
#3292=FILL_AREA_STYLE('',(#3294));
#3293=FILL_AREA_STYLE_COLOUR('',#3295);
#3294=FILL_AREA_STYLE_COLOUR('',#3296);
#3295=COLOUR_RGB('',0.749019607843137,0.749019607843137,0.749019607843137);
#3296=COLOUR_RGB('',0.,0.,0.);
ENDSEC;
END-ISO-10303-21;
